shape,voxel_spacing,axcodes,min_value,max_value,median_value,affine,orientation,is_hwd,image_id,patient,modality,timepoint,image_path,preprocessed_image_path,dataset
"(192, 192, 144)","(1.1979166269302368, 1.1979166269302368, 1.2000000476837158)",PIL,0.0,1088.0,13.0,"[[0.019780652597546577, 0.014018431305885315, -1.199754238128662, 76.88343811035156], [-1.1954082250595093, 0.07514986395835876, -0.018896525725722313, 127.28866577148438], [-0.07491371780633926, -1.1954748630523682, -0.01525668241083622, 103.13343811035156], [0.0, 0.0, 0.0, 1.0]]","[[1.0, -1.0], [2.0, -1.0], [0.0, -1.0]]",False,sub-0001_ses-01_T1w,sub-0001,t1w,,/Volumes/BACH2TB/Datasets/BGSP/orig_bids/sub-0001/ses-01/anat/sub-0001_ses-01_T1w.nii.gz,,BGSP
"(192, 192, 144)","(1.1979166269302368, 1.1979166269302368, 1.2000000476837158)",PIL,0.0,712.0,23.0,"[[0.09193296730518341, 0.06123173609375954, -1.1948877573013306, 80.4393539428711], [-1.1924786567687988, -0.06283825635910034, -0.09529833495616913, 144.6817626953125], [0.06743328273296356, -1.1946992874145508, -0.0562286302447319, 107.01915740966797], [0.0, 0.0, 0.0, 1.0]]","[[1.0, -1.0], [2.0, -1.0], [0.0, -1.0]]",False,sub-0010_ses-01_T1w,sub-0010,t1w,,/Volumes/BACH2TB/Datasets/BGSP/orig_bids/sub-0010/ses-01/anat/sub-0010_ses-01_T1w.nii.gz,,BGSP
"(192, 192, 144)","(1.1979166269302368, 1.1979166269302368, 1.2000000476837158)",PIL,0.0,745.0,16.0,"[[-0.012558292597532272, -0.07864703983068466, -1.1973450183868408, 94.51432037353516], [-1.192188024520874, -0.11527151614427567, 0.020145609974861145, 134.4113006591797], [0.11633680015802383, -1.1897610425949097, 0.07719603180885315, 92.84795379638672], [0.0, 0.0, 0.0, 1.0]]","[[1.0, -1.0], [2.0, -1.0], [0.0, -1.0]]",False,sub-0017_ses-01_T1w,sub-0017,t1w,,/Volumes/BACH2TB/Datasets/BGSP/orig_bids/sub-0017/ses-01/anat/sub-0017_ses-01_T1w.nii.gz,,BGSP
"(192, 192, 144)","(1.1979166269302368, 1.1979166269302368, 1.2000000476837158)",PIL,0.0,684.0,56.0,"[[0.07164296507835388, -0.057338714599609375, -1.1964741945266724, 84.0099105834961], [-1.1941673755645752, 0.058543864637613297, -0.07456918805837631, 146.011474609375], [-0.061934925615787506, -1.195110559463501, 0.053751587867736816, 97.96627807617188], [0.0, 0.0, 0.0, 1.0]]","[[1.0, -1.0], [2.0, -1.0], [0.0, -1.0]]",False,sub-0018_ses-01_T1w,sub-0018,t1w,,/Volumes/BACH2TB/Datasets/BGSP/orig_bids/sub-0018/ses-01/anat/sub-0018_ses-01_T1w.nii.gz,,BGSP
"(192, 192, 144)","(1.1979166269302368, 1.1979166269302368, 1.2000000476837158)",PIL,0.0,756.0,14.0,"[[0.004861622583121061, -0.04555235058069229, -1.1991223096847534, 87.14443969726562], [-1.1892518997192383, 0.14345166087150574, -0.010306794196367264, 112.81034088134766], [-0.14373797178268433, -1.1884236335754395, 0.044717784970998764, 101.4488754272461], [0.0, 0.0, 0.0, 1.0]]","[[1.0, -1.0], [2.0, -1.0], [0.0, -1.0]]",False,sub-0025_ses-01_T1w,sub-0025,t1w,,/Volumes/BACH2TB/Datasets/BGSP/orig_bids/sub-0025/ses-01/anat/sub-0025_ses-01_T1w.nii.gz,,BGSP
"(192, 192, 144)","(1.1979166269302368, 1.1979166269302368, 1.2000000476837158)",PIL,0.0,870.0,12.0,"[[0.009335863403975964, -0.07711289823055267, -1.197474718093872, 92.54951477050781], [-1.1976972818374634, -0.02149347774684429, -0.007981205359101295, 129.0204620361328], [0.020935365930199623, -1.1952388286590576, 0.07740004360675812, 97.32998657226562], [0.0, 0.0, 0.0, 1.0]]","[[1.0, -1.0], [2.0, -1.0], [0.0, -1.0]]",False,sub-0046_ses-01_T1w,sub-0046,t1w,,/Volumes/BACH2TB/Datasets/BGSP/orig_bids/sub-0046/ses-01/anat/sub-0046_ses-01_T1w.nii.gz,,BGSP
"(192, 192, 144)","(1.1979166269302368, 1.1979166269302368, 1.2000000476837158)",PIL,0.0,849.0,21.0,"[[0.13684222102165222, -0.0004631197371054441, -1.1921446323394775, 73.71053314208984], [-1.1850509643554688, 0.10990269482135773, -0.1365443915128708, 131.0247039794922], [-0.10923595726490021, -1.1928644180297852, -0.0121175991371274, 104.56185913085938], [0.0, 0.0, 0.0, 1.0]]","[[1.0, -1.0], [2.0, -1.0], [0.0, -1.0]]",False,sub-0050_ses-01_T1w,sub-0050,t1w,,/Volumes/BACH2TB/Datasets/BGSP/orig_bids/sub-0050/ses-01/anat/sub-0050_ses-01_T1w.nii.gz,,BGSP
"(192, 192, 144)","(1.1979166269302368, 1.1979166269302368, 1.2000000476837158)",PIL,0.0,582.0,17.0,"[[0.010506137274205685, -0.013033950701355934, -1.1998828649520874, 82.8685073852539], [-1.1859631538391113, 0.16836318373680115, -0.01225560437887907, 115.53948211669922], [-0.16847985982894897, -1.1859545707702637, 0.011446804739534855, 107.32905578613281], [0.0, 0.0, 0.0, 1.0]]","[[1.0, -1.0], [2.0, -1.0], [0.0, -1.0]]",False,sub-0054_ses-01_T1w,sub-0054,t1w,,/Volumes/BACH2TB/Datasets/BGSP/orig_bids/sub-0054/ses-01/anat/sub-0054_ses-01_T1w.nii.gz,,BGSP
"(192, 192, 144)","(1.1979166269302368, 1.1979166269302368, 1.2000000476837158)",PIL,0.0,762.0,11.0,"[[-0.003459302242845297, 0.01437307707965374, -1.19990873336792, 88.52455139160156], [-1.1927909851074219, -0.11067739129066467, 0.002120399847626686, 136.5379180908203], [0.11064357310533524, -1.1927062273025513, -0.014656798914074898, 87.21405792236328], [0.0, 0.0, 0.0, 1.0]]","[[1.0, -1.0], [2.0, -1.0], [0.0, -1.0]]",False,sub-0060_ses-01_T1w,sub-0060,t1w,,/Volumes/BACH2TB/Datasets/BGSP/orig_bids/sub-0060/ses-01/anat/sub-0060_ses-01_T1w.nii.gz,,BGSP
"(192, 192, 144)","(1.1979166269302368, 1.1979166269302368, 1.2000000476837158)",PIL,0.0,757.0,22.0,"[[0.11253803223371506, -0.1029878631234169, -1.1902302503585815, 91.04341888427734], [-1.1874243021011353, 0.10158998519182205, -0.12148445844650269, 147.5135040283203], [-0.1111890897154808, -1.1891498565673828, 0.09270244836807251, 97.45267486572266], [0.0, 0.0, 0.0, 1.0]]","[[1.0, -1.0], [2.0, -1.0], [0.0, -1.0]]",False,sub-0063_ses-01_T1w,sub-0063,t1w,,/Volumes/BACH2TB/Datasets/BGSP/orig_bids/sub-0063/ses-01/anat/sub-0063_ses-01_T1w.nii.gz,,BGSP
"(192, 192, 144)","(1.1979166269302368, 1.1979166269302368, 1.2000000476837158)",PIL,0.0,582.0,15.0,"[[-0.11900258809328079, -0.04570784047245979, -1.1931860446929932, 101.99797058105469], [-1.1895395517349243, -0.07217807322740555, 0.12182648479938507, 125.60028076171875], [0.07640857994556427, -1.1948662996292114, 0.03828362748026848, 98.57972717285156], [0.0, 0.0, 0.0, 1.0]]","[[1.0, -1.0], [2.0, -1.0], [0.0, -1.0]]",False,sub-0083_ses-01_T1w,sub-0083,t1w,,/Volumes/BACH2TB/Datasets/BGSP/orig_bids/sub-0083/ses-01/anat/sub-0083_ses-01_T1w.nii.gz,,BGSP
"(192, 192, 144)","(1.1979166269302368, 1.1979166269302368, 1.2000000476837158)",PIL,0.0,821.0,22.0,"[[-0.01677238754928112, -0.029877228662371635, -1.1995091438293457, 87.62165069580078], [-1.1922675371170044, 0.11537503451108932, 0.013845358975231647, 117.36723327636719], [-0.11498311907052994, -1.1919732093811035, 0.03140639886260033, 98.8333511352539], [0.0, 0.0, 0.0, 1.0]]","[[1.0, -1.0], [2.0, -1.0], [0.0, -1.0]]",False,sub-0090_ses-01_T1w,sub-0090,t1w,,/Volumes/BACH2TB/Datasets/BGSP/orig_bids/sub-0090/ses-01/anat/sub-0090_ses-01_T1w.nii.gz,,BGSP
"(192, 192, 144)","(1.1979166269302368, 1.1979166269302368, 1.2000000476837158)",PIL,0.0,634.0,14.0,"[[-0.02797529473900795, -0.0413469634950161, -1.1989575624465942, 94.49405670166016], [-1.197582721710205, 0.005135885439813137, 0.027862807735800743, 126.21124267578125], [-0.00417139008641243, -1.197191834449768, 0.04152720794081688, 99.02440643310547], [0.0, 0.0, 0.0, 1.0]]","[[1.0, -1.0], [2.0, -1.0], [0.0, -1.0]]",False,sub-0093_ses-01_T1w,sub-0093,t1w,,/Volumes/BACH2TB/Datasets/BGSP/orig_bids/sub-0093/ses-01/anat/sub-0093_ses-01_T1w.nii.gz,,BGSP
"(192, 192, 144)","(1.1979166269302368, 1.1979166269302368, 1.2000000476837158)",PIL,0.0,811.0,22.0,"[[0.07636305689811707, -0.020449871197342873, -1.1973841190338135, 82.09325408935547], [-1.1950292587280273, 0.03159187361598015, -0.07701960951089859, 135.64173889160156], [-0.032835543155670166, -1.197325348854065, 0.018418801948428154, 107.12669372558594], [0.0, 0.0, 0.0, 1.0]]","[[1.0, -1.0], [2.0, -1.0], [0.0, -1.0]]",False,sub-0102_ses-01_T1w,sub-0102,t1w,,/Volumes/BACH2TB/Datasets/BGSP/orig_bids/sub-0102/ses-01/anat/sub-0102_ses-01_T1w.nii.gz,,BGSP
"(192, 192, 144)","(1.1979166269302368, 1.1979166269302368, 1.2000000476837158)",PIL,0.0,707.0,22.0,"[[-0.08636317402124405, 0.036777909845113754, -1.19631028175354, 85.8958511352539], [-1.1946688890457153, 0.015045486390590668, 0.0870090201497078, 138.96353149414062], [-0.01766590215265751, -1.197257399559021, -0.03565560653805733, 112.06243896484375], [0.0, 0.0, 0.0, 1.0]]","[[1.0, -1.0], [2.0, -1.0], [0.0, -1.0]]",False,sub-0104_ses-01_T1w,sub-0104,t1w,,/Volumes/BACH2TB/Datasets/BGSP/orig_bids/sub-0104/ses-01/anat/sub-0104_ses-01_T1w.nii.gz,,BGSP
"(192, 192, 144)","(1.1979166269302368, 1.1979166269302368, 1.2000000476837158)",PIL,0.0,882.0,28.0,"[[0.039395831525325775, -0.053820833563804626, -1.1981385946273804, 91.56696319580078], [-1.1959717273712158, 0.05391737073659897, -0.04189187288284302, 132.8233184814453], [-0.055712610483169556, -1.1954917907714844, 0.05205095186829567, 102.21240997314453], [0.0, 0.0, 0.0, 1.0]]","[[1.0, -1.0], [2.0, -1.0], [0.0, -1.0]]",False,sub-0110_ses-01_T1w,sub-0110,t1w,,/Volumes/BACH2TB/Datasets/BGSP/orig_bids/sub-0110/ses-01/anat/sub-0110_ses-01_T1w.nii.gz,,BGSP
"(192, 192, 144)","(1.1979166269302368, 1.1979166269302368, 1.2000000476837158)",PIL,0.0,963.0,18.0,"[[-0.06306633353233337, 0.0012738663936033845, -1.1983351707458496, 92.02848815917969], [-1.1857730150222778, 0.1581691950559616, 0.06279118359088898, 110.96046447753906], [-0.1580164134502411, -1.1874279975891113, 0.007078797556459904, 111.14509582519531], [0.0, 0.0, 0.0, 1.0]]","[[1.0, -1.0], [2.0, -1.0], [0.0, -1.0]]",False,sub-0111_ses-01_T1w,sub-0111,t1w,,/Volumes/BACH2TB/Datasets/BGSP/orig_bids/sub-0111/ses-01/anat/sub-0111_ses-01_T1w.nii.gz,,BGSP
"(192, 192, 144)","(1.1979166269302368, 1.1979166269302368, 1.2000000476837158)",PIL,0.0,765.0,15.0,"[[-0.003949357662349939, -0.0063998643308877945, -1.1999764442443848, 86.17536163330078], [-1.1973190307617188, -0.03760608285665512, 0.004155601840466261, 133.20481872558594], [0.03762750327587128, -1.197309136390686, 0.006283202208578587, 97.64695739746094], [0.0, 0.0, 0.0, 1.0]]","[[1.0, -1.0], [2.0, -1.0], [0.0, -1.0]]",False,sub-0117_ses-01_T1w,sub-0117,t1w,,/Volumes/BACH2TB/Datasets/BGSP/orig_bids/sub-0117/ses-01/anat/sub-0117_ses-01_T1w.nii.gz,,BGSP
"(192, 192, 144)","(1.1979166269302368, 1.1979166269302368, 1.2000000476837158)",PIL,0.0,871.0,19.0,"[[0.09718257933855057, -0.04045475274324417, -1.1953579187393188, 85.15206909179688], [-1.1873435974121094, 0.12266739457845688, -0.10103286057710648, 126.91703033447266], [-0.12559892237186432, -1.1909325122833252, 0.030198020860552788, 100.89874267578125], [0.0, 0.0, 0.0, 1.0]]","[[1.0, -1.0], [2.0, -1.0], [0.0, -1.0]]",False,sub-0118_ses-01_T1w,sub-0118,t1w,,/Volumes/BACH2TB/Datasets/BGSP/orig_bids/sub-0118/ses-01/anat/sub-0118_ses-01_T1w.nii.gz,,BGSP
"(192, 192, 144)","(1.1979166269302368, 1.1979166269302368, 1.2000000476837158)",PIL,0.0,817.0,13.0,"[[0.0871233195066452, 0.0407356433570385, -1.1961263418197632, 70.72222137451172], [-1.1848981380462646, -0.15044105052947998, -0.09174719452857971, 144.31724548339844], [0.1530698835849762, -1.1877341270446777, -0.029402395710349083, 98.3386001586914], [0.0, 0.0, 0.0, 1.0]]","[[1.0, -1.0], [2.0, -1.0], [0.0, -1.0]]",False,sub-0128_ses-01_T1w,sub-0128,t1w,,/Volumes/BACH2TB/Datasets/BGSP/orig_bids/sub-0128/ses-01/anat/sub-0128_ses-01_T1w.nii.gz,,BGSP
"(192, 192, 144)","(1.1979166269302368, 1.1979166269302368, 1.2000000476837158)",PIL,0.0,613.0,14.0,"[[-0.023838257417082787, 0.05619460344314575, -1.1984410285949707, 81.69972229003906], [-1.1913387775421143, -0.1240781918168068, 0.017941199243068695, 150.61428833007812], [0.12307682633399963, -1.1901475191116333, -0.058456793427467346, 97.27348327636719], [0.0, 0.0, 0.0, 1.0]]","[[1.0, -1.0], [2.0, -1.0], [0.0, -1.0]]",False,sub-0137_ses-01_T1w,sub-0137,t1w,,/Volumes/BACH2TB/Datasets/BGSP/orig_bids/sub-0137/ses-01/anat/sub-0137_ses-01_T1w.nii.gz,,BGSP
"(192, 192, 144)","(1.1979166269302368, 1.1979166269302368, 1.2000000476837158)",PIL,0.0,675.0,14.0,"[[-0.042971789836883545, 0.024671655148267746, -1.1989730596542358, 91.04414367675781], [-1.1965248584747314, 0.03767836093902588, 0.04381140321493149, 115.84493255615234], [-0.038546863943338394, -1.197069764137268, -0.023332083597779274, 108.69718933105469], [0.0, 0.0, 0.0, 1.0]]","[[1.0, -1.0], [2.0, -1.0], [0.0, -1.0]]",False,sub-0147_ses-01_T1w,sub-0147,t1w,,/Volumes/BACH2TB/Datasets/BGSP/orig_bids/sub-0147/ses-01/anat/sub-0147_ses-01_T1w.nii.gz,,BGSP
"(192, 192, 144)","(1.1979166269302368, 1.1979166269302368, 1.2000000476837158)",PIL,0.0,637.0,16.0,"[[-0.009251379407942295, -0.03523974493145943, -1.1994448900222778, 93.41514587402344], [-1.1973546743392944, 0.03576156124472618, 0.0082130441442132, 142.26828002929688], [-0.035503827035427094, -1.1968640089035034, 0.03556069731712341, 99.51696014404297], [0.0, 0.0, 0.0, 1.0]]","[[1.0, -1.0], [2.0, -1.0], [0.0, -1.0]]",False,sub-0151_ses-01_T1w,sub-0151,t1w,,/Volumes/BACH2TB/Datasets/BGSP/orig_bids/sub-0151/ses-01/anat/sub-0151_ses-01_T1w.nii.gz,,BGSP
"(192, 192, 144)","(1.1979166269302368, 1.1979166269302368, 1.2000000476837158)",PIL,0.0,458.0,16.0,"[[0.050411954522132874, 0.04627883806824684, -1.19804048538208, 74.40910339355469], [-1.1945180892944336, -0.07282792776823044, -0.053261760622262955, 139.84165954589844], [0.07476306706666946, -1.1948049068450928, -0.04315752163529396, 98.31230163574219], [0.0, 0.0, 0.0, 1.0]]","[[1.0, -1.0], [2.0, -1.0], [0.0, -1.0]]",False,sub-0158_ses-01_T1w,sub-0158,t1w,,/Volumes/BACH2TB/Datasets/BGSP/orig_bids/sub-0158/ses-01/anat/sub-0158_ses-01_T1w.nii.gz,,BGSP
"(192, 192, 144)","(1.1979166269302368, 1.1979166269302368, 1.2000000476837158)",PIL,0.0,646.0,17.0,"[[0.07359494268894196, -0.09306108951568604, -1.1940999031066895, 90.6618881225586], [-1.1946245431900024, 0.04382050037384033, -0.07731062173843384, 127.37039947509766], [-0.04960055276751518, -1.1934922933578491, 0.09026965498924255, 81.77061462402344], [0.0, 0.0, 0.0, 1.0]]","[[1.0, -1.0], [2.0, -1.0], [0.0, -1.0]]",False,sub-0164_ses-01_T1w,sub-0164,t1w,,/Volumes/BACH2TB/Datasets/BGSP/orig_bids/sub-0164/ses-01/anat/sub-0164_ses-01_T1w.nii.gz,,BGSP
"(192, 192, 144)","(1.1979166269302368, 1.1979166269302368, 1.2000000476837158)",PIL,0.0,613.0,11.0,"[[0.007062986027449369, -0.018151022493839264, -1.1998414993286133, 91.26038360595703], [-1.1919785737991333, -0.11901373416185379, -0.005234399810433388, 139.41976928710938], [0.11891883611679077, -1.1918517351150513, 0.018795598298311234, 125.20297241210938], [0.0, 0.0, 0.0, 1.0]]","[[1.0, -1.0], [2.0, -1.0], [0.0, -1.0]]",False,sub-0172_ses-01_T1w,sub-0172,t1w,,/Volumes/BACH2TB/Datasets/BGSP/orig_bids/sub-0172/ses-01/anat/sub-0172_ses-01_T1w.nii.gz,,BGSP
"(192, 192, 144)","(1.1979166269302368, 1.1979166269302368, 1.2000000476837158)",PIL,0.0,1025.0,18.0,"[[-0.040902361273765564, 0.03884166106581688, -1.1986689567565918, 92.7169189453125], [-1.186151146888733, -0.1637330949306488, 0.035291992127895355, 142.32176208496094], [0.16240914165973663, -1.1860383749008179, -0.04412759095430374, 98.2900161743164], [0.0, 0.0, 0.0, 1.0]]","[[1.0, -1.0], [2.0, -1.0], [0.0, -1.0]]",False,sub-0173_ses-01_T1w,sub-0173,t1w,,/Volumes/BACH2TB/Datasets/BGSP/orig_bids/sub-0173/ses-01/anat/sub-0173_ses-01_T1w.nii.gz,,BGSP
"(192, 192, 144)","(1.1979166269302368, 1.1979166269302368, 1.2000000476837158)",PIL,0.0,678.0,15.0,"[[-0.05035053938627243, -0.044907096773386, -1.198095440864563, 96.90897369384766], [-1.1877524852752686, -0.14550520479679108, 0.05556238815188408, 157.64622497558594], [0.14735351502895355, -1.1881985664367676, 0.038476791232824326, 93.22869110107422], [0.0, 0.0, 0.0, 1.0]]","[[1.0, -1.0], [2.0, -1.0], [0.0, -1.0]]",False,sub-0175_ses-01_T1w,sub-0175,t1w,,/Volumes/BACH2TB/Datasets/BGSP/orig_bids/sub-0175/ses-01/anat/sub-0175_ses-01_T1w.nii.gz,,BGSP
"(192, 192, 144)","(1.1979166269302368, 1.1979166269302368, 1.2000000476837158)",PIL,0.0,631.0,18.0,"[[0.11173592507839203, 0.02169536054134369, -1.194570779800415, 66.2863540649414], [-1.1925476789474487, 0.020803775638341904, -0.11155592650175095, 143.6702423095703], [-0.018692782148718834, -1.1975394487380981, -0.02357999049127102, 102.61251068115234], [0.0, 0.0, 0.0, 1.0]]","[[1.0, -1.0], [2.0, -1.0], [0.0, -1.0]]",False,sub-0175_ses-02_T1w,sub-0175,t1w,,/Volumes/BACH2TB/Datasets/BGSP/orig_bids/sub-0175/ses-02/anat/sub-0175_ses-02_T1w.nii.gz,,BGSP
"(192, 192, 144)","(1.1979166269302368, 1.1979166269302368, 1.2000000476837158)",PIL,0.0,705.0,11.0,"[[0.12220613658428192, 0.07243207097053528, -1.1915322542190552, 66.25566864013672], [-1.186681866645813, 0.11665096133947372, -0.11501670628786087, 120.38426971435547], [-0.10888539254665375, -1.1900211572647095, -0.08379796892404556, 105.41756439208984], [0.0, 0.0, 0.0, 1.0]]","[[1.0, -1.0], [2.0, -1.0], [0.0, -1.0]]",False,sub-0176_ses-01_T1w,sub-0176,t1w,,/Volumes/BACH2TB/Datasets/BGSP/orig_bids/sub-0176/ses-01/anat/sub-0176_ses-01_T1w.nii.gz,,BGSP
"(192, 192, 144)","(1.1979166269302368, 1.1979166269302368, 1.2000000476837158)",PIL,0.0,718.0,14.0,"[[0.02896358072757721, 0.11093750596046448, -1.194490909576416, 72.57083892822266], [-1.197348713874817, -0.020056653767824173, -0.031003201380372047, 129.34445190429688], [0.022830752655863762, -1.192600131034851, -0.11059200763702393, 114.34461975097656], [0.0, 0.0, 0.0, 1.0]]","[[1.0, -1.0], [2.0, -1.0], [0.0, -1.0]]",False,sub-0178_ses-01_T1w,sub-0178,t1w,,/Volumes/BACH2TB/Datasets/BGSP/orig_bids/sub-0178/ses-01/anat/sub-0178_ses-01_T1w.nii.gz,,BGSP
"(192, 192, 144)","(1.1979166269302368, 1.1979166269302368, 1.2000000476837158)",PIL,0.0,569.0,12.0,"[[0.05394025519490242, -0.0377577543258667, -1.1981860399246216, 83.36296844482422], [-1.1965930461883545, -0.017836442217230797, -0.05349206179380417, 145.63339233398438], [0.016126364469528198, -1.1971886157989502, 0.03858577460050583, 101.19087219238281], [0.0, 0.0, 0.0, 1.0]]","[[1.0, -1.0], [2.0, -1.0], [0.0, -1.0]]",False,sub-0184_ses-01_T1w,sub-0184,t1w,,/Volumes/BACH2TB/Datasets/BGSP/orig_bids/sub-0184/ses-01/anat/sub-0184_ses-01_T1w.nii.gz,,BGSP
"(192, 192, 144)","(1.1979166269302368, 1.1979166269302368, 1.2000000476837158)",PIL,0.0,868.0,36.0,"[[-0.007600056007504463, -0.10224910825490952, -1.19559645652771, 93.10152435302734], [-1.1857569217681885, 0.1701047420501709, -0.007034402806311846, 122.86471557617188], [-0.17007990181446075, -1.1813609600067139, 0.10246804356575012, 97.12191772460938], [0.0, 0.0, 0.0, 1.0]]","[[1.0, -1.0], [2.0, -1.0], [0.0, -1.0]]",False,sub-0207_ses-01_T1w,sub-0207,t1w,,/Volumes/BACH2TB/Datasets/BGSP/orig_bids/sub-0207/ses-01/anat/sub-0207_ses-01_T1w.nii.gz,,BGSP
"(192, 192, 144)","(1.1979166269302368, 1.1979166269302368, 1.2000000476837158)",PIL,0.0,606.0,51.0,"[[0.012954723089933395, -0.03795624151825905, -1.1993273496627808, 88.27357482910156], [-1.1906095743179321, 0.13100697100162506, -0.017065806314349174, 137.645263671875], [-0.1314733326435089, -1.1901264190673828, 0.03637069836258888, 97.19319915771484], [0.0, 0.0, 0.0, 1.0]]","[[1.0, -1.0], [2.0, -1.0], [0.0, -1.0]]",False,sub-0218_ses-01_T1w,sub-0218,t1w,,/Volumes/BACH2TB/Datasets/BGSP/orig_bids/sub-0218/ses-01/anat/sub-0218_ses-01_T1w.nii.gz,,BGSP
"(192, 192, 144)","(1.1979166269302368, 1.1979166269302368, 1.2000000476837158)",PIL,0.0,950.0,15.0,"[[0.05342638120055199, -0.04697619751095772, -1.197882056236267, 84.63080596923828], [-1.1963626146316528, 0.02734428644180298, -0.0546204037964344, 130.7925567626953], [-0.029434243217110634, -1.1966828107833862, 0.04577520117163658, 107.47217559814453], [0.0, 0.0, 0.0, 1.0]]","[[1.0, -1.0], [2.0, -1.0], [0.0, -1.0]]",False,sub-0223_ses-01_T1w,sub-0223,t1w,,/Volumes/BACH2TB/Datasets/BGSP/orig_bids/sub-0223/ses-01/anat/sub-0223_ses-01_T1w.nii.gz,,BGSP
"(192, 192, 144)","(1.1979166269302368, 1.1979166269302368, 1.2000000476837158)",PIL,0.0,784.0,46.0,"[[0.018513167276978493, 0.009452037513256073, -1.1998194456100464, 82.32269287109375], [-1.176124095916748, 0.22686530649662018, -0.016417209059000015, 110.94872283935547], [-0.22670184075832367, -1.176200270652771, -0.012808806262910366, 106.50941467285156], [0.0, 0.0, 0.0, 1.0]]","[[1.0, -1.0], [2.0, -1.0], [0.0, -1.0]]",False,sub-0230_ses-01_T1w,sub-0230,t1w,,/Volumes/BACH2TB/Datasets/BGSP/orig_bids/sub-0230/ses-01/anat/sub-0230_ses-01_T1w.nii.gz,,BGSP
"(192, 192, 144)","(1.1979166269302368, 1.1979166269302368, 1.2000000476837158)",PIL,0.0,886.0,12.0,"[[-0.04354988783597946, -0.012554383836686611, -1.1991409063339233, 107.15071868896484], [-1.196851372718811, -0.02514304779469967, 0.04388220235705376, 132.77862548828125], [0.025584138929843903, -1.197587013244629, 0.01164943166077137, 103.45475006103516], [0.0, 0.0, 0.0, 1.0]]","[[1.0, -1.0], [2.0, -1.0], [0.0, -1.0]]",False,sub-0245_ses-01_T1w,sub-0245,t1w,,/Volumes/BACH2TB/Datasets/BGSP/orig_bids/sub-0245/ses-01/anat/sub-0245_ses-01_T1w.nii.gz,,BGSP
"(192, 192, 144)","(1.1979166269302368, 1.1979166269302368, 1.2000000476837158)",PIL,0.0,781.0,14.0,"[[0.009099121205508709, -0.023760661482810974, -1.1997294425964355, 90.13117218017578], [-1.1945109367370605, 0.08961091190576553, -0.0108720064163208, 130.7432403564453], [-0.089805968105793, -1.1943238973617554, 0.02305201068520546, 98.47850036621094], [0.0, 0.0, 0.0, 1.0]]","[[1.0, -1.0], [2.0, -1.0], [0.0, -1.0]]",False,sub-0249_ses-01_T1w,sub-0249,t1w,,/Volumes/BACH2TB/Datasets/BGSP/orig_bids/sub-0249/ses-01/anat/sub-0249_ses-01_T1w.nii.gz,,BGSP
"(192, 192, 144)","(1.1979166269302368, 1.1979166269302368, 1.2000000476837158)",PIL,0.0,983.0,13.0,"[[-0.11176152527332306, -0.046685557812452316, -1.1938505172729492, 104.92376708984375], [-1.1741784811019897, 0.21439144015312195, 0.10188964009284973, 96.97825622558594], [-0.2093287855386734, -1.1776505708694458, 0.06587642431259155, 91.17363739013672], [0.0, 0.0, 0.0, 1.0]]","[[1.0, -1.0], [2.0, -1.0], [0.0, -1.0]]",False,sub-0250_ses-01_T1w,sub-0250,t1w,,/Volumes/BACH2TB/Datasets/BGSP/orig_bids/sub-0250/ses-01/anat/sub-0250_ses-01_T1w.nii.gz,,BGSP
"(192, 192, 144)","(1.1979166269302368, 1.1979166269302368, 1.2000000476837158)",PIL,0.0,689.0,16.0,"[[-0.031886085867881775, -0.041992466896772385, -1.198837161064148, 90.82337188720703], [-1.1953507661819458, -0.07044743746519089, 0.0343802385032177, 144.94647216796875], [0.07158225774765015, -1.1951059103012085, 0.040097158402204514, 107.66493225097656], [0.0, 0.0, 0.0, 1.0]]","[[1.0, -1.0], [2.0, -1.0], [0.0, -1.0]]",False,sub-0268_ses-01_T1w,sub-0268,t1w,,/Volumes/BACH2TB/Datasets/BGSP/orig_bids/sub-0268/ses-01/anat/sub-0268_ses-01_T1w.nii.gz,,BGSP
"(192, 192, 144)","(1.1979166269302368, 1.1979166269302368, 1.2000000476837158)",PIL,0.0,784.0,12.0,"[[-0.018134571611881256, -0.045203421264886856, -1.1990078687667847, 89.72090148925781], [-1.1963493824005127, -0.05779200792312622, 0.020343724638223648, 150.34034729003906], [0.05851055309176445, -1.1956676244735718, 0.04434625059366226, 73.66986083984375], [0.0, 0.0, 0.0, 1.0]]","[[1.0, -1.0], [2.0, -1.0], [0.0, -1.0]]",False,sub-0274_ses-01_T1w,sub-0274,t1w,,/Volumes/BACH2TB/Datasets/BGSP/orig_bids/sub-0274/ses-01/anat/sub-0274_ses-01_T1w.nii.gz,,BGSP
"(192, 192, 144)","(1.1979166269302368, 1.1979166269302368, 1.2000000476837158)",PIL,0.0,743.0,19.0,"[[0.10680306702852249, 0.05941833555698395, -1.1937381029129028, 71.26245880126953], [-1.1539452075958252, 0.30930718779563904, -0.0881529450416565, 109.13459777832031], [-0.303328275680542, -1.1557693481445312, -0.08496154844760895, 121.05321502685547], [0.0, 0.0, 0.0, 1.0]]","[[1.0, -1.0], [2.0, -1.0], [0.0, -1.0]]",False,sub-0286_ses-01_T1w,sub-0286,t1w,,/Volumes/BACH2TB/Datasets/BGSP/orig_bids/sub-0286/ses-01/anat/sub-0286_ses-01_T1w.nii.gz,,BGSP
"(192, 192, 144)","(1.1979166269302368, 1.1979166269302368, 1.2000000476837158)",PIL,0.0,878.0,36.0,"[[-0.10536746680736542, -0.031310856342315674, -1.1949373483657837, 104.18919372558594], [-1.1908175945281982, 0.07955178618431091, 0.1032780185341835, 122.93830871582031], [-0.07652140408754349, -1.1948621273040771, 0.03818880766630173, 109.37407684326172], [0.0, 0.0, 0.0, 1.0]]","[[1.0, -1.0], [2.0, -1.0], [0.0, -1.0]]",False,sub-0292_ses-01_T1w,sub-0292,t1w,,/Volumes/BACH2TB/Datasets/BGSP/orig_bids/sub-0292/ses-01/anat/sub-0292_ses-01_T1w.nii.gz,,BGSP
"(192, 192, 144)","(1.1979166269302368, 1.1979166269302368, 1.2000000476837158)",PIL,0.0,714.0,24.0,"[[0.13595513999462128, 0.020271597430109978, -1.1920737028121948, 68.54949951171875], [-1.1424000263214111, 0.3381752371788025, -0.12497277557849884, 114.69361877441406], [-0.333830326795578, -1.1490129232406616, -0.05781274661421776, 122.6630859375], [0.0, 0.0, 0.0, 1.0]]","[[1.0, -1.0], [2.0, -1.0], [0.0, -1.0]]",False,sub-0295_ses-01_T1w,sub-0295,t1w,,/Volumes/BACH2TB/Datasets/BGSP/orig_bids/sub-0295/ses-01/anat/sub-0295_ses-01_T1w.nii.gz,,BGSP
"(192, 192, 144)","(1.1979166269302368, 1.1979166269302368, 1.2000000476837158)",PIL,0.0,758.0,26.0,"[[-0.050629641860723495, -0.06811101734638214, -1.1969847679138184, 102.6207275390625], [-1.1935791969299316, 0.09118083119392395, 0.04545493423938751, 137.20880126953125], [-0.08837173879146576, -1.1924978494644165, 0.07184258848428726, 113.29170227050781], [0.0, 0.0, 0.0, 1.0]]","[[1.0, -1.0], [2.0, -1.0], [0.0, -1.0]]",False,sub-0311_ses-01_T1w,sub-0311,t1w,,/Volumes/BACH2TB/Datasets/BGSP/orig_bids/sub-0311/ses-01/anat/sub-0311_ses-01_T1w.nii.gz,,BGSP
"(192, 192, 144)","(1.1979166269302368, 1.1979166269302368, 1.2000000476837158)",PIL,0.0,850.0,36.0,"[[0.012065770104527473, -0.05412449315190315, -1.1987136602401733, 87.80155944824219], [-1.1975419521331787, -0.02794118970632553, -0.010830000042915344, 134.61659240722656], [0.027422761544585228, -1.1963670253753662, 0.054483603686094284, 93.77276611328125], [0.0, 0.0, 0.0, 1.0]]","[[1.0, -1.0], [2.0, -1.0], [0.0, -1.0]]",False,sub-0316_ses-01_T1w,sub-0316,t1w,,/Volumes/BACH2TB/Datasets/BGSP/orig_bids/sub-0316/ses-01/anat/sub-0316_ses-01_T1w.nii.gz,,BGSP
"(192, 192, 144)","(1.1979166269302368, 1.1979166269302368, 1.2000000476837158)",PIL,0.0,806.0,17.0,"[[0.006839850451797247, -0.03851977363228798, -1.1993600130081177, 89.1039047241211], [-1.1921921968460083, 0.11649292707443237, -0.010577010922133923, 127.43682861328125], [-0.11677031219005585, -1.1916165351867676, 0.0377354621887207, 116.91078186035156], [0.0, 0.0, 0.0, 1.0]]","[[1.0, -1.0], [2.0, -1.0], [0.0, -1.0]]",False,sub-0318_ses-01_T1w,sub-0318,t1w,,/Volumes/BACH2TB/Datasets/BGSP/orig_bids/sub-0318/ses-01/anat/sub-0318_ses-01_T1w.nii.gz,,BGSP
"(192, 192, 144)","(1.1979166269302368, 1.1979166269302368, 1.2000000476837158)",PIL,0.0,964.0,13.0,"[[-0.0007405374781228602, -0.006517261732369661, -1.1999820470809937, 80.68482971191406], [-1.1712963581085205, -0.2511267066001892, 0.002094000345095992, 157.8611602783203], [0.25113430619239807, -1.1712801456451416, 0.006228000856935978, 91.1709213256836], [0.0, 0.0, 0.0, 1.0]]","[[1.0, -1.0], [2.0, -1.0], [0.0, -1.0]]",False,sub-0320_ses-01_T1w,sub-0320,t1w,,/Volumes/BACH2TB/Datasets/BGSP/orig_bids/sub-0320/ses-01/anat/sub-0320_ses-01_T1w.nii.gz,,BGSP
"(192, 192, 144)","(1.1979166269302368, 1.1979166269302368, 1.2000000476837158)",PIL,0.0,781.0,12.0,"[[0.042264215648174286, -0.0696868970990181, -1.1972194910049438, 93.26709747314453], [-1.1958091259002686, -0.059478990733623505, -0.03888719528913498, 133.64251708984375], [0.0570828951895237, -1.1944079399108887, 0.07178759574890137, 90.7197265625], [0.0, 0.0, 0.0, 1.0]]","[[1.0, -1.0], [2.0, -1.0], [0.0, -1.0]]",False,sub-0326_ses-01_T1w,sub-0326,t1w,,/Volumes/BACH2TB/Datasets/BGSP/orig_bids/sub-0326/ses-01/anat/sub-0326_ses-01_T1w.nii.gz,,BGSP
"(192, 192, 144)","(1.1979166269302368, 1.1979166269302368, 1.2000000476837158)",PIL,0.0,730.0,13.0,"[[-0.03478448465466499, -0.005903370212763548, -1.1994794607162476, 90.24225616455078], [-1.1887738704681396, 0.14379483461380005, 0.03388392925262451, 122.74555206298828], [-0.14356577396392822, -1.1892403364181519, 0.010050985962152481, 124.87203979492188], [0.0, 0.0, 0.0, 1.0]]","[[1.0, -1.0], [2.0, -1.0], [0.0, -1.0]]",False,sub-0339_ses-01_T1w,sub-0339,t1w,,/Volumes/BACH2TB/Datasets/BGSP/orig_bids/sub-0339/ses-01/anat/sub-0339_ses-01_T1w.nii.gz,,BGSP
"(192, 192, 144)","(1.1979166269302368, 1.1979166269302368, 1.2000000476837158)",PIL,0.0,647.0,15.0,"[[0.017020275816321373, 0.004856632556766272, -1.1998690366744995, 88.64409637451172], [-1.1954245567321777, 0.07540587335824966, -0.01670999825000763, 129.02577209472656], [-0.07533001899719238, -1.1955311298370361, -0.0059279995039105415, 103.29814147949219], [0.0, 0.0, 0.0, 1.0]]","[[1.0, -1.0], [2.0, -1.0], [0.0, -1.0]]",False,sub-0347_ses-01_T1w,sub-0347,t1w,,/Volumes/BACH2TB/Datasets/BGSP/orig_bids/sub-0347/ses-01/anat/sub-0347_ses-01_T1w.nii.gz,,BGSP
"(192, 192, 144)","(1.1979166269302368, 1.1979166269302368, 1.2000000476837158)",PIL,0.0,975.0,31.0,"[[0.009876826778054237, -0.09921110421419144, -1.1958366632461548, 93.1678466796875], [-1.1931521892547607, 0.10509981215000153, -0.018638769164681435, 134.94300842285156], [-0.10627613961696625, -1.1891658306121826, 0.09811984747648239, 98.33182525634766], [0.0, 0.0, 0.0, 1.0]]","[[1.0, -1.0], [2.0, -1.0], [0.0, -1.0]]",False,sub-0351_ses-01_T1w,sub-0351,t1w,,/Volumes/BACH2TB/Datasets/BGSP/orig_bids/sub-0351/ses-01/anat/sub-0351_ses-01_T1w.nii.gz,,BGSP
"(192, 192, 144)","(1.1979166269302368, 1.1979166269302368, 1.2000000476837158)",PIL,0.0,590.0,13.0,"[[-0.012773865833878517, -0.0031184291001409292, -1.1999276876449585, 86.31352233886719], [-1.194785714149475, 0.08564332872629166, 0.012539996765553951, 119.08309173583984], [-0.08560558408498764, -1.1948471069335938, 0.004030799493193626, 107.8315658569336], [0.0, 0.0, 0.0, 1.0]]","[[1.0, -1.0], [2.0, -1.0], [0.0, -1.0]]",False,sub-0355_ses-01_T1w,sub-0355,t1w,,/Volumes/BACH2TB/Datasets/BGSP/orig_bids/sub-0355/ses-01/anat/sub-0355_ses-01_T1w.nii.gz,,BGSP
"(192, 192, 144)","(1.1979166269302368, 1.1979166269302368, 1.2000000476837158)",PIL,0.0,880.0,14.0,"[[-0.00041665969183668494, 0.06893035024404526, -1.1980117559432983, 78.47396087646484], [-1.197610855102539, -0.027044640854001045, -0.001143556903116405, 138.24099731445312], [0.027065515518188477, -1.1956260204315186, -0.06904200464487076, 110.3989028930664], [0.0, 0.0, 0.0, 1.0]]","[[1.0, -1.0], [2.0, -1.0], [0.0, -1.0]]",False,sub-0374_ses-01_T1w,sub-0374,t1w,,/Volumes/BACH2TB/Datasets/BGSP/orig_bids/sub-0374/ses-01/anat/sub-0374_ses-01_T1w.nii.gz,,BGSP
"(192, 192, 144)","(1.1979166269302368, 1.1979166269302368, 1.2000000476837158)",PIL,0.0,826.0,15.0,"[[0.06252732872962952, -0.028471697121858597, -1.198024868965149, 81.31453704833984], [-1.193496823310852, 0.08021202683448792, -0.06442080438137054, 118.88885498046875], [-0.08160847425460815, -1.194888949394226, 0.02422199957072735, 112.61259460449219], [0.0, 0.0, 0.0, 1.0]]","[[1.0, -1.0], [2.0, -1.0], [0.0, -1.0]]",False,sub-0389_ses-01_T1w,sub-0389,t1w,,/Volumes/BACH2TB/Datasets/BGSP/orig_bids/sub-0389/ses-01/anat/sub-0389_ses-01_T1w.nii.gz,,BGSP
"(192, 192, 144)","(1.1979166269302368, 1.1979166269302368, 1.2000000476837158)",PIL,0.0,675.0,15.0,"[[0.031861238181591034, 0.05378885939717293, -1.1983648538589478, 82.08736419677734], [-1.1974785327911377, -0.004429076798260212, -0.03214801102876663, 126.2601547241211], [0.005864044651389122, -1.1967002153396606, -0.053744420409202576, 116.25398254394531], [0.0, 0.0, 0.0, 1.0]]","[[1.0, -1.0], [2.0, -1.0], [0.0, -1.0]]",False,sub-0389_ses-02_T1w,sub-0389,t1w,,/Volumes/BACH2TB/Datasets/BGSP/orig_bids/sub-0389/ses-02/anat/sub-0389_ses-02_T1w.nii.gz,,BGSP
"(192, 192, 144)","(1.1979166269302368, 1.1979166269302368, 1.2000000476837158)",PIL,0.0,659.0,12.0,"[[-0.011455466970801353, -0.054316967725753784, -1.1987109184265137, 95.33746337890625], [-1.1975990533828735, -0.024548832327127457, 0.012600957415997982, 138.61061096191406], [0.025092829018831253, -1.1964327096939087, 0.05416223034262657, 87.03460693359375], [0.0, 0.0, 0.0, 1.0]]","[[1.0, -1.0], [2.0, -1.0], [0.0, -1.0]]",False,sub-0416_ses-01_T1w,sub-0416,t1w,,/Volumes/BACH2TB/Datasets/BGSP/orig_bids/sub-0416/ses-01/anat/sub-0416_ses-01_T1w.nii.gz,,BGSP
"(192, 192, 144)","(1.1979166269302368, 1.1979166269302368, 1.2000000476837158)",PIL,0.0,836.0,23.0,"[[0.05370968207716942, -0.029061520472168922, -1.1984398365020752, 82.89031982421875], [-1.1927340030670166, 0.0962628424167633, -0.05598251149058342, 134.04490661621094], [-0.09749345481395721, -1.1936888694763184, 0.02466287463903427, 106.65818786621094], [0.0, 0.0, 0.0, 1.0]]","[[1.0, -1.0], [2.0, -1.0], [0.0, -1.0]]",False,sub-0417_ses-01_T1w,sub-0417,t1w,,/Volumes/BACH2TB/Datasets/BGSP/orig_bids/sub-0417/ses-01/anat/sub-0417_ses-01_T1w.nii.gz,,BGSP
"(192, 192, 144)","(1.1979166269302368, 1.1979166269302368, 1.2000000476837158)",PIL,0.0,531.0,19.0,"[[-0.049399614334106445, 0.005447976291179657, -1.1989668607711792, 92.47685241699219], [-1.1897040605545044, 0.13091441988945007, 0.04978560283780098, 114.86741638183594], [-0.1310277283191681, -1.1907292604446411, -1.2000000424450263e-05, 99.1300277709961], [0.0, 0.0, 0.0, 1.0]]","[[1.0, -1.0], [2.0, -1.0], [0.0, -1.0]]",False,sub-0436_ses-01_T1w,sub-0436,t1w,,/Volumes/BACH2TB/Datasets/BGSP/orig_bids/sub-0436/ses-01/anat/sub-0436_ses-01_T1w.nii.gz,,BGSP
"(192, 192, 144)","(1.1979166269302368, 1.1979166269302368, 1.2000000476837158)",PIL,0.0,532.0,29.0,"[[-0.0005796171608380973, 0.0314631424844265, -1.1995859146118164, 85.86727142333984], [-1.195143699645996, 0.08141526579856873, 0.002722295932471752, 126.46797943115234], [-0.08145853877067566, -1.1947325468063354, -0.031405314803123474, 100.88777160644531], [0.0, 0.0, 0.0, 1.0]]","[[1.0, -1.0], [2.0, -1.0], [0.0, -1.0]]",False,sub-0440_ses-01_T1w,sub-0440,t1w,,/Volumes/BACH2TB/Datasets/BGSP/orig_bids/sub-0440/ses-01/anat/sub-0440_ses-01_T1w.nii.gz,,BGSP
"(192, 192, 144)","(1.1979166269302368, 1.1979166269302368, 1.2000000476837158)",PIL,0.0,628.0,19.0,"[[0.0027319742366671562, -0.0444922111928463, -1.1991690397262573, 85.60050201416016], [-1.1737840175628662, -0.23915843665599823, 0.006220803130418062, 148.84202575683594], [0.23922346532344818, -1.172956943511963, 0.04421762377023697, 93.76075744628906], [0.0, 0.0, 0.0, 1.0]]","[[1.0, -1.0], [2.0, -1.0], [0.0, -1.0]]",False,sub-0441_ses-01_T1w,sub-0441,t1w,,/Volumes/BACH2TB/Datasets/BGSP/orig_bids/sub-0441/ses-01/anat/sub-0441_ses-01_T1w.nii.gz,,BGSP
"(192, 192, 144)","(1.1979166269302368, 1.1979166269302368, 1.2000000476837158)",PIL,0.0,578.0,12.0,"[[0.005729700438678265, 0.06700651347637177, -1.1981076002120972, 82.85772705078125], [-1.1965693235397339, -0.056101828813552856, -0.008890800178050995, 137.5227813720703], [0.056509800255298615, -1.194724678993225, -0.06677880138158798, 87.88990020751953], [0.0, 0.0, 0.0, 1.0]]","[[1.0, -1.0], [2.0, -1.0], [0.0, -1.0]]",False,sub-0443_ses-01_T1w,sub-0443,t1w,,/Volumes/BACH2TB/Datasets/BGSP/orig_bids/sub-0443/ses-01/anat/sub-0443_ses-01_T1w.nii.gz,,BGSP
"(192, 192, 144)","(1.1979166269302368, 1.1979166269302368, 1.2000000476837158)",PIL,0.0,682.0,50.0,"[[0.024545978754758835, -0.008841007016599178, -1.199715495109558, 86.43482208251953], [-1.1950210332870483, 0.07937295734882355, -0.02512199990451336, 128.55374145507812], [-0.0795392170548439, -1.19525146484375, 0.007205998990684748, 118.18761444091797], [0.0, 0.0, 0.0, 1.0]]","[[1.0, -1.0], [2.0, -1.0], [0.0, -1.0]]",False,sub-0446_ses-01_T1w,sub-0446,t1w,,/Volumes/BACH2TB/Datasets/BGSP/orig_bids/sub-0446/ses-01/anat/sub-0446_ses-01_T1w.nii.gz,,BGSP
"(192, 192, 144)","(1.1979166269302368, 1.1979166269302368, 1.2000000476837158)",PIL,0.0,775.0,18.0,"[[0.005358658730983734, 0.012916368432343006, -1.199918270111084, 90.32125091552734], [-1.1952705383300781, -0.07933569699525833, -0.006213455926626921, 137.1775360107422], [0.07939716428518295, -1.1952168941497803, -0.012554879300296307, 102.91282653808594], [0.0, 0.0, 0.0, 1.0]]","[[1.0, -1.0], [2.0, -1.0], [0.0, -1.0]]",False,sub-0449_ses-01_T1w,sub-0449,t1w,,/Volumes/BACH2TB/Datasets/BGSP/orig_bids/sub-0449/ses-01/anat/sub-0449_ses-01_T1w.nii.gz,,BGSP
"(192, 192, 144)","(1.1979166269302368, 1.1979166269302368, 1.2000000476837158)",PIL,0.0,1180.0,15.0,"[[0.06524296849966049, -0.007682638708502054, -1.1981942653656006, 78.50242614746094], [-1.1935703754425049, -0.0788738802075386, -0.06471001356840134, 156.48031616210938], [0.07834090292453766, -1.1952924728393555, 0.011971202678978443, 97.63861083984375], [0.0, 0.0, 0.0, 1.0]]","[[1.0, -1.0], [2.0, -1.0], [0.0, -1.0]]",False,sub-0455_ses-01_T1w,sub-0455,t1w,,/Volumes/BACH2TB/Datasets/BGSP/orig_bids/sub-0455/ses-01/anat/sub-0455_ses-01_T1w.nii.gz,,BGSP
"(192, 192, 144)","(1.1979166269302368, 1.1979166269302368, 1.2000000476837158)",PIL,0.0,836.0,27.0,"[[0.08387330174446106, 0.06899465620517731, -1.1950582265853882, 73.44600677490234], [-1.1712735891342163, 0.24176186323165894, -0.0684838742017746, 120.74404907226562], [-0.23682871460914612, -1.1712366342544556, -0.08453387022018433, 112.8882827758789], [0.0, 0.0, 0.0, 1.0]]","[[1.0, -1.0], [2.0, -1.0], [0.0, -1.0]]",False,sub-0456_ses-01_T1w,sub-0456,t1w,,/Volumes/BACH2TB/Datasets/BGSP/orig_bids/sub-0456/ses-01/anat/sub-0456_ses-01_T1w.nii.gz,,BGSP
"(192, 192, 144)","(1.1979166269302368, 1.1979166269302368, 1.2000000476837158)",PIL,0.0,958.0,16.0,"[[-0.12706562876701355, 0.03809373453259468, -1.1926199197769165, 96.65968322753906], [-1.191145896911621, 0.0014457290526479483, 0.12739679217338562, 122.09706115722656], [-0.005481019150465727, -1.197309970855713, -0.03779039531946182, 94.3289566040039], [0.0, 0.0, 0.0, 1.0]]","[[1.0, -1.0], [2.0, -1.0], [0.0, -1.0]]",False,sub-0461_ses-01_T1w,sub-0461,t1w,,/Volumes/BACH2TB/Datasets/BGSP/orig_bids/sub-0461/ses-01/anat/sub-0461_ses-01_T1w.nii.gz,,BGSP
"(192, 192, 144)","(1.1979166269302368, 1.1979166269302368, 1.2000000476837158)",PIL,0.0,824.0,34.0,"[[-0.06516881287097931, -0.05573348328471184, -1.1969215869903564, 97.37338256835938], [-1.169107437133789, 0.2559417486190796, 0.051916785538196564, 105.64645385742188], [-0.2528739273548126, -1.1689276695251465, 0.06843598186969757, 97.48400115966797], [0.0, 0.0, 0.0, 1.0]]","[[1.0, -1.0], [2.0, -1.0], [0.0, -1.0]]",False,sub-0471_ses-01_T1w,sub-0471,t1w,,/Volumes/BACH2TB/Datasets/BGSP/orig_bids/sub-0471/ses-01/anat/sub-0471_ses-01_T1w.nii.gz,,BGSP
"(192, 192, 144)","(1.1979166269302368, 1.1979166269302368, 1.2000000476837158)",PIL,0.0,867.0,16.0,"[[-0.11619768291711807, 0.06546413153409958, -1.1925396919250488, 95.59635925292969], [-1.187431812286377, 0.10126728564500809, 0.12168120592832565, 107.5865478515625], [-0.1072758361697197, -1.1918320655822754, -0.05516400188207626, 113.85592651367188], [0.0, 0.0, 0.0, 1.0]]","[[1.0, -1.0], [2.0, -1.0], [0.0, -1.0]]",False,sub-0474_ses-01_T1w,sub-0474,t1w,,/Volumes/BACH2TB/Datasets/BGSP/orig_bids/sub-0474/ses-01/anat/sub-0474_ses-01_T1w.nii.gz,,BGSP
"(192, 192, 144)","(1.1979166269302368, 1.1979166269302368, 1.2000000476837158)",PIL,0.0,1021.0,24.0,"[[-0.0, -0.0, -1.2000000476837158, 87.0999984741211], [-1.1977689266204834, -0.018816187977790833, -0.0, 133.77520751953125], [0.018816187977790833, -1.1977689266204834, 0.0, 102.80653381347656], [0.0, 0.0, 0.0, 1.0]]","[[1.0, -1.0], [2.0, -1.0], [0.0, -1.0]]",False,sub-0518_ses-01_T1w,sub-0518,t1w,,/Volumes/BACH2TB/Datasets/BGSP/orig_bids/sub-0518/ses-01/anat/sub-0518_ses-01_T1w.nii.gz,,BGSP
"(192, 192, 144)","(1.1979166269302368, 1.1979166269302368, 1.2000000476837158)",PIL,0.0,689.0,38.0,"[[0.013271519914269447, 0.07805892080068588, -1.1973758935928345, 78.98738861083984], [-1.187392234802246, 0.15841679275035858, -0.002843268681317568, 130.42819213867188], [-0.15788540244102478, -1.1848270893096924, -0.0792660191655159, 131.7191925048828], [0.0, 0.0, 0.0, 1.0]]","[[1.0, -1.0], [2.0, -1.0], [0.0, -1.0]]",False,sub-0524_ses-01_T1w,sub-0524,t1w,,/Volumes/BACH2TB/Datasets/BGSP/orig_bids/sub-0524/ses-01/anat/sub-0524_ses-01_T1w.nii.gz,,BGSP
"(192, 192, 144)","(1.1979166269302368, 1.1979166269302368, 1.2000000476837158)",PIL,0.0,664.0,15.0,"[[-0.12311776727437973, -0.029157275334000587, -1.193287968635559, 105.64619445800781], [-1.1915526390075684, -0.0039864955469965935, 0.12346448004245758, 122.482177734375], [0.006964103784412146, -1.1975550651550293, 0.02864161878824234, 96.75447845458984], [0.0, 0.0, 0.0, 1.0]]","[[1.0, -1.0], [2.0, -1.0], [0.0, -1.0]]",False,sub-0527_ses-01_T1w,sub-0527,t1w,,/Volumes/BACH2TB/Datasets/BGSP/orig_bids/sub-0527/ses-01/anat/sub-0527_ses-01_T1w.nii.gz,,BGSP
"(192, 192, 144)","(1.1979166269302368, 1.1979166269302368, 1.2000000476837158)",PIL,0.0,847.0,23.0,"[[0.04867486655712128, 0.0910303071141243, -1.1955363750457764, 80.3337173461914], [-1.1965607404708862, -0.02585984766483307, -0.05086201801896095, 147.4619140625], [0.029621977359056473, -1.194172978401184, -0.0900324285030365, 132.56314086914062], [0.0, 0.0, 0.0, 1.0]]","[[1.0, -1.0], [2.0, -1.0], [0.0, -1.0]]",False,sub-0543_ses-01_T1w,sub-0543,t1w,,/Volumes/BACH2TB/Datasets/BGSP/orig_bids/sub-0543/ses-01/anat/sub-0543_ses-01_T1w.nii.gz,,BGSP
"(192, 192, 144)","(1.1979166269302368, 1.1979166269302368, 1.2000000476837158)",PIL,0.0,863.0,43.0,"[[0.01927645318210125, 0.1113661378622055, -1.1946470737457275, 70.37625885009766], [-1.1604145765304565, 0.2972564101219177, 0.009017773903906345, 103.09898376464844], [-0.29676729440689087, -1.1550933122634888, -0.11285918205976486, 129.1298828125], [0.0, 0.0, 0.0, 1.0]]","[[1.0, -1.0], [2.0, -1.0], [0.0, -1.0]]",False,sub-0547_ses-01_T1w,sub-0547,t1w,,/Volumes/BACH2TB/Datasets/BGSP/orig_bids/sub-0547/ses-01/anat/sub-0547_ses-01_T1w.nii.gz,,BGSP
"(192, 192, 144)","(1.1979166269302368, 1.1979166269302368, 1.2000000476837158)",PIL,0.0,477.0,22.0,"[[-0.06328525394201279, -0.06350603699684143, -1.1966345310211182, 103.21250915527344], [-1.1680071353912354, 0.2616537809371948, 0.04805197939276695, 106.31212615966797], [-0.25837695598602295, -1.1672654151916504, 0.07587483525276184, 103.85919952392578], [0.0, 0.0, 0.0, 1.0]]","[[1.0, -1.0], [2.0, -1.0], [0.0, -1.0]]",False,sub-0549_ses-01_T1w,sub-0549,t1w,,/Volumes/BACH2TB/Datasets/BGSP/orig_bids/sub-0549/ses-01/anat/sub-0549_ses-01_T1w.nii.gz,,BGSP
"(192, 192, 144)","(1.1979166269302368, 1.1979166269302368, 1.2000000476837158)",PIL,0.0,606.0,17.0,"[[0.004152068868279457, -0.0004950219881720841, -1.1999927759170532, 87.41321563720703], [-1.1892333030700684, 0.14391304552555084, -0.004188780207186937, 110.77301788330078], [-0.1439138948917389, -1.189240574836731, -7.310796263482189e-06, 105.2009506225586], [0.0, 0.0, 0.0, 1.0]]","[[1.0, -1.0], [2.0, -1.0], [0.0, -1.0]]",False,sub-0551_ses-01_T1w,sub-0551,t1w,,/Volumes/BACH2TB/Datasets/BGSP/orig_bids/sub-0551/ses-01/anat/sub-0551_ses-01_T1w.nii.gz,,BGSP
"(192, 192, 144)","(1.1979166269302368, 1.1979166269302368, 1.2000000476837158)",PIL,0.0,697.0,23.0,"[[0.07010472565889359, 0.061415933072566986, -1.1963624954223633, 73.2626724243164], [-1.1902191638946533, 0.11968107521533966, -0.06382222473621368, 128.0855712890625], [-0.11605186760425568, -1.1903398036956787, -0.06814390420913696, 117.43403625488281], [0.0, 0.0, 0.0, 1.0]]","[[1.0, -1.0], [2.0, -1.0], [0.0, -1.0]]",False,sub-0560_ses-01_T1w,sub-0560,t1w,,/Volumes/BACH2TB/Datasets/BGSP/orig_bids/sub-0560/ses-01/anat/sub-0560_ses-01_T1w.nii.gz,,BGSP
"(192, 192, 144)","(1.1979166269302368, 1.1979166269302368, 1.2000000476837158)",PIL,0.0,1204.0,13.0,"[[0.1872856467962265, 0.01587282307446003, -1.1851367950439453, 62.99333190917969], [-1.1830753087997437, 0.0188701543956995, -0.18735720217227936, 136.68800354003906], [-0.01615818962454796, -1.1976628303527832, -0.018658801913261414, 99.41328430175781], [0.0, 0.0, 0.0, 1.0]]","[[1.0, -1.0], [2.0, -1.0], [0.0, -1.0]]",False,sub-0570_ses-01_T1w,sub-0570,t1w,,/Volumes/BACH2TB/Datasets/BGSP/orig_bids/sub-0570/ses-01/anat/sub-0570_ses-01_T1w.nii.gz,,BGSP
"(192, 192, 144)","(1.1979166269302368, 1.1979166269302368, 1.2000000476837158)",PIL,0.0,576.0,13.0,"[[0.09350734204053879, 0.013217654079198837, -1.1962653398513794, 75.62026977539062], [-1.1937006711959839, 0.03774183988571167, -0.09321322292089462, 140.51373291015625], [-0.03659765422344208, -1.1972490549087524, -0.01614551804959774, 93.75760650634766], [0.0, 0.0, 0.0, 1.0]]","[[1.0, -1.0], [2.0, -1.0], [0.0, -1.0]]",False,sub-0605_ses-01_T1w,sub-0605,t1w,,/Volumes/BACH2TB/Datasets/BGSP/orig_bids/sub-0605/ses-01/anat/sub-0605_ses-01_T1w.nii.gz,,BGSP
"(192, 192, 144)","(1.1979166269302368, 1.1979166269302368, 1.2000000476837158)",PIL,0.0,921.0,21.0,"[[-0.07919763028621674, 0.01807076297700405, -1.1972378492355347, 90.34957885742188], [-1.187235713005066, 0.13767462968826294, 0.08089464902877808, 130.24713134765625], [-0.13857591152191162, -1.1898417472839355, -0.008823073469102383, 147.24351501464844], [0.0, 0.0, 0.0, 1.0]]","[[1.0, -1.0], [2.0, -1.0], [0.0, -1.0]]",False,sub-0610_ses-01_T1w,sub-0610,t1w,,/Volumes/BACH2TB/Datasets/BGSP/orig_bids/sub-0610/ses-01/anat/sub-0610_ses-01_T1w.nii.gz,,BGSP
"(192, 192, 144)","(1.1979166269302368, 1.1979166269302368, 1.2000000476837158)",PIL,0.0,966.0,37.0,"[[0.039507731795310974, -0.12344340980052948, -1.1929553747177124, 93.28653717041016], [-1.1926069259643555, 0.10094611346721649, -0.05011562630534172, 131.67532348632812], [-0.10550887882709503, -1.187255620956421, 0.1197744607925415, 98.7144775390625], [0.0, 0.0, 0.0, 1.0]]","[[1.0, -1.0], [2.0, -1.0], [0.0, -1.0]]",False,sub-0618_ses-01_T1w,sub-0618,t1w,,/Volumes/BACH2TB/Datasets/BGSP/orig_bids/sub-0618/ses-01/anat/sub-0618_ses-01_T1w.nii.gz,,BGSP
"(192, 192, 144)","(1.1979166269302368, 1.1979166269302368, 1.2000000476837158)",PIL,0.0,793.0,15.0,"[[0.1010378748178482, 0.01591024175286293, -1.1956177949905396, 76.59091186523438], [-1.1926627159118652, 0.050003185868263245, -0.10047133266925812, 147.35289001464844], [-0.04848847910761833, -1.1967668533325195, -0.020092682912945747, 117.82514953613281], [0.0, 0.0, 0.0, 1.0]]","[[1.0, -1.0], [2.0, -1.0], [0.0, -1.0]]",False,sub-0619_ses-01_T1w,sub-0619,t1w,,/Volumes/BACH2TB/Datasets/BGSP/orig_bids/sub-0619/ses-01/anat/sub-0619_ses-01_T1w.nii.gz,,BGSP
"(192, 192, 144)","(1.1979166269302368, 1.1979166269302368, 1.2000000476837158)",PIL,0.0,826.0,26.0,"[[-0.02944427728652954, 0.001162394299171865, -1.1996369361877441, 94.12288665771484], [-1.1790010929107666, 0.21002061665058136, 0.02924281172454357, 108.28056335449219], [-0.20998536050319672, -1.1793618202209473, 0.004024801310151815, 107.59072875976562], [0.0, 0.0, 0.0, 1.0]]","[[1.0, -1.0], [2.0, -1.0], [0.0, -1.0]]",False,sub-0623_ses-01_T1w,sub-0623,t1w,,/Volumes/BACH2TB/Datasets/BGSP/orig_bids/sub-0623/ses-01/anat/sub-0623_ses-01_T1w.nii.gz,,BGSP
"(192, 192, 144)","(1.1979166269302368, 1.1979166269302368, 1.2000000476837158)",PIL,0.0,792.0,20.0,"[[-0.023549135774374008, 0.06775422394275665, -1.1978468894958496, 85.6271743774414], [-1.197327733039856, 0.02788403443992138, 0.02520359307527542, 137.65597534179688], [-0.029257040470838547, -1.195673942565918, -0.06728997826576233, 105.20413970947266], [0.0, 0.0, 0.0, 1.0]]","[[1.0, -1.0], [2.0, -1.0], [0.0, -1.0]]",False,sub-0627_ses-01_T1w,sub-0627,t1w,,/Volumes/BACH2TB/Datasets/BGSP/orig_bids/sub-0627/ses-01/anat/sub-0627_ses-01_T1w.nii.gz,,BGSP
"(192, 192, 144)","(1.1979166269302368, 1.1979166269302368, 1.2000000476837158)",PIL,0.0,635.0,16.0,"[[-0.0016467019449919462, 0.010968353599309921, -1.1999486684799194, 86.27757263183594], [-1.1959174871444702, 0.06914164870977402, 0.0022811403032392263, 145.25888061523438], [-0.06915953010320663, -1.1958693265914917, -0.010873992927372456, 109.99825286865234], [0.0, 0.0, 0.0, 1.0]]","[[1.0, -1.0], [2.0, -1.0], [0.0, -1.0]]",False,sub-0631_ses-01_T1w,sub-0631,t1w,,/Volumes/BACH2TB/Datasets/BGSP/orig_bids/sub-0631/ses-01/anat/sub-0631_ses-01_T1w.nii.gz,,BGSP
"(192, 192, 144)","(1.1979166269302368, 1.1979166269302368, 1.2000000476837158)",PIL,0.0,999.0,16.0,"[[0.02117075026035309, -0.05473000928759575, -1.1985594034194946, 88.09139251708984], [-1.191361904144287, -0.12419308722019196, -0.01542612910270691, 146.18048095703125], [0.1233404204249382, -1.1902037858963013, 0.05672343075275421, 59.6778450012207], [0.0, 0.0, 0.0, 1.0]]","[[1.0, -1.0], [2.0, -1.0], [0.0, -1.0]]",False,sub-0641_ses-01_T1w,sub-0641,t1w,,/Volumes/BACH2TB/Datasets/BGSP/orig_bids/sub-0641/ses-01/anat/sub-0641_ses-01_T1w.nii.gz,,BGSP
"(192, 192, 144)","(1.1979166269302368, 1.1979166269302368, 1.2000000476837158)",PIL,0.0,853.0,13.0,"[[-0.05103055760264397, -0.04789988324046135, -1.1979502439498901, 98.49042510986328], [-1.1964322328567505, -0.028786327689886093, 0.05229838937520981, 131.5181884765625], [0.030824722722172737, -1.1966123580932617, 0.04669559374451637, 91.20443725585938], [0.0, 0.0, 0.0, 1.0]]","[[1.0, -1.0], [2.0, -1.0], [0.0, -1.0]]",False,sub-0652_ses-01_T1w,sub-0652,t1w,,/Volumes/BACH2TB/Datasets/BGSP/orig_bids/sub-0652/ses-01/anat/sub-0652_ses-01_T1w.nii.gz,,BGSP
"(192, 192, 144)","(1.1979166269302368, 1.1979166269302368, 1.2000000476837158)",PIL,0.0,660.0,25.0,"[[0.02550545148551464, -0.017187144607305527, -1.1996045112609863, 80.82241821289062], [-1.191267967224121, 0.12307856231927872, -0.027185890823602676, 143.84408569335938], [-0.1234273612499237, -1.1914530992507935, 0.014496006071567535, 127.63041687011719], [0.0, 0.0, 0.0, 1.0]]","[[1.0, -1.0], [2.0, -1.0], [0.0, -1.0]]",False,sub-0659_ses-01_T1w,sub-0659,t1w,,/Volumes/BACH2TB/Datasets/BGSP/orig_bids/sub-0659/ses-01/anat/sub-0659_ses-01_T1w.nii.gz,,BGSP
"(192, 192, 144)","(1.1979166269302368, 1.1979166269302368, 1.2000000476837158)",PIL,0.0,730.0,14.0,"[[0.008228457532823086, -0.0025684500578790903, -1.1999690532684326, 84.39352416992188], [-1.1959015130996704, 0.06894797831773758, -0.008377200923860073, 126.69261169433594], [-0.06896412372589111, -1.1959279775619507, 0.002094000345095992, 99.92486572265625], [0.0, 0.0, 0.0, 1.0]]","[[1.0, -1.0], [2.0, -1.0], [0.0, -1.0]]",False,sub-0670_ses-01_T1w,sub-0670,t1w,,/Volumes/BACH2TB/Datasets/BGSP/orig_bids/sub-0670/ses-01/anat/sub-0670_ses-01_T1w.nii.gz,,BGSP
"(192, 192, 144)","(1.1979166269302368, 1.1979166269302368, 1.2000000476837158)",PIL,0.0,1062.0,14.0,"[[-0.09953899681568146, -0.06945016980171204, -1.1938247680664062, 103.18506622314453], [-1.1932767629623413, -0.028722817078232765, 0.10151640325784683, 123.47370147705078], [0.034450285136699677, -1.1955567598342896, 0.06691080331802368, 98.04995727539062], [0.0, 0.0, 0.0, 1.0]]","[[1.0, -1.0], [2.0, -1.0], [0.0, -1.0]]",False,sub-0675_ses-01_T1w,sub-0675,t1w,,/Volumes/BACH2TB/Datasets/BGSP/orig_bids/sub-0675/ses-01/anat/sub-0675_ses-01_T1w.nii.gz,,BGSP
"(192, 192, 144)","(1.1979166269302368, 1.1979166269302368, 1.2000000476837158)",PIL,0.0,660.0,17.0,"[[0.03818369284272194, -0.06663448363542557, -1.1975314617156982, 87.04196166992188], [-1.1864259243011475, -0.16299626231193542, -0.028859995305538177, 149.8796844482422], [0.16105838119983673, -1.1849035024642944, 0.07131479680538177, 93.48369598388672], [0.0, 0.0, 0.0, 1.0]]","[[1.0, -1.0], [2.0, -1.0], [0.0, -1.0]]",False,sub-0682_ses-01_T1w,sub-0682,t1w,,/Volumes/BACH2TB/Datasets/BGSP/orig_bids/sub-0682/ses-01/anat/sub-0682_ses-01_T1w.nii.gz,,BGSP
"(192, 192, 144)","(1.1979166269302368, 1.1979166269302368, 1.2000000476837158)",PIL,0.0,539.0,16.0,"[[-0.002271736739203334, 0.04401234909892082, -1.1991876363754272, 86.85811614990234], [-1.1965889930725098, 0.056216370314359665, 0.00434520049020648, 139.634765625], [-0.05633768066763878, -1.1957871913909912, -0.0439331978559494, 110.07819366455078], [0.0, 0.0, 0.0, 1.0]]","[[1.0, -1.0], [2.0, -1.0], [0.0, -1.0]]",False,sub-0685_ses-01_T1w,sub-0685,t1w,,/Volumes/BACH2TB/Datasets/BGSP/orig_bids/sub-0685/ses-01/anat/sub-0685_ses-01_T1w.nii.gz,,BGSP
"(192, 192, 144)","(1.1979166269302368, 1.1979166269302368, 1.2000000476837158)",PIL,0.0,550.0,17.0,"[[0.050785087049007416, -0.08761527389287949, -1.1957043409347534, 85.11300659179688], [-1.182149052619934, 0.18294000625610352, -0.06383569538593292, 120.7398910522461], [-0.18694593012332916, -1.1806188821792603, 0.07884301990270615, 120.99029541015625], [0.0, 0.0, 0.0, 1.0]]","[[1.0, -1.0], [2.0, -1.0], [0.0, -1.0]]",False,sub-0695_ses-01_T1w,sub-0695,t1w,,/Volumes/BACH2TB/Datasets/BGSP/orig_bids/sub-0695/ses-01/anat/sub-0695_ses-01_T1w.nii.gz,,BGSP
"(192, 192, 144)","(1.1979166269302368, 1.1979166269302368, 1.2000000476837158)",PIL,0.0,986.0,23.0,"[[-0.0824352502822876, 0.04410524293780327, -1.1963398456573486, 83.02619171142578], [-1.1556390523910522, 0.3020523488521576, 0.09108239412307739, 88.64125061035156], [-0.3044787049293518, -1.158371090888977, -0.02180039882659912, 113.06222534179688], [0.0, 0.0, 0.0, 1.0]]","[[1.0, -1.0], [2.0, -1.0], [0.0, -1.0]]",False,sub-0710_ses-01_T1w,sub-0710,t1w,,/Volumes/BACH2TB/Datasets/BGSP/orig_bids/sub-0710/ses-01/anat/sub-0710_ses-01_T1w.nii.gz,,BGSP
"(192, 192, 144)","(1.1979166269302368, 1.1979166269302368, 1.2000000476837158)",PIL,0.0,767.0,16.0,"[[-0.02956521324813366, -0.0646248310804367, -1.19788658618927, 90.76001739501953], [-1.1783149242401123, 0.21510891616344452, 0.017537996172904968, 104.53897857666016], [-0.2137855440378189, -1.1766716241836548, 0.0689963847398758, 108.96319580078125], [0.0, 0.0, 0.0, 1.0]]","[[1.0, -1.0], [2.0, -1.0], [0.0, -1.0]]",False,sub-0719_ses-01_T1w,sub-0719,t1w,,/Volumes/BACH2TB/Datasets/BGSP/orig_bids/sub-0719/ses-01/anat/sub-0719_ses-01_T1w.nii.gz,,BGSP
"(192, 192, 144)","(1.1979166269302368, 1.1979166269302368, 1.2000000476837158)",PIL,0.0,757.0,21.0,"[[0.031102094799280167, -0.10735445469617844, -1.194765329360962, 94.0034408569336], [-1.197410225868225, -0.018408769741654396, -0.029619595035910606, 133.64517211914062], [0.015678636729717255, -1.1929545402526855, 0.10797477513551712, 100.73833465576172], [0.0, 0.0, 0.0, 1.0]]","[[1.0, -1.0], [2.0, -1.0], [0.0, -1.0]]",False,sub-0723_ses-01_T1w,sub-0723,t1w,,/Volumes/BACH2TB/Datasets/BGSP/orig_bids/sub-0723/ses-01/anat/sub-0723_ses-01_T1w.nii.gz,,BGSP
"(192, 192, 144)","(1.1979166269302368, 1.1979166269302368, 1.2000000476837158)",PIL,0.0,1238.0,36.0,"[[-0.004051698837429285, 0.0010334152029827237, -1.1999927759170532, 85.12564086914062], [-1.1690597534179688, 0.2613161504268646, 0.004186800215393305, 109.02101135253906], [-0.261318176984787, -1.1690667867660522, -0.00012480000441428274, 118.01902770996094], [0.0, 0.0, 0.0, 1.0]]","[[1.0, -1.0], [2.0, -1.0], [0.0, -1.0]]",False,sub-0729_ses-01_T1w,sub-0729,t1w,,/Volumes/BACH2TB/Datasets/BGSP/orig_bids/sub-0729/ses-01/anat/sub-0729_ses-01_T1w.nii.gz,,BGSP
"(192, 192, 144)","(1.1979166269302368, 1.1979166269302368, 1.2000000476837158)",PIL,0.0,579.0,13.0,"[[-0.22540414333343506, -0.11902189254760742, -1.1725189685821533, 114.2619400024414], [-1.167570948600769, 0.16933639347553253, 0.20798522233963013, 94.00108337402344], [-0.14482943713665009, -1.1798996925354004, 0.14812682569026947, 107.1021499633789], [0.0, 0.0, 0.0, 1.0]]","[[1.0, -1.0], [2.0, -1.0], [0.0, -1.0]]",False,sub-0732_ses-01_T1w,sub-0732,t1w,,/Volumes/BACH2TB/Datasets/BGSP/orig_bids/sub-0732/ses-01/anat/sub-0732_ses-01_T1w.nii.gz,,BGSP
"(192, 192, 144)","(1.1979166269302368, 1.1979166269302368, 1.2000000476837158)",PIL,0.0,886.0,13.0,"[[0.00983936432749033, -0.010946916416287422, -1.1999094486236572, 90.34123992919922], [-1.196446180343628, 0.05842536687850952, -0.010380006395280361, 118.83805084228516], [-0.058515649288892746, -1.1964409351348877, 0.010471206158399582, 99.02239990234375], [0.0, 0.0, 0.0, 1.0]]","[[1.0, -1.0], [2.0, -1.0], [0.0, -1.0]]",False,sub-0738_ses-01_T1w,sub-0738,t1w,,/Volumes/BACH2TB/Datasets/BGSP/orig_bids/sub-0738/ses-01/anat/sub-0738_ses-01_T1w.nii.gz,,BGSP
"(192, 192, 144)","(1.1979166269302368, 1.1979166269302368, 1.2000000476837158)",PIL,0.0,605.0,27.0,"[[0.03630872443318367, 0.0681317076086998, -1.1975053548812866, 77.39075469970703], [-1.1967034339904785, 0.041853129863739014, -0.03402120620012283, 132.37661743164062], [-0.03983451426029205, -1.1952450275421143, -0.06945168972015381, 144.89596557617188], [0.0, 0.0, 0.0, 1.0]]","[[1.0, -1.0], [2.0, -1.0], [0.0, -1.0]]",False,sub-0740_ses-01_T1w,sub-0740,t1w,,/Volumes/BACH2TB/Datasets/BGSP/orig_bids/sub-0740/ses-01/anat/sub-0740_ses-01_T1w.nii.gz,,BGSP
"(192, 192, 144)","(1.1979166269302368, 1.1979166269302368, 1.2000000476837158)",PIL,0.0,617.0,14.0,"[[-0.09364958852529526, -0.11698097735643387, -1.190574288368225, 109.9115982055664], [-1.1868975162506104, -0.12297075986862183, 0.10581003129482269, 133.95413208007812], [0.13231965899467468, -1.185832142829895, 0.10647603124380112, 81.1904067993164], [0.0, 0.0, 0.0, 1.0]]","[[1.0, -1.0], [2.0, -1.0], [0.0, -1.0]]",False,sub-0745_ses-01_T1w,sub-0745,t1w,,/Volumes/BACH2TB/Datasets/BGSP/orig_bids/sub-0745/ses-01/anat/sub-0745_ses-01_T1w.nii.gz,,BGSP
"(192, 192, 144)","(1.1979166269302368, 1.1979166269302368, 1.2000000476837158)",PIL,0.0,893.0,31.0,"[[-0.09239985793828964, -0.060111261904239655, -1.1949087381362915, 93.52477264404297], [-1.1917459964752197, 0.0835663303732872, 0.08825761824846268, 122.7986068725586], [-0.07879071682691574, -1.1934854984283447, 0.0663624256849289, 109.7876205444336], [0.0, 0.0, 0.0, 1.0]]","[[1.0, -1.0], [2.0, -1.0], [0.0, -1.0]]",False,sub-0759_ses-01_T1w,sub-0759,t1w,,/Volumes/BACH2TB/Datasets/BGSP/orig_bids/sub-0759/ses-01/anat/sub-0759_ses-01_T1w.nii.gz,,BGSP
"(192, 192, 144)","(1.1979166269302368, 1.1979166269302368, 1.2000000476837158)",PIL,0.0,627.0,16.0,"[[0.059199944138526917, 0.0522189736366272, -1.1973917484283447, 75.66552734375], [-1.1962841749191284, -0.01751689240336418, -0.060117628425359726, 152.3233184814453], [0.020094886422157288, -1.1966497898101807, -0.05137082189321518, 107.98443603515625], [0.0, 0.0, 0.0, 1.0]]","[[1.0, -1.0], [2.0, -1.0], [0.0, -1.0]]",False,sub-0761_ses-01_T1w,sub-0761,t1w,,/Volumes/BACH2TB/Datasets/BGSP/orig_bids/sub-0761/ses-01/anat/sub-0761_ses-01_T1w.nii.gz,,BGSP
"(192, 192, 144)","(1.1979166269302368, 1.1979166269302368, 1.2000000476837158)",PIL,0.0,731.0,13.0,"[[-0.019325343891978264, -0.011782427318394184, -1.199785828590393, 87.96160888671875], [-1.1962388753890991, 0.060555025935173035, 0.018738489598035812, 128.58230590820312], [-0.06036023423075676, -1.1963270902633667, 0.012764406390488148, 106.08747863769531], [0.0, 0.0, 0.0, 1.0]]","[[1.0, -1.0], [2.0, -1.0], [0.0, -1.0]]",False,sub-0773_ses-01_T1w,sub-0773,t1w,,/Volumes/BACH2TB/Datasets/BGSP/orig_bids/sub-0773/ses-01/anat/sub-0773_ses-01_T1w.nii.gz,,BGSP
"(192, 192, 144)","(1.1979166269302368, 1.1979166269302368, 1.2000000476837158)",PIL,0.0,692.0,38.0,"[[-0.037319522351026535, -0.048216674476861954, -1.1984447240829468, 96.4981689453125], [-1.1963551044464111, -0.04691850021481514, 0.03927839547395706, 132.00022888183594], [0.048435911536216736, -1.1960259675979614, 0.04677359759807587, 97.20015716552734], [0.0, 0.0, 0.0, 1.0]]","[[1.0, -1.0], [2.0, -1.0], [0.0, -1.0]]",False,sub-0784_ses-01_T1w,sub-0784,t1w,,/Volumes/BACH2TB/Datasets/BGSP/orig_bids/sub-0784/ses-01/anat/sub-0784_ses-01_T1w.nii.gz,,BGSP
"(192, 192, 144)","(1.1979166269302368, 1.1979166269302368, 1.2000000476837158)",PIL,0.0,1194.0,28.0,"[[0.13943646848201752, -0.020704368129372597, -1.1916625499725342, 69.25960540771484], [-1.1611888408660889, 0.2586000859737396, -0.1408524215221405, 116.74333953857422], [-0.25923359394073486, -1.169487714767456, -0.010048801079392433, 106.21044921875], [0.0, 0.0, 0.0, 1.0]]","[[1.0, -1.0], [2.0, -1.0], [0.0, -1.0]]",False,sub-0789_ses-01_T1w,sub-0789,t1w,,/Volumes/BACH2TB/Datasets/BGSP/orig_bids/sub-0789/ses-01/anat/sub-0789_ses-01_T1w.nii.gz,,BGSP
"(192, 192, 144)","(1.1979166269302368, 1.1979166269302368, 1.2000000476837158)",PIL,0.0,1186.0,28.0,"[[-0.03030792810022831, 0.03286191076040268, -1.1991641521453857, 92.07223510742188], [-1.1776684522628784, 0.21638622879981995, 0.03581881895661354, 111.63557434082031], [-0.21721641719341278, -1.1777526140213013, -0.02687881514430046, 111.35530853271484], [0.0, 0.0, 0.0, 1.0]]","[[1.0, -1.0], [2.0, -1.0], [0.0, -1.0]]",False,sub-0789_ses-02_T1w,sub-0789,t1w,,/Volumes/BACH2TB/Datasets/BGSP/orig_bids/sub-0789/ses-02/anat/sub-0789_ses-02_T1w.nii.gz,,BGSP
"(192, 192, 144)","(1.1979166269302368, 1.1979166269302368, 1.2000000476837158)",PIL,0.0,975.0,24.0,"[[-0.07094606012105942, -0.011312621645629406, -1.1978400945663452, 95.69065856933594], [-1.195777416229248, -0.00869184173643589, 0.07115280628204346, 131.18531799316406], [0.00934696663171053, -1.1978317499160767, 0.010796401649713516, 112.53701782226562], [0.0, 0.0, 0.0, 1.0]]","[[1.0, -1.0], [2.0, -1.0], [0.0, -1.0]]",False,sub-0798_ses-01_T1w,sub-0798,t1w,,/Volumes/BACH2TB/Datasets/BGSP/orig_bids/sub-0798/ses-01/anat/sub-0798_ses-01_T1w.nii.gz,,BGSP
"(192, 192, 144)","(1.1979166269302368, 1.1979166269302368, 1.2000000476837158)",PIL,0.0,942.0,18.0,"[[-0.006472424138337374, 0.016632530838251114, -1.1998668909072876, 86.50869750976562], [-1.1978991031646729, -0.00013689452316612005, 0.006482400465756655, 128.11863708496094], [4.70303712063469e-05, -1.197801113128662, -0.016661999747157097, 107.24336242675781], [0.0, 0.0, 0.0, 1.0]]","[[1.0, -1.0], [2.0, -1.0], [0.0, -1.0]]",False,sub-0800_ses-01_T1w,sub-0800,t1w,,/Volumes/BACH2TB/Datasets/BGSP/orig_bids/sub-0800/ses-01/anat/sub-0800_ses-01_T1w.nii.gz,,BGSP
"(192, 192, 144)","(1.1979166269302368, 1.1979166269302368, 1.2000000476837158)",PIL,0.0,583.0,19.0,"[[0.005904682446271181, 0.010158355347812176, -1.1999423503875732, 83.3614501953125], [-1.1966679096221924, 0.0544128343462944, -0.00544679956510663, 138.8444061279297], [-0.05436410754919052, -1.1966371536254883, -0.010433998890221119, 90.88899230957031], [0.0, 0.0, 0.0, 1.0]]","[[1.0, -1.0], [2.0, -1.0], [0.0, -1.0]]",False,sub-0803_ses-01_T1w,sub-0803,t1w,,/Volumes/BACH2TB/Datasets/BGSP/orig_bids/sub-0803/ses-01/anat/sub-0803_ses-01_T1w.nii.gz,,BGSP
"(192, 192, 144)","(1.1979166269302368, 1.1979166269302368, 1.2000000476837158)",PIL,0.0,506.0,19.0,"[[-0.028303539380431175, 0.034447476267814636, -1.1991686820983887, 87.71998596191406], [-1.190618634223938, 0.12813208997249603, 0.03189312666654587, 111.4664535522461], [-0.12895885109901428, -1.1905460357666016, -0.031264688819646835, 95.31924438476562], [0.0, 0.0, 0.0, 1.0]]","[[1.0, -1.0], [2.0, -1.0], [0.0, -1.0]]",False,sub-0813_ses-01_T1w,sub-0813,t1w,,/Volumes/BACH2TB/Datasets/BGSP/orig_bids/sub-0813/ses-01/anat/sub-0813_ses-01_T1w.nii.gz,,BGSP
"(192, 192, 144)","(1.1979166269302368, 1.1979166269302368, 1.2000000476837158)",PIL,0.0,876.0,19.0,"[[-0.017558662220835686, -0.06892481446266174, -1.1978830099105835, 95.20928192138672], [-1.178565502166748, 0.2143900841474533, 0.004956887103617191, 115.7237548828125], [-0.21372711658477783, -1.1765587329864502, 0.07107754796743393, 120.44976806640625], [0.0, 0.0, 0.0, 1.0]]","[[1.0, -1.0], [2.0, -1.0], [0.0, -1.0]]",False,sub-0822_ses-01_T1w,sub-0822,t1w,,/Volumes/BACH2TB/Datasets/BGSP/orig_bids/sub-0822/ses-01/anat/sub-0822_ses-01_T1w.nii.gz,,BGSP
"(192, 192, 144)","(1.1979166269302368, 1.1979166269302368, 1.2000000476837158)",PIL,0.0,959.0,14.0,"[[0.021796485409140587, -0.018151139840483665, -1.1996636390686035, 93.19371032714844], [-1.1938337087631226, 0.09606225788593292, -0.02322455123066902, 116.5505599975586], [-0.09638661891222, -1.1939207315444946, 0.016370275989174843, 88.20231628417969], [0.0, 0.0, 0.0, 1.0]]","[[1.0, -1.0], [2.0, -1.0], [0.0, -1.0]]",False,sub-0823_ses-01_T1w,sub-0823,t1w,,/Volumes/BACH2TB/Datasets/BGSP/orig_bids/sub-0823/ses-01/anat/sub-0823_ses-01_T1w.nii.gz,,BGSP
"(192, 192, 144)","(1.1979166269302368, 1.1979166269302368, 1.2000000476837158)",PIL,0.0,891.0,12.0,"[[-0.02001792937517166, -0.024278515949845314, -1.199586033821106, 94.943359375], [-1.197219729423523, 0.03602088615298271, 0.019316401332616806, 127.33943939208984], [-0.035617645829916, -1.1971287727355957, 0.024909600615501404, 99.06080627441406], [0.0, 0.0, 0.0, 1.0]]","[[1.0, -1.0], [2.0, -1.0], [0.0, -1.0]]",False,sub-0824_ses-01_T1w,sub-0824,t1w,,/Volumes/BACH2TB/Datasets/BGSP/orig_bids/sub-0824/ses-01/anat/sub-0824_ses-01_T1w.nii.gz,,BGSP
"(192, 192, 144)","(1.1979166269302368, 1.1979166269302368, 1.2000000476837158)",PIL,0.0,714.0,14.0,"[[0.006975702475756407, -0.049851641058921814, -1.1989401578903198, 92.9091567993164], [-1.1960316896438599, -0.06704395264387131, -0.004185599274933338, 127.14228820800781], [0.06681084632873535, -1.1949996948242188, 0.05025118961930275, 95.91903686523438], [0.0, 0.0, 0.0, 1.0]]","[[1.0, -1.0], [2.0, -1.0], [0.0, -1.0]]",False,sub-0824_ses-02_T1w,sub-0824,t1w,,/Volumes/BACH2TB/Datasets/BGSP/orig_bids/sub-0824/ses-02/anat/sub-0824_ses-02_T1w.nii.gz,,BGSP
"(192, 192, 144)","(1.1979166269302368, 1.1979166269302368, 1.2000000476837158)",PIL,0.0,516.0,12.0,"[[0.08082028478384018, 0.0057111093774437904, -1.1972521543502808, 79.69735717773438], [-1.1303027868270874, -0.38896048069000244, -0.07842840999364853, 172.8270263671875], [0.3884430527687073, -1.132996678352356, 0.020889602601528168, 75.22173309326172], [0.0, 0.0, 0.0, 1.0]]","[[1.0, -1.0], [2.0, -1.0], [0.0, -1.0]]",False,sub-0829_ses-01_T1w,sub-0829,t1w,,/Volumes/BACH2TB/Datasets/BGSP/orig_bids/sub-0829/ses-01/anat/sub-0829_ses-01_T1w.nii.gz,,BGSP
"(192, 192, 144)","(1.1979166269302368, 1.1979166269302368, 1.2000000476837158)",PIL,0.0,736.0,17.0,"[[0.0020293639972805977, -0.060894694179296494, -1.1984469890594482, 92.14491271972656], [-1.1950048208236694, 0.08323762565851212, -0.006274726707488298, 143.78265380859375], [-0.08344831317663193, -1.193468689918518, 0.06071146950125694, 124.38642883300781], [0.0, 0.0, 0.0, 1.0]]","[[1.0, -1.0], [2.0, -1.0], [0.0, -1.0]]",False,sub-0830_ses-01_T1w,sub-0830,t1w,,/Volumes/BACH2TB/Datasets/BGSP/orig_bids/sub-0830/ses-01/anat/sub-0830_ses-01_T1w.nii.gz,,BGSP
"(192, 192, 144)","(1.1979166269302368, 1.1979166269302368, 1.2000000476837158)",PIL,0.0,853.0,18.0,"[[-0.0428781658411026, -0.012333838269114494, -1.1991673707962036, 88.6876449584961], [-1.1888468265533447, 0.14126552641391754, 0.04119912534952164, 127.08503723144531], [-0.14074406027793884, -1.1894941329956055, 0.017326802015304565, 109.4111099243164], [0.0, 0.0, 0.0, 1.0]]","[[1.0, -1.0], [2.0, -1.0], [0.0, -1.0]]",False,sub-0836_ses-01_T1w,sub-0836,t1w,,/Volumes/BACH2TB/Datasets/BGSP/orig_bids/sub-0836/ses-01/anat/sub-0836_ses-01_T1w.nii.gz,,BGSP
"(192, 192, 144)","(1.1979166269302368, 1.1979166269302368, 1.2000000476837158)",PIL,0.0,705.0,13.0,"[[0.059658002108335495, -0.07061254978179932, -1.1964218616485596, 82.85075378417969], [-1.1928791999816895, 0.08855294436216354, -0.06493297219276428, 141.4967498779297], [-0.0921097993850708, -1.1925504207611084, 0.06602005660533905, 101.0791015625], [0.0, 0.0, 0.0, 1.0]]","[[1.0, -1.0], [2.0, -1.0], [0.0, -1.0]]",False,sub-0837_ses-01_T1w,sub-0837,t1w,,/Volumes/BACH2TB/Datasets/BGSP/orig_bids/sub-0837/ses-01/anat/sub-0837_ses-01_T1w.nii.gz,,BGSP
"(192, 192, 144)","(1.1979166269302368, 1.1979166269302368, 1.2000000476837158)",PIL,0.0,831.0,39.0,"[[-0.033682048320770264, 0.05531434714794159, -1.1982450485229492, 87.605712890625], [-1.1971129179000854, 0.026541851460933685, 0.034996818751096725, 132.5441436767578], [-0.028116224333643913, -1.1963444948196411, -0.05462643504142761, 112.4175033569336], [0.0, 0.0, 0.0, 1.0]]","[[1.0, -1.0], [2.0, -1.0], [0.0, -1.0]]",False,sub-0839_ses-01_T1w,sub-0839,t1w,,/Volumes/BACH2TB/Datasets/BGSP/orig_bids/sub-0839/ses-01/anat/sub-0839_ses-01_T1w.nii.gz,,BGSP
"(192, 192, 144)","(1.1979166269302368, 1.1979166269302368, 1.2000000476837158)",PIL,0.0,808.0,17.0,"[[0.061393704265356064, -0.09154637157917023, -1.1949092149734497, 86.91011047363281], [-1.18381667137146, 0.16773651540279388, -0.07393109053373337, 119.9537353515625], [-0.17266502976417542, -1.1825767755508423, 0.0820140615105629, 150.9626007080078], [0.0, 0.0, 0.0, 1.0]]","[[1.0, -1.0], [2.0, -1.0], [0.0, -1.0]]",False,sub-0849_ses-01_T1w,sub-0849,t1w,,/Volumes/BACH2TB/Datasets/BGSP/orig_bids/sub-0849/ses-01/anat/sub-0849_ses-01_T1w.nii.gz,,BGSP
"(192, 192, 144)","(1.1979166269302368, 1.1979166269302368, 1.2000000476837158)",PIL,0.0,706.0,17.0,"[[0.05667468160390854, -0.054202307015657425, -1.1974259614944458, 82.40188598632812], [-1.1928308010101318, 0.09203869104385376, -0.06083447486162186, 136.34779357910156], [-0.09458906203508377, -1.1931451559066772, 0.049704115837812424, 140.31884765625], [0.0, 0.0, 0.0, 1.0]]","[[1.0, -1.0], [2.0, -1.0], [0.0, -1.0]]",False,sub-0849_ses-02_T1w,sub-0849,t1w,,/Volumes/BACH2TB/Datasets/BGSP/orig_bids/sub-0849/ses-02/anat/sub-0849_ses-02_T1w.nii.gz,,BGSP
"(192, 192, 144)","(1.1979166269302368, 1.1979166269302368, 1.2000000476837158)",PIL,0.0,811.0,41.0,"[[-0.0017793623264878988, -0.017086142674088478, -1.1998766660690308, 91.89958953857422], [-1.122844934463501, 0.41737884283065796, -0.0042931451462209225, 92.68488311767578], [-0.4173971116542816, -1.12272310256958, 0.016664164140820503, 138.30735778808594], [0.0, 0.0, 0.0, 1.0]]","[[1.0, -1.0], [2.0, -1.0], [0.0, -1.0]]",False,sub-0850_ses-01_T1w,sub-0850,t1w,,/Volumes/BACH2TB/Datasets/BGSP/orig_bids/sub-0850/ses-01/anat/sub-0850_ses-01_T1w.nii.gz,,BGSP
"(192, 192, 144)","(1.1979166269302368, 1.1979166269302368, 1.2000000476837158)",PIL,0.0,919.0,20.0,"[[-0.008812278509140015, -0.05856575444340706, -1.1985325813293457, 94.08010864257812], [-1.196233868598938, -0.062355540692806244, 0.011883602477610111, 135.4870147705078], [0.06285925954580307, -1.194858193397522, 0.058125611394643784, 74.35700225830078], [0.0, 0.0, 0.0, 1.0]]","[[1.0, -1.0], [2.0, -1.0], [0.0, -1.0]]",False,sub-0859_ses-01_T1w,sub-0859,t1w,,/Volumes/BACH2TB/Datasets/BGSP/orig_bids/sub-0859/ses-01/anat/sub-0859_ses-01_T1w.nii.gz,,BGSP
"(192, 192, 144)","(1.1979166269302368, 1.1979166269302368, 1.2000000476837158)",PIL,0.0,799.0,11.0,"[[0.10476183146238327, -0.04696786031126976, -1.1944761276245117, 77.08708190917969], [-1.1920619010925293, -0.059221260249614716, -0.10257729887962341, 145.2566375732422], [0.054933782666921616, -1.195529580116272, 0.05200799182057381, 103.4641342163086], [0.0, 0.0, 0.0, 1.0]]","[[1.0, -1.0], [2.0, -1.0], [0.0, -1.0]]",False,sub-0860_ses-01_T1w,sub-0860,t1w,,/Volumes/BACH2TB/Datasets/BGSP/orig_bids/sub-0860/ses-01/anat/sub-0860_ses-01_T1w.nii.gz,,BGSP
"(192, 192, 144)","(1.1979166269302368, 1.1979166269302368, 1.2000000476837158)",PIL,0.0,788.0,19.0,"[[-0.10771598666906357, -0.03996599093079567, -1.1944681406021118, 102.5841064453125], [-1.1919689178466797, 0.05488821864128113, 0.1060219332575798, 116.63890075683594], [-0.05110412836074829, -1.1959909200668335, 0.04478076472878456, 109.24945068359375], [0.0, 0.0, 0.0, 1.0]]","[[1.0, -1.0], [2.0, -1.0], [0.0, -1.0]]",False,sub-0868_ses-01_T1w,sub-0868,t1w,,/Volumes/BACH2TB/Datasets/BGSP/orig_bids/sub-0868/ses-01/anat/sub-0868_ses-01_T1w.nii.gz,,BGSP
"(192, 192, 144)","(1.1979166269302368, 1.1979166269302368, 1.2000000476837158)",PIL,0.0,891.0,13.0,"[[0.024765031412243843, -0.03546113520860672, -1.199217677116394, 83.41259002685547], [-1.1970144510269165, 0.0385950468480587, -0.02595083974301815, 133.8661346435547], [-0.03933675214648247, -1.1967694759368896, 0.034696921706199646, 82.34972381591797], [0.0, 0.0, 0.0, 1.0]]","[[1.0, -1.0], [2.0, -1.0], [0.0, -1.0]]",False,sub-0876_ses-01_T1w,sub-0876,t1w,,/Volumes/BACH2TB/Datasets/BGSP/orig_bids/sub-0876/ses-01/anat/sub-0876_ses-01_T1w.nii.gz,,BGSP
"(192, 192, 144)","(1.1979166269302368, 1.1979166269302368, 1.2000000476837158)",PIL,0.0,1121.0,55.0,"[[-0.045077044516801834, 0.06751470267772675, -1.1972414255142212, 86.44673919677734], [-1.1880489587783813, 0.14401699602603912, 0.0530364103615284, 119.7659912109375], [-0.14666984975337982, -1.1873100996017456, -0.06164640933275223, 117.96492004394531], [0.0, 0.0, 0.0, 1.0]]","[[1.0, -1.0], [2.0, -1.0], [0.0, -1.0]]",False,sub-0879_ses-01_T1w,sub-0879,t1w,,/Volumes/BACH2TB/Datasets/BGSP/orig_bids/sub-0879/ses-01/anat/sub-0879_ses-01_T1w.nii.gz,,BGSP
"(192, 192, 144)","(1.1979166269302368, 1.1979166269302368, 1.2000000476837158)",PIL,0.0,925.0,35.0,"[[0.08773122727870941, -0.053657107055187225, -1.1955699920654297, 79.83366394042969], [-1.1104741096496582, 0.4377080202102661, -0.10148318856954575, 101.58561706542969], [-0.44062983989715576, -1.113793969154358, 0.017714764922857285, 130.62322998046875], [0.0, 0.0, 0.0, 1.0]]","[[1.0, -1.0], [2.0, -1.0], [0.0, -1.0]]",False,sub-0880_ses-01_T1w,sub-0880,t1w,,/Volumes/BACH2TB/Datasets/BGSP/orig_bids/sub-0880/ses-01/anat/sub-0880_ses-01_T1w.nii.gz,,BGSP
"(192, 192, 144)","(1.1979166269302368, 1.1979166269302368, 1.2000000476837158)",PIL,0.0,841.0,45.0,"[[0.09881386905908585, -0.0533544197678566, -1.1947156190872192, 81.5845718383789], [-1.1290006637573242, 0.3848305642604828, -0.11094951629638672, 104.30789184570312], [-0.38806894421577454, -1.1331650018692017, 0.018573006615042686, 113.9150390625], [0.0, 0.0, 0.0, 1.0]]","[[1.0, -1.0], [2.0, -1.0], [0.0, -1.0]]",False,sub-0887_ses-01_T1w,sub-0887,t1w,,/Volumes/BACH2TB/Datasets/BGSP/orig_bids/sub-0887/ses-01/anat/sub-0887_ses-01_T1w.nii.gz,,BGSP
"(192, 192, 144)","(1.1979166269302368, 1.1979166269302368, 1.2000000476837158)",PIL,0.0,809.0,12.0,"[[-0.07114440202713013, -0.01860067807137966, -1.1977368593215942, 94.5568618774414], [-1.195765495300293, -0.00828011054545641, 0.0714036077260971, 126.21073913574219], [0.009371292777359486, -1.1977436542510986, 0.018106801435351372, 98.45337677001953], [0.0, 0.0, 0.0, 1.0]]","[[1.0, -1.0], [2.0, -1.0], [0.0, -1.0]]",False,sub-0894_ses-01_T1w,sub-0894,t1w,,/Volumes/BACH2TB/Datasets/BGSP/orig_bids/sub-0894/ses-01/anat/sub-0894_ses-01_T1w.nii.gz,,BGSP
"(192, 192, 144)","(1.1979166269302368, 1.1979166269302368, 1.2000000476837158)",PIL,0.0,602.0,14.0,"[[0.08373042196035385, -0.03046569600701332, -1.1966760158538818, 78.30908203125], [-1.1940792798995972, 0.04453188553452492, -0.08497728407382965, 138.41668701171875], [-0.0465659461915493, -1.196700930595398, 0.027302881702780724, 106.82841491699219], [0.0, 0.0, 0.0, 1.0]]","[[1.0, -1.0], [2.0, -1.0], [0.0, -1.0]]",False,sub-0904_ses-01_T1w,sub-0904,t1w,,/Volumes/BACH2TB/Datasets/BGSP/orig_bids/sub-0904/ses-01/anat/sub-0904_ses-01_T1w.nii.gz,,BGSP
"(192, 192, 144)","(1.1979166269302368, 1.1979166269302368, 1.2000000476837158)",PIL,0.0,568.0,13.0,"[[0.04157701134681702, -0.01723484694957733, -1.1991528272628784, 81.47925567626953], [-1.1970378160476685, 0.018807033076882362, -0.04191936179995537, 131.2387237548828], [-0.019395820796489716, -1.1976450681686401, 0.016598161309957504, 111.40592956542969], [0.0, 0.0, 0.0, 1.0]]","[[1.0, -1.0], [2.0, -1.0], [0.0, -1.0]]",False,sub-0904_ses-02_T1w,sub-0904,t1w,,/Volumes/BACH2TB/Datasets/BGSP/orig_bids/sub-0904/ses-02/anat/sub-0904_ses-02_T1w.nii.gz,,BGSP
"(192, 192, 144)","(1.1979166269302368, 1.1979166269302368, 1.2000000476837158)",PIL,0.0,944.0,14.0,"[[0.01877473294734955, 0.014598168432712555, -1.199763536453247, 86.05120086669922], [-1.1977516412734985, -0.006308285985141993, -0.018885478377342224, 132.83375549316406], [0.0065367878414690495, -1.1978111267089844, -0.01452263817191124, 97.53766632080078], [0.0, 0.0, 0.0, 1.0]]","[[1.0, -1.0], [2.0, -1.0], [0.0, -1.0]]",False,sub-0905_ses-01_T1w,sub-0905,t1w,,/Volumes/BACH2TB/Datasets/BGSP/orig_bids/sub-0905/ses-01/anat/sub-0905_ses-01_T1w.nii.gz,,BGSP
"(192, 192, 144)","(1.1979166269302368, 1.1979166269302368, 1.2000000476837158)",PIL,0.0,553.0,15.0,"[[-0.0552678182721138, -0.05762842297554016, -1.1973313093185425, 95.9349136352539], [-1.1947062015533447, -0.06535707414150238, 0.058495212346315384, 128.37867736816406], [0.06802088022232056, -1.194743275642395, 0.054553207010030746, 94.97649383544922], [0.0, 0.0, 0.0, 1.0]]","[[1.0, -1.0], [2.0, -1.0], [0.0, -1.0]]",False,sub-0907_ses-01_T1w,sub-0907,t1w,,/Volumes/BACH2TB/Datasets/BGSP/orig_bids/sub-0907/ses-01/anat/sub-0907_ses-01_T1w.nii.gz,,BGSP
"(192, 192, 144)","(1.1979166269302368, 1.1979166269302368, 1.2000000476837158)",PIL,0.0,884.0,16.0,"[[0.09172719717025757, -0.041679445654153824, -1.1957480907440186, 80.63111877441406], [-1.1942983865737915, -0.018781885504722595, -0.09127797931432724, 140.09628295898438], [0.015544988214969635, -1.197044014930725, 0.04306679219007492, 91.39794158935547], [0.0, 0.0, 0.0, 1.0]]","[[1.0, -1.0], [2.0, -1.0], [0.0, -1.0]]",False,sub-0912_ses-01_T1w,sub-0912,t1w,,/Volumes/BACH2TB/Datasets/BGSP/orig_bids/sub-0912/ses-01/anat/sub-0912_ses-01_T1w.nii.gz,,BGSP
"(192, 192, 144)","(1.1979166269302368, 1.1979166269302368, 1.2000000476837158)",PIL,0.0,605.0,18.0,"[[0.00844685547053814, -0.01464929711073637, -1.1998804807662964, 81.21554565429688], [-1.1978850364685059, 0.0019875068683177233, -0.008486536331474781, 142.3400421142578], [-0.0020909099839627743, -1.1978254318237305, 0.014659925363957882, 115.48678588867188], [0.0, 0.0, 0.0, 1.0]]","[[1.0, -1.0], [2.0, -1.0], [0.0, -1.0]]",False,sub-0918_ses-01_T1w,sub-0918,t1w,,/Volumes/BACH2TB/Datasets/BGSP/orig_bids/sub-0918/ses-01/anat/sub-0918_ses-01_T1w.nii.gz,,BGSP
"(192, 192, 144)","(1.1979166269302368, 1.1979166269302368, 1.2000000476837158)",PIL,0.0,572.0,16.0,"[[0.024361472576856613, -0.03948059305548668, -1.1990998983383179, 88.06941223144531], [-1.1955339908599854, 0.07065333425998688, -0.02670791931450367, 129.35618591308594], [-0.07147903740406036, -1.1951793432235718, 0.038031477481126785, 105.9690933227539], [0.0, 0.0, 0.0, 1.0]]","[[1.0, -1.0], [2.0, -1.0], [0.0, -1.0]]",False,sub-0923_ses-01_T1w,sub-0923,t1w,,/Volumes/BACH2TB/Datasets/BGSP/orig_bids/sub-0923/ses-01/anat/sub-0923_ses-01_T1w.nii.gz,,BGSP
"(192, 192, 144)","(1.1979166269302368, 1.1979166269302368, 1.2000000476837158)",PIL,0.0,754.0,14.0,"[[0.04340508580207825, -0.006528555415570736, -1.1991941928863525, 85.4033432006836], [-1.1909897327423096, 0.12093576788902283, -0.04391882196068764, 117.01544189453125], [-0.1210934966802597, -1.1917786598205566, 0.0021120011806488037, 100.29912567138672], [0.0, 0.0, 0.0, 1.0]]","[[1.0, -1.0], [2.0, -1.0], [0.0, -1.0]]",False,sub-0927_ses-01_T1w,sub-0927,t1w,,/Volumes/BACH2TB/Datasets/BGSP/orig_bids/sub-0927/ses-01/anat/sub-0927_ses-01_T1w.nii.gz,,BGSP
"(192, 192, 144)","(1.1979166269302368, 1.1979166269302368, 1.2000000476837158)",PIL,0.0,665.0,24.0,"[[-0.004215501714497805, -0.1289881467819214, -1.193015694618225, 99.09893035888672], [-1.189992904663086, 0.13714241981506348, -0.010659968480467796, 130.51449584960938], [-0.13749004900455475, -1.183029294013977, 0.1288415640592575, 106.89718627929688], [0.0, 0.0, 0.0, 1.0]]","[[1.0, -1.0], [2.0, -1.0], [0.0, -1.0]]",False,sub-0932_ses-01_T1w,sub-0932,t1w,,/Volumes/BACH2TB/Datasets/BGSP/orig_bids/sub-0932/ses-01/anat/sub-0932_ses-01_T1w.nii.gz,,BGSP
"(192, 192, 144)","(1.1979166269302368, 1.1979166269302368, 1.2000000476837158)",PIL,0.0,583.0,13.0,"[[-0.04549248889088631, -0.07925323396921158, -1.1965034008026123, 104.69142150878906], [-1.1963807344436646, 0.04304877296090126, 0.042784810066223145, 125.48583984375], [-0.04009763523936272, -1.194516658782959, 0.0809268206357956, 93.26448059082031], [0.0, 0.0, 0.0, 1.0]]","[[1.0, -1.0], [2.0, -1.0], [0.0, -1.0]]",False,sub-0936_ses-01_T1w,sub-0936,t1w,,/Volumes/BACH2TB/Datasets/BGSP/orig_bids/sub-0936/ses-01/anat/sub-0936_ses-01_T1w.nii.gz,,BGSP
"(192, 192, 144)","(1.1979166269302368, 1.1979166269302368, 1.2000000476837158)",PIL,0.0,642.0,15.0,"[[-0.07278870791196823, -0.03476765751838684, -1.19727623462677, 98.42923736572266], [-1.1764342784881592, 0.2161831110715866, 0.06547106057405472, 111.81037902832031], [-0.2137955129146576, -1.1777352094650269, 0.04736209288239479, 125.76795196533203], [0.0, 0.0, 0.0, 1.0]]","[[1.0, -1.0], [2.0, -1.0], [0.0, -1.0]]",False,sub-0937_ses-01_T1w,sub-0937,t1w,,/Volumes/BACH2TB/Datasets/BGSP/orig_bids/sub-0937/ses-01/anat/sub-0937_ses-01_T1w.nii.gz,,BGSP
"(192, 192, 144)","(1.1979166269302368, 1.1979166269302368, 1.2000000476837158)",PIL,0.0,643.0,26.0,"[[-0.012607728131115437, -0.016607962548732758, -1.1998182535171509, 82.99662780761719], [-1.1555534601211548, 0.31565791368484497, 0.007800424005836248, 105.39221954345703], [-0.3155021667480469, -1.1554603576660156, 0.019376052543520927, 113.14810180664062], [0.0, 0.0, 0.0, 1.0]]","[[1.0, -1.0], [2.0, -1.0], [0.0, -1.0]]",False,sub-0943_ses-01_T1w,sub-0943,t1w,,/Volumes/BACH2TB/Datasets/BGSP/orig_bids/sub-0943/ses-01/anat/sub-0943_ses-01_T1w.nii.gz,,BGSP
"(192, 192, 144)","(1.1979166269302368, 1.1979166269302368, 1.2000000476837158)",PIL,0.0,774.0,25.0,"[[0.09331299364566803, -0.058208514004945755, -1.194931983947754, 81.4327621459961], [-1.186316728591919, 0.1333952695131302, -0.09948345273733139, 132.1991729736328], [-0.1376575380563736, -1.189042329788208, 0.047336503863334656, 105.14415740966797], [0.0, 0.0, 0.0, 1.0]]","[[1.0, -1.0], [2.0, -1.0], [0.0, -1.0]]",False,sub-0944_ses-01_T1w,sub-0944,t1w,,/Volumes/BACH2TB/Datasets/BGSP/orig_bids/sub-0944/ses-01/anat/sub-0944_ses-01_T1w.nii.gz,,BGSP
"(192, 192, 144)","(1.1979166269302368, 1.1979166269302368, 1.2000000476837158)",PIL,0.0,841.0,17.0,"[[0.09903531521558762, -0.036523159593343735, -1.195332407951355, 75.61780548095703], [-1.1930744647979736, 0.039163604378700256, -0.10039322823286057, 128.67819213867188], [-0.04206682741641998, -1.1967190504074097, 0.033195611089468, 98.27013397216797], [0.0, 0.0, 0.0, 1.0]]","[[1.0, -1.0], [2.0, -1.0], [0.0, -1.0]]",False,sub-0950_ses-01_T1w,sub-0950,t1w,,/Volumes/BACH2TB/Datasets/BGSP/orig_bids/sub-0950/ses-01/anat/sub-0950_ses-01_T1w.nii.gz,,BGSP
"(192, 192, 144)","(1.1979166269302368, 1.1979166269302368, 1.2000000476837158)",PIL,0.0,702.0,16.0,"[[0.05645931512117386, 0.032700009644031525, -1.198218822479248, 79.99227905273438], [-1.1959699392318726, 0.03994574770331383, -0.055455584079027176, 138.1884002685547], [-0.038375288248062134, -1.1968038082122803, -0.0345899872481823, 98.92581939697266], [0.0, 0.0, 0.0, 1.0]]","[[1.0, -1.0], [2.0, -1.0], [0.0, -1.0]]",False,sub-0961_ses-01_T1w,sub-0961,t1w,,/Volumes/BACH2TB/Datasets/BGSP/orig_bids/sub-0961/ses-01/anat/sub-0961_ses-01_T1w.nii.gz,,BGSP
"(192, 192, 144)","(1.1979166269302368, 1.1979166269302368, 1.2000000476837158)",PIL,0.0,700.0,31.0,"[[-0.02227604389190674, -0.04646725580096245, -1.1988892555236816, 98.4744873046875], [-1.1943638324737549, 0.0902692973613739, 0.01875840686261654, 130.59564208984375], [-0.08945935219526291, -1.1936064958572388, 0.04809121787548065, 131.9352569580078], [0.0, 0.0, 0.0, 1.0]]","[[1.0, -1.0], [2.0, -1.0], [0.0, -1.0]]",False,sub-0971_ses-01_T1w,sub-0971,t1w,,/Volumes/BACH2TB/Datasets/BGSP/orig_bids/sub-0971/ses-01/anat/sub-0971_ses-01_T1w.nii.gz,,BGSP
"(192, 192, 144)","(1.1979166269302368, 1.1979166269302368, 1.2000000476837158)",PIL,0.0,682.0,30.0,"[[-0.07658424973487854, 0.009711483493447304, -1.1975057125091553, 93.95266723632812], [-1.1862465143203735, 0.1478653997182846, 0.07733163982629776, 110.95159912109375], [-0.1481838822364807, -1.188715934753418, -0.00016440007311757654, 104.45234680175781], [0.0, 0.0, 0.0, 1.0]]","[[1.0, -1.0], [2.0, -1.0], [0.0, -1.0]]",False,sub-0979_ses-01_T1w,sub-0979,t1w,,/Volumes/BACH2TB/Datasets/BGSP/orig_bids/sub-0979/ses-01/anat/sub-0979_ses-01_T1w.nii.gz,,BGSP
"(192, 192, 144)","(1.1979166269302368, 1.1979166269302368, 1.2000000476837158)",PIL,0.0,579.0,44.0,"[[-0.05747556686401367, -0.021554330363869667, -1.1984235048294067, 93.97107696533203], [-1.196402668952942, -0.01690780185163021, 0.057883575558662415, 151.28797912597656], [0.017925288528203964, -1.1976033449172974, 0.020751606673002243, 100.7857894897461], [0.0, 0.0, 0.0, 1.0]]","[[1.0, -1.0], [2.0, -1.0], [0.0, -1.0]]",False,sub-0991_ses-01_T1w,sub-0991,t1w,,/Volumes/BACH2TB/Datasets/BGSP/orig_bids/sub-0991/ses-01/anat/sub-0991_ses-01_T1w.nii.gz,,BGSP
"(192, 192, 144)","(1.1979166269302368, 1.1979166269302368, 1.2000000476837158)",PIL,0.0,792.0,13.0,"[[-0.001605894765816629, -0.04072442650794983, -1.1993052959442139, 90.12353515625], [-1.1952143907546997, -0.08029910922050476, 0.004342188593000174, 144.21868896484375], [0.08039996773004532, -1.194528341293335, 0.04059528559446335, 97.79147338867188], [0.0, 0.0, 0.0, 1.0]]","[[1.0, -1.0], [2.0, -1.0], [0.0, -1.0]]",False,sub-0993_ses-01_T1w,sub-0993,t1w,,/Volumes/BACH2TB/Datasets/BGSP/orig_bids/sub-0993/ses-01/anat/sub-0993_ses-01_T1w.nii.gz,,BGSP
"(192, 192, 144)","(1.1979166269302368, 1.1979166269302368, 1.2000000476837158)",PIL,0.0,639.0,16.0,"[[0.1297290176153183, -0.027639541774988174, -1.1926212310791016, 78.52135467529297], [-1.1908671855926514, -0.006208090111613274, -0.1298447996377945, 156.9609375], [0.0031792069785296917, -1.1975816488265991, 0.028198201209306717, 116.96145629882812], [0.0, 0.0, 0.0, 1.0]]","[[1.0, -1.0], [2.0, -1.0], [0.0, -1.0]]",False,sub-0999_ses-01_T1w,sub-0999,t1w,,/Volumes/BACH2TB/Datasets/BGSP/orig_bids/sub-0999/ses-01/anat/sub-0999_ses-01_T1w.nii.gz,,BGSP
"(192, 192, 144)","(1.1979166269302368, 1.1979166269302368, 1.2000000476837158)",PIL,0.0,499.0,18.0,"[[0.1459861397743225, -0.03840605914592743, -1.1904343366622925, 74.1987533569336], [-1.1887285709381104, 0.020288733765482903, -0.14694128930568695, 168.47987365722656], [-0.024829866364598274, -1.1971288919448853, 0.03570026531815529, 104.07469940185547], [0.0, 0.0, 0.0, 1.0]]","[[1.0, -1.0], [2.0, -1.0], [0.0, -1.0]]",False,sub-1008_ses-01_T1w,sub-1008,t1w,,/Volumes/BACH2TB/Datasets/BGSP/orig_bids/sub-1008/ses-01/anat/sub-1008_ses-01_T1w.nii.gz,,BGSP
"(192, 192, 144)","(1.1979166269302368, 1.1979166269302368, 1.2000000476837158)",PIL,0.0,559.0,11.0,"[[-0.002853041049093008, -0.014581943862140179, -1.1999077796936035, 87.30907440185547], [-1.1973222494125366, 0.037656355649232864, 0.00239756447263062, 130.2998046875], [-0.03762432560324669, -1.1972359418869019, 0.014689803123474121, 102.45100402832031], [0.0, 0.0, 0.0, 1.0]]","[[1.0, -1.0], [2.0, -1.0], [0.0, -1.0]]",False,sub-1017_ses-01_T1w,sub-1017,t1w,,/Volumes/BACH2TB/Datasets/BGSP/orig_bids/sub-1017/ses-01/anat/sub-1017_ses-01_T1w.nii.gz,,BGSP
"(192, 192, 144)","(1.1979166269302368, 1.1979166269302368, 1.2000000476837158)",PIL,0.0,646.0,23.0,"[[-0.10350356251001358, -0.07178839296102524, -1.1933475732803345, 106.43213653564453], [-1.192712664604187, 0.047871608287096024, 0.10091883689165115, 119.8453598022461], [-0.04156888648867607, -1.1948050260543823, 0.07574401795864105, 95.8150863647461], [0.0, 0.0, 0.0, 1.0]]","[[1.0, -1.0], [2.0, -1.0], [0.0, -1.0]]",False,sub-1020_ses-01_T1w,sub-1020,t1w,,/Volumes/BACH2TB/Datasets/BGSP/orig_bids/sub-1020/ses-01/anat/sub-1020_ses-01_T1w.nii.gz,,BGSP
"(192, 192, 144)","(1.1979166269302368, 1.1979166269302368, 1.2000000476837158)",PIL,0.0,808.0,19.0,"[[0.02741553820669651, -0.08316787332296371, -1.1967895030975342, 93.61499786376953], [-1.1915158033370972, 0.11843983083963394, -0.035649023950099945, 122.41847229003906], [-0.12059365212917328, -1.1891423463821411, 0.0801515281200409, 106.79521942138672], [0.0, 0.0, 0.0, 1.0]]","[[1.0, -1.0], [2.0, -1.0], [0.0, -1.0]]",False,sub-1030_ses-01_T1w,sub-1030,t1w,,/Volumes/BACH2TB/Datasets/BGSP/orig_bids/sub-1030/ses-01/anat/sub-1030_ses-01_T1w.nii.gz,,BGSP
"(192, 192, 144)","(1.1979166269302368, 1.1979166269302368, 1.2000000476837158)",PIL,0.0,709.0,20.0,"[[0.19449301064014435, 0.02827136591076851, -1.1837393045425415, 63.59353256225586], [-1.1337755918502808, 0.3431197702884674, -0.17870886623859406, 111.16470336914062], [-0.3342599868774414, -1.1473768949508667, -0.08261008560657501, 133.18707275390625], [0.0, 0.0, 0.0, 1.0]]","[[1.0, -1.0], [2.0, -1.0], [0.0, -1.0]]",False,sub-1039_ses-01_T1w,sub-1039,t1w,,/Volumes/BACH2TB/Datasets/BGSP/orig_bids/sub-1039/ses-01/anat/sub-1039_ses-01_T1w.nii.gz,,BGSP
"(192, 192, 144)","(1.1979166269302368, 1.1979166269302368, 1.2000000476837158)",PIL,0.0,927.0,14.0,"[[-0.026590513065457344, -0.08994431793689728, -1.1963162422180176, 96.393310546875], [-1.1933391094207764, 0.10291743278503418, 0.018852002918720245, 126.77058410644531], [-0.10118846595287323, -1.1900933980941772, 0.09204481542110443, 94.58172607421875], [0.0, 0.0, 0.0, 1.0]]","[[1.0, -1.0], [2.0, -1.0], [0.0, -1.0]]",False,sub-1041_ses-01_T1w,sub-1041,t1w,,/Volumes/BACH2TB/Datasets/BGSP/orig_bids/sub-1041/ses-01/anat/sub-1041_ses-01_T1w.nii.gz,,BGSP
"(192, 192, 144)","(1.1979166269302368, 1.1979166269302368, 1.2000000476837158)",PIL,0.0,449.0,15.0,"[[0.030228430405259132, 0.01870252564549446, -1.1994715929031372, 73.60751342773438], [-1.191729187965393, -0.11733303964138031, -0.03197374939918518, 149.2373046875], [0.1177796870470047, -1.1920098066329956, -0.015671875327825546, 104.4333724975586], [0.0, 0.0, 0.0, 1.0]]","[[1.0, -1.0], [2.0, -1.0], [0.0, -1.0]]",False,sub-1043_ses-01_T1w,sub-1043,t1w,,/Volumes/BACH2TB/Datasets/BGSP/orig_bids/sub-1043/ses-01/anat/sub-1043_ses-01_T1w.nii.gz,,BGSP
"(192, 192, 144)","(1.1979166269302368, 1.1979166269302368, 1.2000000476837158)",PIL,0.0,608.0,12.0,"[[-0.07181231677532196, -0.03138601407408714, -1.1974291801452637, 93.56227111816406], [-1.1907166242599487, 0.11176972836256027, 0.06871846318244934, 121.7501449584961], [-0.10973294079303741, -1.1922779083251953, 0.037964027374982834, 117.40116882324219], [0.0, 0.0, 0.0, 1.0]]","[[1.0, -1.0], [2.0, -1.0], [0.0, -1.0]]",False,sub-1050_ses-01_T1w,sub-1050,t1w,,/Volumes/BACH2TB/Datasets/BGSP/orig_bids/sub-1050/ses-01/anat/sub-1050_ses-01_T1w.nii.gz,,BGSP
"(192, 192, 144)","(1.1979166269302368, 1.1979166269302368, 1.2000000476837158)",PIL,0.0,924.0,12.0,"[[-0.020978938788175583, 0.050806447863578796, -1.1987360715866089, 86.57522583007812], [-1.1656674146652222, -0.2759486436843872, 0.00873479712754488, 152.78587341308594], [0.2752881646156311, -1.1645923852920532, -0.05436598137021065, 98.08943939208984], [0.0, 0.0, 0.0, 1.0]]","[[1.0, -1.0], [2.0, -1.0], [0.0, -1.0]]",False,sub-1057_ses-01_T1w,sub-1057,t1w,,/Volumes/BACH2TB/Datasets/BGSP/orig_bids/sub-1057/ses-01/anat/sub-1057_ses-01_T1w.nii.gz,,BGSP
"(192, 192, 144)","(1.1979166269302368, 1.1979166269302368, 1.2000000476837158)",PIL,0.0,832.0,12.0,"[[0.042683977633714676, 0.03189485892653465, -1.1988123655319214, 82.49752044677734], [-1.1749638319015503, -0.22838716208934784, -0.0480780191719532, 150.718505859375], [0.22943897545337677, -1.175511121749878, -0.02318640612065792, 104.92378997802734], [0.0, 0.0, 0.0, 1.0]]","[[1.0, -1.0], [2.0, -1.0], [0.0, -1.0]]",False,sub-1057_ses-02_T1w,sub-1057,t1w,,/Volumes/BACH2TB/Datasets/BGSP/orig_bids/sub-1057/ses-02/anat/sub-1057_ses-02_T1w.nii.gz,,BGSP
"(192, 192, 144)","(1.1979166269302368, 1.1979166269302368, 1.2000000476837158)",PIL,0.0,713.0,15.0,"[[-0.003953151870518923, 0.08213021606206894, -1.1971698999404907, 75.99518585205078], [-1.1954288482666016, 0.07661067694425583, 0.009235205128788948, 127.2276840209961], [-0.07706207036972046, -1.1926398277282715, -0.08184844255447388, 123.5591812133789], [0.0, 0.0, 0.0, 1.0]]","[[1.0, -1.0], [2.0, -1.0], [0.0, -1.0]]",False,sub-1059_ses-01_T1w,sub-1059,t1w,,/Volumes/BACH2TB/Datasets/BGSP/orig_bids/sub-1059/ses-01/anat/sub-1059_ses-01_T1w.nii.gz,,BGSP
"(192, 192, 144)","(1.1979166269302368, 1.1979166269302368, 1.2000000476837158)",PIL,0.0,848.0,19.0,"[[0.1487542688846588, 0.042328622192144394, -1.1899569034576416, 68.17865753173828], [-1.1550376415252686, 0.2878074645996094, -0.1346183717250824, 114.18089294433594], [-0.28065022826194763, -1.1620582342147827, -0.07668550312519073, 117.2829818725586], [0.0, 0.0, 0.0, 1.0]]","[[1.0, -1.0], [2.0, -1.0], [0.0, -1.0]]",False,sub-1061_ses-01_T1w,sub-1061,t1w,,/Volumes/BACH2TB/Datasets/BGSP/orig_bids/sub-1061/ses-01/anat/sub-1061_ses-01_T1w.nii.gz,,BGSP
"(192, 192, 144)","(1.1979166269302368, 1.1979166269302368, 1.2000000476837158)",PIL,0.0,769.0,22.0,"[[0.0937797799706459, -0.04656752198934555, -1.1954073905944824, 83.47023010253906], [-1.1919347047805786, 0.07069242745637894, -0.0965963751077652, 135.6800537109375], [-0.07417041808366776, -1.194921851158142, 0.0408719927072525, 105.56547546386719], [0.0, 0.0, 0.0, 1.0]]","[[1.0, -1.0], [2.0, -1.0], [0.0, -1.0]]",False,sub-1063_ses-01_T1w,sub-1063,t1w,,/Volumes/BACH2TB/Datasets/BGSP/orig_bids/sub-1063/ses-01/anat/sub-1063_ses-01_T1w.nii.gz,,BGSP
"(192, 192, 144)","(1.1979166269302368, 1.1979166269302368, 1.2000000476837158)",PIL,0.0,801.0,13.0,"[[0.09402583539485931, -0.02931034378707409, -1.1959375143051147, 89.59465789794922], [-1.1902780532836914, -0.0995318666100502, -0.09145888686180115, 149.1837615966797], [0.09696099162101746, -1.1934146881103516, 0.036999501287937164, 79.92833709716797], [0.0, 0.0, 0.0, 1.0]]","[[1.0, -1.0], [2.0, -1.0], [0.0, -1.0]]",False,sub-1072_ses-01_T1w,sub-1072,t1w,,/Volumes/BACH2TB/Datasets/BGSP/orig_bids/sub-1072/ses-01/anat/sub-1072_ses-01_T1w.nii.gz,,BGSP
"(192, 192, 144)","(1.1979166269302368, 1.1979166269302368, 1.2000000476837158)",PIL,0.0,784.0,29.0,"[[0.005179757252335548, -0.005446430295705795, -1.1999764442443848, 87.85765075683594], [-1.1685963869094849, 0.263339638710022, -0.0062611945904791355, 117.1982421875], [-0.263362854719162, -1.16860032081604, 0.004181413445621729, 133.7679901123047], [0.0, 0.0, 0.0, 1.0]]","[[1.0, -1.0], [2.0, -1.0], [0.0, -1.0]]",False,sub-1082_ses-01_T1w,sub-1082,t1w,,/Volumes/BACH2TB/Datasets/BGSP/orig_bids/sub-1082/ses-01/anat/sub-1082_ses-01_T1w.nii.gz,,BGSP
"(192, 192, 144)","(1.1979166269302368, 1.1979166269302368, 1.2000000476837158)",PIL,0.0,690.0,24.0,"[[0.06773205101490021, 0.019796619191765785, -1.1979161500930786, 84.96127319335938], [-1.1876581907272339, 0.1423327773809433, -0.06502556055784225, 126.20664978027344], [-0.14101287722587585, -1.1892660856246948, -0.02772238664329052, 94.50965118408203], [0.0, 0.0, 0.0, 1.0]]","[[1.0, -1.0], [2.0, -1.0], [0.0, -1.0]]",False,sub-1084_ses-01_T1w,sub-1084,t1w,,/Volumes/BACH2TB/Datasets/BGSP/orig_bids/sub-1084/ses-01/anat/sub-1084_ses-01_T1w.nii.gz,,BGSP
"(192, 192, 144)","(1.1979166269302368, 1.1979166269302368, 1.2000000476837158)",PIL,0.0,886.0,49.0,"[[-0.10104649513959885, -0.0071789282374084, -1.1957017183303833, 105.69471740722656], [-1.1908142566680908, 0.0830887109041214, 0.10048321634531021, 122.89413452148438], [-0.08218995481729507, -1.1950100660324097, 0.014169600792229176, 103.68290710449219], [0.0, 0.0, 0.0, 1.0]]","[[1.0, -1.0], [2.0, -1.0], [0.0, -1.0]]",False,sub-1086_ses-01_T1w,sub-1086,t1w,,/Volumes/BACH2TB/Datasets/BGSP/orig_bids/sub-1086/ses-01/anat/sub-1086_ses-01_T1w.nii.gz,,BGSP
"(192, 192, 144)","(1.1979166269302368, 1.1979166269302368, 1.2000000476837158)",PIL,0.0,884.0,50.0,"[[0.01982502080500126, 0.035648129880428314, -1.199304223060608, 81.68014526367188], [-1.1909995079040527, 0.12755778431892395, -0.015951603651046753, 124.76605224609375], [-0.12700995802879333, -1.1905723810195923, -0.03761880472302437, 102.59915161132812], [0.0, 0.0, 0.0, 1.0]]","[[1.0, -1.0], [2.0, -1.0], [0.0, -1.0]]",False,sub-1086_ses-02_T1w,sub-1086,t1w,,/Volumes/BACH2TB/Datasets/BGSP/orig_bids/sub-1086/ses-02/anat/sub-1086_ses-02_T1w.nii.gz,,BGSP
"(192, 192, 144)","(1.1979166269302368, 1.1979166269302368, 1.2000000476837158)",PIL,0.0,699.0,12.0,"[[-0.055485572665929794, 0.018058083951473236, -1.1985756158828735, 91.63837432861328], [-1.185957908630371, -0.16044944524765015, 0.0526668019592762, 135.94802856445312], [0.1594664305448532, -1.1869853734970093, -0.025353601202368736, 93.85115814208984], [0.0, 0.0, 0.0, 1.0]]","[[1.0, -1.0], [2.0, -1.0], [0.0, -1.0]]",False,sub-1090_ses-01_T1w,sub-1090,t1w,,/Volumes/BACH2TB/Datasets/BGSP/orig_bids/sub-1090/ses-01/anat/sub-1090_ses-01_T1w.nii.gz,,BGSP
"(192, 192, 144)","(1.1979166269302368, 1.1979166269302368, 1.2000000476837158)",PIL,0.0,607.0,12.0,"[[0.013361113145947456, 0.046728070825338364, -1.1990121603012085, 75.95955657958984], [-1.1878845691680908, 0.15453937649726868, -0.007239574566483498, 119.53501892089844], [-0.1541302353143692, -1.186987042427063, -0.04814362898468971, 124.9045639038086], [0.0, 0.0, 0.0, 1.0]]","[[1.0, -1.0], [2.0, -1.0], [0.0, -1.0]]",False,sub-1092_ses-01_T1w,sub-1092,t1w,,/Volumes/BACH2TB/Datasets/BGSP/orig_bids/sub-1092/ses-01/anat/sub-1092_ses-01_T1w.nii.gz,,BGSP
"(192, 192, 144)","(1.1979166269302368, 1.1979166269302368, 1.2000000476837158)",PIL,0.0,890.0,18.0,"[[0.07500966638326645, 0.02343437448143959, -1.1974151134490967, 77.67096710205078], [-1.1918998956680298, 0.09518644958734512, -0.07305479049682617, 122.1799545288086], [-0.09355475753545761, -1.1938989162445068, -0.02932799607515335, 104.8144760131836], [0.0, 0.0, 0.0, 1.0]]","[[1.0, -1.0], [2.0, -1.0], [0.0, -1.0]]",False,sub-1097_ses-01_T1w,sub-1097,t1w,,/Volumes/BACH2TB/Datasets/BGSP/orig_bids/sub-1097/ses-01/anat/sub-1097_ses-01_T1w.nii.gz,,BGSP
"(192, 192, 144)","(1.1979166269302368, 1.1979166269302368, 1.2000000476837158)",PIL,0.0,841.0,15.0,"[[0.015754126012325287, 0.0866372212767601, -1.1967536211013794, 80.15437316894531], [-1.1974049806594849, -0.030042598024010658, -0.018000012263655663, 134.65264892578125], [0.03126088157296181, -1.1944018602371216, -0.08635445684194565, 119.91426849365234], [0.0, 0.0, 0.0, 1.0]]","[[1.0, -1.0], [2.0, -1.0], [0.0, -1.0]]",False,sub-1101_ses-01_T1w,sub-1101,t1w,,/Volumes/BACH2TB/Datasets/BGSP/orig_bids/sub-1101/ses-01/anat/sub-1101_ses-01_T1w.nii.gz,,BGSP
"(192, 192, 144)","(1.1979166269302368, 1.1979166269302368, 1.2000000476837158)",PIL,0.0,504.0,14.0,"[[-0.030260413885116577, 0.05166829377412796, -1.1985000371932983, 86.19001770019531], [-1.1924264430999756, -0.1117202565073967, 0.02537880279123783, 136.68898010253906], [0.11048786342144012, -1.1915760040283203, -0.05434800684452057, 104.54817962646484], [0.0, 0.0, 0.0, 1.0]]","[[1.0, -1.0], [2.0, -1.0], [0.0, -1.0]]",False,sub-1106_ses-01_T1w,sub-1106,t1w,,/Volumes/BACH2TB/Datasets/BGSP/orig_bids/sub-1106/ses-01/anat/sub-1106_ses-01_T1w.nii.gz,,BGSP
"(192, 192, 144)","(1.1979166269302368, 1.1979166269302368, 1.2000000476837158)",PIL,0.0,681.0,16.0,"[[0.022073756903409958, -0.02331879362463951, -1.1995689868927002, 86.1175765991211], [-1.1968116760253906, 0.04603232443332672, -0.02299763634800911, 137.81434631347656], [-0.04646267741918564, -1.1968047618865967, 0.02248847670853138, 104.47792053222656], [0.0, 0.0, 0.0, 1.0]]","[[1.0, -1.0], [2.0, -1.0], [0.0, -1.0]]",False,sub-1108_ses-01_T1w,sub-1108,t1w,,/Volumes/BACH2TB/Datasets/BGSP/orig_bids/sub-1108/ses-01/anat/sub-1108_ses-01_T1w.nii.gz,,BGSP
"(192, 192, 144)","(1.1979166269302368, 1.1979166269302368, 1.2000000476837158)",PIL,0.0,793.0,42.0,"[[-0.08087924122810364, -0.027025416493415833, -1.196955680847168, 103.74496459960938], [-1.1927647590637207, 0.07797306030988693, 0.07911001145839691, 123.1099853515625], [-0.07599359005689621, -1.195070743560791, 0.032229602336883545, 109.90819549560547], [0.0, 0.0, 0.0, 1.0]]","[[1.0, -1.0], [2.0, -1.0], [0.0, -1.0]]",False,sub-1119_ses-01_T1w,sub-1119,t1w,,/Volumes/BACH2TB/Datasets/BGSP/orig_bids/sub-1119/ses-01/anat/sub-1119_ses-01_T1w.nii.gz,,BGSP
"(192, 192, 144)","(1.1979166269302368, 1.1979166269302368, 1.2000000476837158)",PIL,0.0,680.0,17.0,"[[-0.12523972988128662, -0.0009653366287238896, -1.1934235095977783, 103.11737060546875], [-1.1908923387527466, -0.033166076987981796, 0.12543608248233795, 124.82157897949219], [0.033085212111473083, -1.1974570751190186, -0.0025128016714006662, 99.15452575683594], [0.0, 0.0, 0.0, 1.0]]","[[1.0, -1.0], [2.0, -1.0], [0.0, -1.0]]",False,sub-1135_ses-01_T1w,sub-1135,t1w,,/Volumes/BACH2TB/Datasets/BGSP/orig_bids/sub-1135/ses-01/anat/sub-1135_ses-01_T1w.nii.gz,,BGSP
"(192, 192, 144)","(1.1979166269302368, 1.1979166269302368, 1.2000000476837158)",PIL,0.0,957.0,13.0,"[[-0.04376480355858803, -0.027322854846715927, -1.1988866329193115, 96.24127960205078], [-1.1968786716461182, 0.024890214204788208, 0.0432744026184082, 134.46737670898438], [-0.02388180047273636, -1.1973463296890259, 0.02825748734176159, 95.43098449707031], [0.0, 0.0, 0.0, 1.0]]","[[1.0, -1.0], [2.0, -1.0], [0.0, -1.0]]",False,sub-1141_ses-01_T1w,sub-1141,t1w,,/Volumes/BACH2TB/Datasets/BGSP/orig_bids/sub-1141/ses-01/anat/sub-1141_ses-01_T1w.nii.gz,,BGSP
"(192, 192, 144)","(1.1979166269302368, 1.1979166269302368, 1.2000000476837158)",PIL,0.0,583.0,19.0,"[[0.1421198695898056, -0.033863890916109085, -1.1910420656204224, 71.54965209960938], [-1.1631351709365845, 0.2465546876192093, -0.14630760252475739, 116.4015121459961], [-0.24884295463562012, -1.171779990196228, 0.0036360120866447687, 132.06777954101562], [0.0, 0.0, 0.0, 1.0]]","[[1.0, -1.0], [2.0, -1.0], [0.0, -1.0]]",False,sub-1142_ses-01_T1w,sub-1142,t1w,,/Volumes/BACH2TB/Datasets/BGSP/orig_bids/sub-1142/ses-01/anat/sub-1142_ses-01_T1w.nii.gz,,BGSP
"(192, 192, 144)","(1.1979166269302368, 1.1979166269302368, 1.2000000476837158)",PIL,0.0,966.0,14.0,"[[0.001026951358653605, -0.017357908189296722, -1.199873685836792, 89.23004150390625], [-1.1979141235351562, -0.002265546005219221, -0.000996000599116087, 136.22250366210938], [0.0022509011905640364, -1.1977887153625488, 0.017389211803674698, 92.10769653320312], [0.0, 0.0, 0.0, 1.0]]","[[1.0, -1.0], [2.0, -1.0], [0.0, -1.0]]",False,sub-1144_ses-01_T1w,sub-1144,t1w,,/Volumes/BACH2TB/Datasets/BGSP/orig_bids/sub-1144/ses-01/anat/sub-1144_ses-01_T1w.nii.gz,,BGSP
"(192, 192, 144)","(1.1979166269302368, 1.1979166269302368, 1.2000000476837158)",PIL,0.0,970.0,34.0,"[[0.029767800122499466, -0.08096522837877274, -1.1968845129013062, 90.49340057373047], [-1.1617430448532104, 0.2881113886833191, -0.04855199158191681, 101.68251037597656], [-0.2906392514705658, -1.1599314212799072, 0.07148518413305283, 100.02823638916016], [0.0, 0.0, 0.0, 1.0]]","[[1.0, -1.0], [2.0, -1.0], [0.0, -1.0]]",False,sub-1152_ses-01_T1w,sub-1152,t1w,,/Volumes/BACH2TB/Datasets/BGSP/orig_bids/sub-1152/ses-01/anat/sub-1152_ses-01_T1w.nii.gz,,BGSP
"(192, 192, 144)","(1.1979166269302368, 1.1979166269302368, 1.2000000476837158)",PIL,0.0,734.0,11.0,"[[-0.030883371829986572, -0.08298273384571075, -1.196717619895935, 105.01688385009766], [-1.1875698566436768, -0.15159858763217926, 0.04130278900265694, 133.79818725585938], [0.15404008328914642, -1.1853842735290527, 0.07849437743425369, 93.52159881591797], [0.0, 0.0, 0.0, 1.0]]","[[1.0, -1.0], [2.0, -1.0], [0.0, -1.0]]",False,sub-1168_ses-01_T1w,sub-1168,t1w,,/Volumes/BACH2TB/Datasets/BGSP/orig_bids/sub-1168/ses-01/anat/sub-1168_ses-01_T1w.nii.gz,,BGSP
"(192, 192, 144)","(1.1979166269302368, 1.1979166269302368, 1.2000000476837158)",PIL,0.0,875.0,22.0,"[[-0.05826836824417114, -0.039569415152072906, -1.197924017906189, 96.56660461425781], [-1.1860246658325195, 0.1599806845188141, 0.0525876022875309, 114.9333724975586], [-0.1579698622226715, -1.1865262985229492, 0.047040004283189774, 109.70490264892578], [0.0, 0.0, 0.0, 1.0]]","[[1.0, -1.0], [2.0, -1.0], [0.0, -1.0]]",False,sub-1170_ses-01_T1w,sub-1170,t1w,,/Volumes/BACH2TB/Datasets/BGSP/orig_bids/sub-1170/ses-01/anat/sub-1170_ses-01_T1w.nii.gz,,BGSP
"(192, 192, 144)","(1.1979166269302368, 1.1979166269302368, 1.2000000476837158)",PIL,0.0,967.0,12.0,"[[0.08697071671485901, -0.010671625845134258, -1.196785569190979, 80.40440368652344], [-1.190881609916687, 0.09560871869325638, -0.08769842237234116, 134.98464965820312], [-0.09613250941038132, -1.194047451019287, 0.00367372902110219, 104.44315338134766], [0.0, 0.0, 0.0, 1.0]]","[[1.0, -1.0], [2.0, -1.0], [0.0, -1.0]]",False,sub-1182_ses-01_T1w,sub-1182,t1w,,/Volumes/BACH2TB/Datasets/BGSP/orig_bids/sub-1182/ses-01/anat/sub-1182_ses-01_T1w.nii.gz,,BGSP
"(192, 192, 144)","(1.1979166269302368, 1.1979166269302368, 1.2000000476837158)",PIL,0.0,590.0,20.0,"[[-0.001893682754598558, -0.014035171829164028, -1.1999162435531616, 84.1937484741211], [-1.1961603164672852, 0.06483471393585205, 0.0011333845322951674, 129.69676208496094], [-0.0648169219493866, -1.1960784196853638, 0.014141523279249668, 109.5752944946289], [0.0, 0.0, 0.0, 1.0]]","[[1.0, -1.0], [2.0, -1.0], [0.0, -1.0]]",False,sub-1190_ses-01_T1w,sub-1190,t1w,,/Volumes/BACH2TB/Datasets/BGSP/orig_bids/sub-1190/ses-01/anat/sub-1190_ses-01_T1w.nii.gz,,BGSP
"(192, 192, 144)","(1.1979166269302368, 1.1979166269302368, 1.2000000476837158)",PIL,0.0,475.0,14.0,"[[0.12277774512767792, -0.05169779062271118, -1.192556619644165, 82.06053924560547], [-1.1907880306243896, 0.03906917944550514, -0.12472202628850937, 136.58055114746094], [-0.044200047850608826, -1.1961627006530762, 0.047468047589063644, 111.97000885009766], [0.0, 0.0, 0.0, 1.0]]","[[1.0, -1.0], [2.0, -1.0], [0.0, -1.0]]",False,sub-1191_ses-01_T1w,sub-1191,t1w,,/Volumes/BACH2TB/Datasets/BGSP/orig_bids/sub-1191/ses-01/anat/sub-1191_ses-01_T1w.nii.gz,,BGSP
"(192, 192, 144)","(1.1979166269302368, 1.1979166269302368, 1.2000000476837158)",PIL,0.0,607.0,15.0,"[[0.008111316710710526, 0.025762971490621567, -1.1996949911117554, 88.92725372314453], [-1.1950558423995972, -0.08215055614709854, -0.009878398850560188, 159.3008270263672], [0.0823417454957962, -1.1948187351226807, -0.025189192965626717, 117.5336685180664], [0.0, 0.0, 0.0, 1.0]]","[[1.0, -1.0], [2.0, -1.0], [0.0, -1.0]]",False,sub-1213_ses-01_T1w,sub-1213,t1w,,/Volumes/BACH2TB/Datasets/BGSP/orig_bids/sub-1213/ses-01/anat/sub-1213_ses-01_T1w.nii.gz,,BGSP
"(192, 192, 144)","(1.1979166269302368, 1.1979166269302368, 1.2000000476837158)",PIL,0.0,879.0,12.0,"[[0.04650169983506203, 0.06881189346313477, -1.1971126794815063, 82.43687438964844], [-1.1967705488204956, 0.02677879109978676, -0.045105598866939545, 126.89573669433594], [-0.024127855896949768, -1.1956387758255005, -0.06990719586610794, 96.0062026977539], [0.0, 0.0, 0.0, 1.0]]","[[1.0, -1.0], [2.0, -1.0], [0.0, -1.0]]",False,sub-1216_ses-01_T1w,sub-1216,t1w,,/Volumes/BACH2TB/Datasets/BGSP/orig_bids/sub-1216/ses-01/anat/sub-1216_ses-01_T1w.nii.gz,,BGSP
"(192, 192, 144)","(1.1979166269302368, 1.1979166269302368, 1.2000000476837158)",PIL,0.0,822.0,16.0,"[[-0.023051448166370392, -0.01869184337556362, -1.1996318101882935, 92.29544830322266], [-1.1975458860397339, 0.019253553822636604, 0.02279040217399597, 129.59202575683594], [-0.018892651423811913, -1.1976159811019897, 0.019089601933956146, 106.75752258300781], [0.0, 0.0, 0.0, 1.0]]","[[1.0, -1.0], [2.0, -1.0], [0.0, -1.0]]",False,sub-1219_ses-01_T1w,sub-1219,t1w,,/Volumes/BACH2TB/Datasets/BGSP/orig_bids/sub-1219/ses-01/anat/sub-1219_ses-01_T1w.nii.gz,,BGSP
"(192, 192, 144)","(1.1979166269302368, 1.1979166269302368, 1.2000000476837158)",PIL,0.0,841.0,16.0,"[[0.04142538458108902, -0.04308876395225525, -1.1985054016113281, 87.21150970458984], [-1.1866906881332397, -0.15975312888622284, -0.03539641574025154, 148.12103271484375], [0.15828314423561096, -1.1864343881607056, 0.048292823135852814, 96.29657745361328], [0.0, 0.0, 0.0, 1.0]]","[[1.0, -1.0], [2.0, -1.0], [0.0, -1.0]]",False,sub-1234_ses-01_T1w,sub-1234,t1w,,/Volumes/BACH2TB/Datasets/BGSP/orig_bids/sub-1234/ses-01/anat/sub-1234_ses-01_T1w.nii.gz,,BGSP
"(192, 192, 144)","(1.1979166269302368, 1.1979166269302368, 1.2000000476837158)",PIL,0.0,700.0,19.0,"[[0.14842233061790466, 0.007124085444957018, -1.1907323598861694, 70.76785278320312], [-1.182482123374939, 0.12311435490846634, -0.14716798067092896, 138.82432556152344], [-0.12128982692956924, -1.1915520429611206, -0.02232515998184681, 105.40802764892578], [0.0, 0.0, 0.0, 1.0]]","[[1.0, -1.0], [2.0, -1.0], [0.0, -1.0]]",False,sub-1241_ses-01_T1w,sub-1241,t1w,,/Volumes/BACH2TB/Datasets/BGSP/orig_bids/sub-1241/ses-01/anat/sub-1241_ses-01_T1w.nii.gz,,BGSP
"(192, 192, 144)","(1.1979166269302368, 1.1979166269302368, 1.2000000476837158)",PIL,0.0,828.0,14.0,"[[0.025245429947972298, -0.09968677908182144, -1.1955703496932983, 92.57745361328125], [-1.1752877235412598, 0.22754979133605957, -0.043942783027887344, 108.39846801757812], [-0.2303602248430252, -1.171873688697815, 0.09317036718130112, 101.74842071533203], [0.0, 0.0, 0.0, 1.0]]","[[1.0, -1.0], [2.0, -1.0], [0.0, -1.0]]",False,sub-1244_ses-01_T1w,sub-1244,t1w,,/Volumes/BACH2TB/Datasets/BGSP/orig_bids/sub-1244/ses-01/anat/sub-1244_ses-01_T1w.nii.gz,,BGSP
"(192, 192, 144)","(1.1979166269302368, 1.1979166269302368, 1.2000000476837158)",PIL,0.0,731.0,22.0,"[[-0.02459595538675785, -0.1352606564760208, -1.1920713186264038, 106.89083862304688], [-1.1878294944763184, 0.15497469902038574, 0.00694799842312932, 119.26969909667969], [-0.15316754579544067, -1.1801235675811768, 0.13754276931285858, 98.70697021484375], [0.0, 0.0, 0.0, 1.0]]","[[1.0, -1.0], [2.0, -1.0], [0.0, -1.0]]",False,sub-1245_ses-01_T1w,sub-1245,t1w,,/Volumes/BACH2TB/Datasets/BGSP/orig_bids/sub-1245/ses-01/anat/sub-1245_ses-01_T1w.nii.gz,,BGSP
"(192, 192, 144)","(1.1979166269302368, 1.1979166269302368, 1.2000000476837158)",PIL,0.0,971.0,12.0,"[[0.11992678046226501, -0.0555877611041069, -1.1926721334457397, 80.66178131103516], [-1.1913251876831055, 0.03151837736368179, -0.12168245762586594, 129.15863037109375], [-0.03696262091398239, -1.1962110996246338, 0.052216704934835434, 107.85200500488281], [0.0, 0.0, 0.0, 1.0]]","[[1.0, -1.0], [2.0, -1.0], [0.0, -1.0]]",False,sub-1247_ses-01_T1w,sub-1247,t1w,,/Volumes/BACH2TB/Datasets/BGSP/orig_bids/sub-1247/ses-01/anat/sub-1247_ses-01_T1w.nii.gz,,BGSP
"(192, 192, 144)","(1.1979166269302368, 1.1979166269302368, 1.2000000476837158)",PIL,0.0,1528.0,21.0,"[[0.021354030817747116, -0.03646245226264, -1.1992532014846802, 86.30376434326172], [-1.1962065696716309, -0.06094781681895256, -0.01951439492404461, 139.56822204589844], [0.06031693145632744, -1.1958094835281372, 0.03756238892674446, 93.43949127197266], [0.0, 0.0, 0.0, 1.0]]","[[1.0, -1.0], [2.0, -1.0], [0.0, -1.0]]",False,sub-1250_ses-01_T1w,sub-1250,t1w,,/Volumes/BACH2TB/Datasets/BGSP/orig_bids/sub-1250/ses-01/anat/sub-1250_ses-01_T1w.nii.gz,,BGSP
"(192, 192, 144)","(1.1979166269302368, 1.1979166269302368, 1.2000000476837158)",PIL,0.0,662.0,12.0,"[[-0.1361791044473648, -0.0041991593316197395, -1.192213535308838, 102.77278137207031], [-1.1856673955917358, 0.10436111688613892, 0.13553403317928314, 105.78590393066406], [-0.10320966690778732, -1.1933547258377075, 0.016047604382038116, 121.50240325927734], [0.0, 0.0, 0.0, 1.0]]","[[1.0, -1.0], [2.0, -1.0], [0.0, -1.0]]",False,sub-1258_ses-01_T1w,sub-1258,t1w,,/Volumes/BACH2TB/Datasets/BGSP/orig_bids/sub-1258/ses-01/anat/sub-1258_ses-01_T1w.nii.gz,,BGSP
"(192, 192, 144)","(1.1979166269302368, 1.1979166269302368, 1.2000000476837158)",PIL,0.0,659.0,15.0,"[[-0.08150947839021683, -0.06354739516973495, -1.1955254077911377, 107.87615966796875], [-1.1789945363998413, 0.20023934543132782, 0.06998161226511002, 103.91719055175781], [-0.1957867294549942, -1.179351568222046, 0.07630081474781036, 104.49817657470703], [0.0, 0.0, 0.0, 1.0]]","[[1.0, -1.0], [2.0, -1.0], [0.0, -1.0]]",False,sub-1260_ses-01_T1w,sub-1260,t1w,,/Volumes/BACH2TB/Datasets/BGSP/orig_bids/sub-1260/ses-01/anat/sub-1260_ses-01_T1w.nii.gz,,BGSP
"(192, 192, 144)","(1.1979166269302368, 1.1979166269302368, 1.2000000476837158)",PIL,0.0,874.0,30.0,"[[0.0005653178668580949, 0.010438494384288788, -1.1999543905258179, 83.47697448730469], [-1.1955528259277344, 0.07521750777959824, 9.13828844204545e-05, 126.56000518798828], [-0.07521543651819229, -1.195507287979126, -0.010471440851688385, 118.70193481445312], [0.0, 0.0, 0.0, 1.0]]","[[1.0, -1.0], [2.0, -1.0], [0.0, -1.0]]",False,sub-1269_ses-01_T1w,sub-1269,t1w,,/Volumes/BACH2TB/Datasets/BGSP/orig_bids/sub-1269/ses-01/anat/sub-1269_ses-01_T1w.nii.gz,,BGSP
"(192, 192, 144)","(1.1979166269302368, 1.1979166269302368, 1.2000000476837158)",PIL,0.0,893.0,25.0,"[[0.01891990751028061, 0.02079766057431698, -1.1996694803237915, 81.66014862060547], [-1.1977534294128418, -0.005434990394860506, -0.01904999278485775, 128.59814453125], [0.005763656925410032, -1.1977237462997437, -0.020745590329170227, 93.84617614746094], [0.0, 0.0, 0.0, 1.0]]","[[1.0, -1.0], [2.0, -1.0], [0.0, -1.0]]",False,sub-1274_ses-01_T1w,sub-1274,t1w,,/Volumes/BACH2TB/Datasets/BGSP/orig_bids/sub-1274/ses-01/anat/sub-1274_ses-01_T1w.nii.gz,,BGSP
"(192, 192, 144)","(1.1979166269302368, 1.1979166269302368, 1.2000000476837158)",PIL,0.0,660.0,21.0,"[[0.02529393881559372, 0.022724507376551628, -1.1995165348052979, 81.00894165039062], [-1.197372317314148, 0.026248876005411148, -0.02483760379254818, 138.28961181640625], [-0.025767946615815163, -1.197413444519043, -0.023308804258704185, 116.5738525390625], [0.0, 0.0, 0.0, 1.0]]","[[1.0, -1.0], [2.0, -1.0], [0.0, -1.0]]",False,sub-1279_ses-01_T1w,sub-1279,t1w,,/Volumes/BACH2TB/Datasets/BGSP/orig_bids/sub-1279/ses-01/anat/sub-1279_ses-01_T1w.nii.gz,,BGSP
"(192, 192, 144)","(1.1979166269302368, 1.1979166269302368, 1.2000000476837158)",PIL,0.0,1265.0,45.0,"[[-0.04578416794538498, 0.0037501303013414145, -1.1991174221038818, 87.73129272460938], [-1.1886266469955444, 0.14164577424526215, 0.04598618298768997, 116.53501892089844], [-0.14168529212474823, -1.1895068883895874, 0.0016951329307630658, 124.27874755859375], [0.0, 0.0, 0.0, 1.0]]","[[1.0, -1.0], [2.0, -1.0], [0.0, -1.0]]",False,sub-1294_ses-01_T1w,sub-1294,t1w,,/Volumes/BACH2TB/Datasets/BGSP/orig_bids/sub-1294/ses-01/anat/sub-1294_ses-01_T1w.nii.gz,,BGSP
"(192, 192, 144)","(1.1979166269302368, 1.1979166269302368, 1.2000000476837158)",PIL,0.0,555.0,18.0,"[[0.02420073002576828, 0.01896192878484726, -1.1996047496795654, 83.84367370605469], [-1.180978536605835, 0.1996626853942871, -0.0207408145070076, 111.73616027832031], [-0.19926917552947998, -1.1810078620910645, -0.02276761457324028, 115.63470458984375], [0.0, 0.0, 0.0, 1.0]]","[[1.0, -1.0], [2.0, -1.0], [0.0, -1.0]]",False,sub-1296_ses-01_T1w,sub-1296,t1w,,/Volumes/BACH2TB/Datasets/BGSP/orig_bids/sub-1296/ses-01/anat/sub-1296_ses-01_T1w.nii.gz,,BGSP
"(192, 192, 144)","(1.1979166269302368, 1.1979166269302368, 1.2000000476837158)",PIL,0.0,751.0,21.0,"[[-0.030394678935408592, 0.09658347070217133, -1.195705771446228, 84.61457824707031], [-1.1833257675170898, 0.18094106018543243, 0.04485122114419937, 106.86357116699219], [-0.18390345573425293, -1.1802271604537964, -0.09097443521022797, 120.42770385742188], [0.0, 0.0, 0.0, 1.0]]","[[1.0, -1.0], [2.0, -1.0], [0.0, -1.0]]",False,sub-1298_ses-01_T1w,sub-1298,t1w,,/Volumes/BACH2TB/Datasets/BGSP/orig_bids/sub-1298/ses-01/anat/sub-1298_ses-01_T1w.nii.gz,,BGSP
"(192, 192, 144)","(1.1979166269302368, 1.1979166269302368, 1.2000000476837158)",PIL,0.0,839.0,21.0,"[[0.008438744582235813, 0.00620219437405467, -1.1999542713165283, 83.63101959228516], [-1.1978414058685303, 0.010486079379916191, -0.00839879922568798, 130.10984802246094], [-0.010442269034683704, -1.19785475730896, -0.006286799907684326, 107.00567626953125], [0.0, 0.0, 0.0, 1.0]]","[[1.0, -1.0], [2.0, -1.0], [0.0, -1.0]]",False,sub-1309_ses-01_T1w,sub-1309,t1w,,/Volumes/BACH2TB/Datasets/BGSP/orig_bids/sub-1309/ses-01/anat/sub-1309_ses-01_T1w.nii.gz,,BGSP
"(192, 192, 144)","(1.1979166269302368, 1.1979166269302368, 1.2000000476837158)",PIL,0.0,678.0,14.0,"[[-0.19383227825164795, -0.046305615454912186, -1.18327796459198, 113.29368591308594], [-1.1816835403442383, 0.04051557183265686, 0.19265401363372803, 108.96517944335938], [-0.03251684829592705, -1.1963355541229248, 0.0523248054087162, 89.05992889404297], [0.0, 0.0, 0.0, 1.0]]","[[1.0, -1.0], [2.0, -1.0], [0.0, -1.0]]",False,sub-1310_ses-01_T1w,sub-1310,t1w,,/Volumes/BACH2TB/Datasets/BGSP/orig_bids/sub-1310/ses-01/anat/sub-1310_ses-01_T1w.nii.gz,,BGSP
"(192, 192, 144)","(1.1979166269302368, 1.1979166269302368, 1.2000000476837158)",PIL,0.0,835.0,40.0,"[[-0.016347570344805717, 0.000635527481790632, -1.1998882293701172, 85.57107543945312], [-1.1967458724975586, 0.050358597189188004, 0.01638827845454216, 146.01026916503906], [-0.05036257207393646, -1.1968575716018677, 5.270758629194461e-05, 93.06929016113281], [0.0, 0.0, 0.0, 1.0]]","[[1.0, -1.0], [2.0, -1.0], [0.0, -1.0]]",False,sub-1312_ses-01_T1w,sub-1312,t1w,,/Volumes/BACH2TB/Datasets/BGSP/orig_bids/sub-1312/ses-01/anat/sub-1312_ses-01_T1w.nii.gz,,BGSP
"(192, 192, 144)","(1.1979166269302368, 1.1979166269302368, 1.2000000476837158)",PIL,0.0,625.0,12.0,"[[0.04107724130153656, 0.06897126883268356, -1.1973025798797607, 78.13287353515625], [-1.1808452606201172, -0.19473935663700104, -0.05191080644726753, 148.93020629882812], [0.1972852498292923, -1.1799676418304443, -0.06141720712184906, 96.97041320800781], [0.0, 0.0, 0.0, 1.0]]","[[1.0, -1.0], [2.0, -1.0], [0.0, -1.0]]",False,sub-1316_ses-01_T1w,sub-1316,t1w,,/Volumes/BACH2TB/Datasets/BGSP/orig_bids/sub-1316/ses-01/anat/sub-1316_ses-01_T1w.nii.gz,,BGSP
"(192, 192, 144)","(1.1979166269302368, 1.1979166269302368, 1.2000000476837158)",PIL,0.0,800.0,23.0,"[[0.024883002042770386, -0.11665734648704529, -1.1940362453460693, 97.58317565917969], [-1.194388747215271, 0.08561588078737259, -0.03337080776691437, 140.43202209472656], [-0.08843450993299484, -1.1891447305679321, 0.11473441869020462, 98.24867248535156], [0.0, 0.0, 0.0, 1.0]]","[[1.0, -1.0], [2.0, -1.0], [0.0, -1.0]]",False,sub-1320_ses-01_T1w,sub-1320,t1w,,/Volumes/BACH2TB/Datasets/BGSP/orig_bids/sub-1320/ses-01/anat/sub-1320_ses-01_T1w.nii.gz,,BGSP
"(192, 192, 144)","(1.1979166269302368, 1.1979166269302368, 1.2000000476837158)",PIL,0.0,721.0,51.0,"[[0.060329046100378036, 0.0924341231584549, -1.1948950290679932, 75.45613098144531], [-1.1808971166610718, 0.1962246149778366, -0.04459763318300247, 132.19564819335938], [-0.19195452332496643, -1.1781154870986938, -0.10117845237255096, 124.25037384033203], [0.0, 0.0, 0.0, 1.0]]","[[1.0, -1.0], [2.0, -1.0], [0.0, -1.0]]",False,sub-1323_ses-01_T1w,sub-1323,t1w,,/Volumes/BACH2TB/Datasets/BGSP/orig_bids/sub-1323/ses-01/anat/sub-1323_ses-01_T1w.nii.gz,,BGSP
"(192, 192, 144)","(1.1979166269302368, 1.1979166269302368, 1.2000000476837158)",PIL,0.0,1000.0,24.0,"[[-0.07096640765666962, -0.13644999265670776, -1.1900684833526611, 106.24608612060547], [-1.1910938024520874, 0.1136884018778801, 0.05819422006607056, 132.71063232421875], [-0.10613030940294266, -1.1846774816513062, 0.14265595376491547, 80.66542053222656], [0.0, 0.0, 0.0, 1.0]]","[[1.0, -1.0], [2.0, -1.0], [0.0, -1.0]]",False,sub-1334_ses-01_T1w,sub-1334,t1w,,/Volumes/BACH2TB/Datasets/BGSP/orig_bids/sub-1334/ses-01/anat/sub-1334_ses-01_T1w.nii.gz,,BGSP
"(192, 192, 144)","(1.1979166269302368, 1.1979166269302368, 1.2000000476837158)",PIL,0.0,599.0,14.0,"[[0.02264242246747017, -0.042775414884090424, -1.199020266532898, 96.00183868408203], [-1.1854465007781982, -0.17162564396858215, -0.016320010647177696, 155.4513702392578], [0.1709037572145462, -1.1847865581512451, 0.04565282166004181, 88.3801040649414], [0.0, 0.0, 0.0, 1.0]]","[[1.0, -1.0], [2.0, -1.0], [0.0, -1.0]]",False,sub-1342_ses-01_T1w,sub-1342,t1w,,/Volumes/BACH2TB/Datasets/BGSP/orig_bids/sub-1342/ses-01/anat/sub-1342_ses-01_T1w.nii.gz,,BGSP
"(192, 192, 144)","(1.1979166269302368, 1.1979166269302368, 1.2000000476837158)",PIL,0.0,759.0,14.0,"[[-0.09060869365930557, -0.023862827569246292, -1.1963236331939697, 101.15203857421875], [-1.1937081813812256, -0.04137710854411125, 0.09155355393886566, 138.25938415527344], [0.043070945888757706, -1.1969640254974365, 0.02068476751446724, 106.49752044677734], [0.0, 0.0, 0.0, 1.0]]","[[1.0, -1.0], [2.0, -1.0], [0.0, -1.0]]",False,sub-1352_ses-01_T1w,sub-1352,t1w,,/Volumes/BACH2TB/Datasets/BGSP/orig_bids/sub-1352/ses-01/anat/sub-1352_ses-01_T1w.nii.gz,,BGSP
"(192, 192, 144)","(1.1979166269302368, 1.1979166269302368, 1.2000000476837158)",PIL,0.0,809.0,32.0,"[[0.0036238699685782194, -0.01855989545583725, -1.1998505592346191, 82.26245880126953], [-1.1486084461212158, 0.34003883600234985, -0.008759296499192715, 101.16162109375], [-0.340131938457489, -1.1484917402267456, 0.016796046867966652, 142.42202758789062], [0.0, 0.0, 0.0, 1.0]]","[[1.0, -1.0], [2.0, -1.0], [0.0, -1.0]]",False,sub-1353_ses-01_T1w,sub-1353,t1w,,/Volumes/BACH2TB/Datasets/BGSP/orig_bids/sub-1353/ses-01/anat/sub-1353_ses-01_T1w.nii.gz,,BGSP
"(192, 192, 144)","(1.1979166269302368, 1.1979166269302368, 1.2000000476837158)",PIL,0.0,809.0,33.0,"[[-0.05003468692302704, 0.02150176465511322, -1.1987593173980713, 91.03939819335938], [-1.1328173875808716, 0.3857216238975525, 0.054389648139476776, 91.82907104492188], [-0.38629740476608276, -1.1339138746261597, -0.0042298324406147, 146.76370239257812], [0.0, 0.0, 0.0, 1.0]]","[[1.0, -1.0], [2.0, -1.0], [0.0, -1.0]]",False,sub-1353_ses-02_T1w,sub-1353,t1w,,/Volumes/BACH2TB/Datasets/BGSP/orig_bids/sub-1353/ses-02/anat/sub-1353_ses-02_T1w.nii.gz,,BGSP
"(192, 192, 144)","(1.1979166269302368, 1.1979166269302368, 1.2000000476837158)",PIL,0.0,740.0,19.0,"[[-0.09197065234184265, 0.00683668814599514, -1.1964385509490967, 94.27232360839844], [-1.1908055543899536, 0.09209302067756653, 0.09238441288471222, 117.26603698730469], [-0.09234602749347687, -1.1943517923355103, 0.00027480002609081566, 103.90454864501953], [0.0, 0.0, 0.0, 1.0]]","[[1.0, -1.0], [2.0, -1.0], [0.0, -1.0]]",False,sub-1356_ses-01_T1w,sub-1356,t1w,,/Volumes/BACH2TB/Datasets/BGSP/orig_bids/sub-1356/ses-01/anat/sub-1356_ses-01_T1w.nii.gz,,BGSP
"(192, 192, 144)","(1.1979166269302368, 1.1979166269302368, 1.2000000476837158)",PIL,0.0,732.0,11.0,"[[0.12855619192123413, 0.08836532384157181, -1.189781665802002, 67.0527572631836], [-1.1857550144195557, -0.10247878730297089, -0.1362047642469406, 143.3191680908203], [0.1116359680891037, -1.1902495622634888, -0.07660317420959473, 91.97991180419922], [0.0, 0.0, 0.0, 1.0]]","[[1.0, -1.0], [2.0, -1.0], [0.0, -1.0]]",False,sub-1363_ses-01_T1w,sub-1363,t1w,,/Volumes/BACH2TB/Datasets/BGSP/orig_bids/sub-1363/ses-01/anat/sub-1363_ses-01_T1w.nii.gz,,BGSP
"(192, 192, 144)","(1.1979166269302368, 1.1979166269302368, 1.2000000476837158)",PIL,0.0,755.0,14.0,"[[-0.014840547926723957, 0.05759858712553978, -1.1985199451446533, 83.23479461669922], [-1.1946020126342773, 0.08700141310691833, 0.019039211794734, 117.29560089111328], [-0.08780796080827713, -1.193363904953003, -0.05646003410220146, 114.91769409179688], [0.0, 0.0, 0.0, 1.0]]","[[1.0, -1.0], [2.0, -1.0], [0.0, -1.0]]",False,sub-1369_ses-01_T1w,sub-1369,t1w,,/Volumes/BACH2TB/Datasets/BGSP/orig_bids/sub-1369/ses-01/anat/sub-1369_ses-01_T1w.nii.gz,,BGSP
"(192, 192, 144)","(1.1979166269302368, 1.1979166269302368, 1.2000000476837158)",PIL,0.0,546.0,22.0,"[[-0.044044092297554016, -0.031683169305324554, -1.1987686157226562, 95.54988861083984], [-1.1753679513931274, 0.22831876575946808, 0.037279192358255386, 102.80518341064453], [-0.2271001935005188, -1.1755300760269165, 0.039550311863422394, 91.76429748535156], [0.0, 0.0, 0.0, 1.0]]","[[1.0, -1.0], [2.0, -1.0], [0.0, -1.0]]",False,sub-1372_ses-01_T1w,sub-1372,t1w,,/Volumes/BACH2TB/Datasets/BGSP/orig_bids/sub-1372/ses-01/anat/sub-1372_ses-01_T1w.nii.gz,,BGSP
"(192, 192, 144)","(1.1979166269302368, 1.1979166269302368, 1.2000000476837158)",PIL,0.0,860.0,11.0,"[[-0.017397096380591393, -0.08486451208591461, -1.1968581676483154, 92.28020477294922], [-1.1938683986663818, -0.09538712352514267, 0.02420111559331417, 141.71803283691406], [0.09684889018535614, -1.1910934448242188, 0.0833374634385109, 87.40926361083984], [0.0, 0.0, 0.0, 1.0]]","[[1.0, -1.0], [2.0, -1.0], [0.0, -1.0]]",False,sub-1382_ses-01_T1w,sub-1382,t1w,,/Volumes/BACH2TB/Datasets/BGSP/orig_bids/sub-1382/ses-01/anat/sub-1382_ses-01_T1w.nii.gz,,BGSP
"(192, 192, 144)","(1.1979166269302368, 1.1979166269302368, 1.2000000476837158)",PIL,0.0,646.0,35.0,"[[0.06690014153718948, -0.07103005051612854, -1.1960126161575317, 88.75918579101562], [-1.1883593797683716, 0.13141608238220215, -0.07453525811433792, 135.03890991210938], [-0.1353912651538849, -1.1885658502578735, 0.06323389708995819, 148.45700073242188], [0.0, 0.0, 0.0, 1.0]]","[[1.0, -1.0], [2.0, -1.0], [0.0, -1.0]]",False,sub-1402_ses-01_T1w,sub-1402,t1w,,/Volumes/BACH2TB/Datasets/BGSP/orig_bids/sub-1402/ses-01/anat/sub-1402_ses-01_T1w.nii.gz,,BGSP
"(192, 192, 144)","(1.1979166269302368, 1.1979166269302368, 1.2000000476837158)",PIL,0.0,918.0,28.0,"[[0.10060743987560272, -0.053047895431518555, -1.194579005241394, 80.66987609863281], [-1.1914255619049072, -0.07804937660694122, -0.09721315652132034, 145.29339599609375], [0.07339932024478912, -1.194193720817566, 0.0594191737473011, 99.40593719482422], [0.0, 0.0, 0.0, 1.0]]","[[1.0, -1.0], [2.0, -1.0], [0.0, -1.0]]",False,sub-1404_ses-01_T1w,sub-1404,t1w,,/Volumes/BACH2TB/Datasets/BGSP/orig_bids/sub-1404/ses-01/anat/sub-1404_ses-01_T1w.nii.gz,,BGSP
"(192, 192, 144)","(1.1979166269302368, 1.1979166269302368, 1.2000000476837158)",PIL,0.0,850.0,12.0,"[[-0.03350602090358734, -0.004075740929692984, -1.1995235681533813, 92.81455993652344], [-1.1974196434020996, 0.008350436575710773, 0.033535201102495193, 124.84559631347656], [-0.008233219385147095, -1.1978806257247925, 0.004315200261771679, 94.64717102050781], [0.0, 0.0, 0.0, 1.0]]","[[1.0, -1.0], [2.0, -1.0], [0.0, -1.0]]",False,sub-1417_ses-01_T1w,sub-1417,t1w,,/Volumes/BACH2TB/Datasets/BGSP/orig_bids/sub-1417/ses-01/anat/sub-1417_ses-01_T1w.nii.gz,,BGSP
"(192, 192, 144)","(1.1979166269302368, 1.1979166269302368, 1.2000000476837158)",PIL,0.0,859.0,10.0,"[[-0.11468753218650818, -0.07673370838165283, -1.1920119524002075, 115.74041748046875], [-1.191865086555481, 0.043644387274980545, 0.11225332319736481, 116.30206298828125], [-0.03617584705352783, -1.1946594715118408, 0.08066427707672119, 86.05810546875], [0.0, 0.0, 0.0, 1.0]]","[[1.0, -1.0], [2.0, -1.0], [0.0, -1.0]]",False,sub-1419_ses-01_T1w,sub-1419,t1w,,/Volumes/BACH2TB/Datasets/BGSP/orig_bids/sub-1419/ses-01/anat/sub-1419_ses-01_T1w.nii.gz,,BGSP
"(192, 192, 144)","(1.1979166269302368, 1.1979166269302368, 1.2000000476837158)",PIL,0.0,868.0,11.0,"[[0.017380548641085625, 0.004143590107560158, -1.199866533279419, 82.85484313964844], [-1.1969811916351318, 0.044088881462812424, -0.017246395349502563, 132.28720092773438], [-0.04402442276477814, -1.197097897529602, -0.004788107238709927, 86.85514068603516], [0.0, 0.0, 0.0, 1.0]]","[[1.0, -1.0], [2.0, -1.0], [0.0, -1.0]]",False,sub-1433_ses-01_T1w,sub-1433,t1w,,/Volumes/BACH2TB/Datasets/BGSP/orig_bids/sub-1433/ses-01/anat/sub-1433_ses-01_T1w.nii.gz,,BGSP
"(192, 192, 144)","(1.1979166269302368, 1.1979166269302368, 1.2000000476837158)",PIL,0.0,748.0,13.0,"[[0.07175549864768982, -0.09815257042646408, -1.193803071975708, 86.20054626464844], [-1.1943292617797852, 0.05261654779314995, -0.07637819647789001, 134.07249450683594], [-0.058592092245817184, -1.1927287578582764, 0.09487175941467285, 90.24536895751953], [0.0, 0.0, 0.0, 1.0]]","[[1.0, -1.0], [2.0, -1.0], [0.0, -1.0]]",False,sub-1435_ses-01_T1w,sub-1435,t1w,,/Volumes/BACH2TB/Datasets/BGSP/orig_bids/sub-1435/ses-01/anat/sub-1435_ses-01_T1w.nii.gz,,BGSP
"(192, 192, 144)","(1.1979166269302368, 1.1979166269302368, 1.2000000476837158)",PIL,0.0,729.0,19.0,"[[0.06639037281274796, -0.019682040438055992, -1.197993516921997, 82.75653076171875], [-1.1830602884292603, 0.17513512074947357, -0.06867839395999908, 112.50381469726562], [-0.1759687066078186, -1.1848816871643066, 0.009748799726366997, 99.51173400878906], [0.0, 0.0, 0.0, 1.0]]","[[1.0, -1.0], [2.0, -1.0], [0.0, -1.0]]",False,sub-1436_ses-01_T1w,sub-1436,t1w,,/Volumes/BACH2TB/Datasets/BGSP/orig_bids/sub-1436/ses-01/anat/sub-1436_ses-01_T1w.nii.gz,,BGSP
"(192, 192, 144)","(1.1979166269302368, 1.1979166269302368, 1.2000000476837158)",PIL,0.0,905.0,18.0,"[[0.04817938432097435, -0.01692265085875988, -1.1989092826843262, 81.10133361816406], [-1.174885869026184, 0.22824300825595856, -0.05061120167374611, 102.98683166503906], [-0.22874926030635834, -1.1758499145507812, 0.007430400233715773, 99.64707946777344], [0.0, 0.0, 0.0, 1.0]]","[[1.0, -1.0], [2.0, -1.0], [0.0, -1.0]]",False,sub-1436_ses-02_T1w,sub-1436,t1w,,/Volumes/BACH2TB/Datasets/BGSP/orig_bids/sub-1436/ses-02/anat/sub-1436_ses-02_T1w.nii.gz,,BGSP
"(192, 192, 144)","(1.1979166269302368, 1.1979166269302368, 1.2000000476837158)",PIL,0.0,549.0,16.0,"[[0.022292817011475563, 0.027681386098265648, -1.1994717121124268, 78.0601577758789], [-1.1974658966064453, -0.023622892796993256, -0.022880036383867264, 139.92697143554688], [0.024140289053320885, -1.1973637342453003, -0.027278995141386986, 108.9389877319336], [0.0, 0.0, 0.0, 1.0]]","[[1.0, -1.0], [2.0, -1.0], [0.0, -1.0]]",False,sub-1440_ses-01_T1w,sub-1440,t1w,,/Volumes/BACH2TB/Datasets/BGSP/orig_bids/sub-1440/ses-01/anat/sub-1440_ses-01_T1w.nii.gz,,BGSP
"(192, 192, 144)","(1.1979166269302368, 1.1979166269302368, 1.2000000476837158)",PIL,0.0,592.0,26.0,"[[-0.11503402888774872, -0.012847150675952435, -1.194385051727295, 95.10694122314453], [-1.1781418323516846, 0.18578729033470154, 0.11185931414365768, 114.25409698486328], [-0.1837203949689865, -1.1833521127700806, 0.030529197305440903, 107.84976196289062], [0.0, 0.0, 0.0, 1.0]]","[[1.0, -1.0], [2.0, -1.0], [0.0, -1.0]]",False,sub-1442_ses-01_T1w,sub-1442,t1w,,/Volumes/BACH2TB/Datasets/BGSP/orig_bids/sub-1442/ses-01/anat/sub-1442_ses-01_T1w.nii.gz,,BGSP
"(192, 192, 144)","(1.1979166269302368, 1.1979166269302368, 1.2000000476837158)",PIL,0.0,735.0,43.0,"[[-0.10088671743869781, -0.05452078580856323, -1.1944888830184937, 106.29432678222656], [-1.193660855293274, 0.004439318086951971, 0.10096444934606552, 128.2184600830078], [0.00016828686057124287, -1.1966670751571655, 0.05479562282562256, 100.81336212158203], [0.0, 0.0, 0.0, 1.0]]","[[1.0, -1.0], [2.0, -1.0], [0.0, -1.0]]",False,sub-1484_ses-01_T1w,sub-1484,t1w,,/Volumes/BACH2TB/Datasets/BGSP/orig_bids/sub-1484/ses-01/anat/sub-1484_ses-01_T1w.nii.gz,,BGSP
"(192, 192, 144)","(1.1979166269302368, 1.1979166269302368, 1.2000000476837158)",PIL,0.0,710.0,13.0,"[[0.07423494011163712, 0.016140589490532875, -1.1975845098495483, 78.16172790527344], [-1.1925075054168701, 0.08729258179664612, -0.07299697399139404, 130.27304077148438], [-0.08613500744104385, -1.1946228742599487, -0.021514443680644035, 110.83185577392578], [0.0, 0.0, 0.0, 1.0]]","[[1.0, -1.0], [2.0, -1.0], [0.0, -1.0]]",False,sub-1497_ses-01_T1w,sub-1497,t1w,,/Volumes/BACH2TB/Datasets/BGSP/orig_bids/sub-1497/ses-01/anat/sub-1497_ses-01_T1w.nii.gz,,BGSP
"(192, 192, 144)","(1.1979166269302368, 1.1979166269302368, 1.2000000476837158)",PIL,0.0,936.0,15.0,"[[0.03302263841032982, 0.05685428902506828, -1.1981912851333618, 81.7166976928711], [-1.197124719619751, 0.029942587018013, -0.031682420521974564, 146.82772827148438], [-0.02839638851583004, -1.1961920261383057, -0.05774163827300072, 110.62600708007812], [0.0, 0.0, 0.0, 1.0]]","[[1.0, -1.0], [2.0, -1.0], [0.0, -1.0]]",False,sub-1501_ses-01_T1w,sub-1501,t1w,,/Volumes/BACH2TB/Datasets/BGSP/orig_bids/sub-1501/ses-01/anat/sub-1501_ses-01_T1w.nii.gz,,BGSP
"(192, 192, 144)","(1.1979166269302368, 1.1979166269302368, 1.2000000476837158)",PIL,0.0,566.0,14.0,"[[0.0054094563238322735, 0.009608936496078968, -1.1999491453170776, 86.31056213378906], [-1.1742712259292603, -0.23672664165496826, -0.00721439765766263, 157.430908203125], [0.23677438497543335, -1.1742539405822754, -0.008365198038518429, 99.13423919677734], [0.0, 0.0, 0.0, 1.0]]","[[1.0, -1.0], [2.0, -1.0], [0.0, -1.0]]",False,sub-1504_ses-01_T1w,sub-1504,t1w,,/Volumes/BACH2TB/Datasets/BGSP/orig_bids/sub-1504/ses-01/anat/sub-1504_ses-01_T1w.nii.gz,,BGSP
"(192, 192, 144)","(1.1979166269302368, 1.1979166269302368, 1.2000000476837158)",PIL,0.0,773.0,18.0,"[[-0.006553527899086475, -0.09990960359573364, -1.1958011388778687, 92.874755859375], [-1.1944737434387207, 0.09074975550174713, -0.0010395647259429097, 136.91055297851562], [-0.0905187651515007, -1.1902885437011719, 0.10029323399066925, 104.9766616821289], [0.0, 0.0, 0.0, 1.0]]","[[1.0, -1.0], [2.0, -1.0], [0.0, -1.0]]",False,sub-1525_ses-01_T1w,sub-1525,t1w,,/Volumes/BACH2TB/Datasets/BGSP/orig_bids/sub-1525/ses-01/anat/sub-1525_ses-01_T1w.nii.gz,,BGSP
"(192, 192, 144)","(1.1979166269302368, 1.1979166269302368, 1.2000000476837158)",PIL,0.0,966.0,17.0,"[[0.02331399917602539, 0.06673507392406464, -1.197908878326416, 78.33438110351562], [-1.1962205171585083, -0.05792634189128876, -0.026600411161780357, 139.37960815429688], [0.05930471792817116, -1.1946526765823364, -0.0656268298625946, 107.20267486572266], [0.0, 0.0, 0.0, 1.0]]","[[1.0, -1.0], [2.0, -1.0], [0.0, -1.0]]",False,sub-1536_ses-01_T1w,sub-1536,t1w,,/Volumes/BACH2TB/Datasets/BGSP/orig_bids/sub-1536/ses-01/anat/sub-1536_ses-01_T1w.nii.gz,,BGSP
"(192, 192, 144)","(1.1979166269302368, 1.1979166269302368, 1.2000000476837158)",PIL,0.0,778.0,35.0,"[[0.12928567826747894, 0.005982253700494766, -1.1929757595062256, 68.62051391601562], [-1.1780142784118652, 0.17651592195034027, -0.12722046673297882, 131.3950653076172], [-0.17484848201274872, -1.18482506275177, -0.024977292865514755, 110.82466125488281], [0.0, 0.0, 0.0, 1.0]]","[[1.0, -1.0], [2.0, -1.0], [0.0, -1.0]]",False,sub-1542_ses-01_T1w,sub-1542,t1w,,/Volumes/BACH2TB/Datasets/BGSP/orig_bids/sub-1542/ses-01/anat/sub-1542_ses-01_T1w.nii.gz,,BGSP
"(192, 192, 144)","(1.1979166269302368, 1.1979166269302368, 1.2000000476837158)",PIL,0.0,856.0,23.0,"[[-0.13608017563819885, -0.045386772602796555, -1.1913650035858154, 102.0225601196289], [-1.1875479221343994, 0.08447850495576859, 0.1328868269920349, 118.02913665771484], [-0.07884453237056732, -1.194071888923645, 0.054685208946466446, 99.54365539550781], [0.0, 0.0, 0.0, 1.0]]","[[1.0, -1.0], [2.0, -1.0], [0.0, -1.0]]",False,sub-1546_ses-01_T1w,sub-1546,t1w,,/Volumes/BACH2TB/Datasets/BGSP/orig_bids/sub-1546/ses-01/anat/sub-1546_ses-01_T1w.nii.gz,,BGSP
"(192, 192, 144)","(1.1979166269302368, 1.1979166269302368, 1.2000000476837158)",PIL,0.0,834.0,21.0,"[[-0.04141231253743172, -0.007088297978043556, -1.1992617845535278, 91.02522277832031], [-1.1942706108093262, -0.0835111141204834, 0.04187879338860512, 135.65591430664062], [0.08370711654424667, -1.1949810981750488, 0.00418679928407073, 94.96546173095703], [0.0, 0.0, 0.0, 1.0]]","[[1.0, -1.0], [2.0, -1.0], [0.0, -1.0]]",False,sub-1549_ses-01_T1w,sub-1549,t1w,,/Volumes/BACH2TB/Datasets/BGSP/orig_bids/sub-1549/ses-01/anat/sub-1549_ses-01_T1w.nii.gz,,BGSP
"(192, 192, 144)","(1.1979166269302368, 1.1979166269302368, 1.2000000476837158)",PIL,0.0,493.0,20.0,"[[-0.09163306653499603, 0.002694871975108981, -1.1964812278747559, 93.509765625], [-1.1930341720581055, -0.057621024549007416, 0.09155696630477905, 135.6049346923828], [0.05724643915891647, -1.1965270042419434, -0.007103289477527142, 98.8919677734375], [0.0, 0.0, 0.0, 1.0]]","[[1.0, -1.0], [2.0, -1.0], [0.0, -1.0]]",False,sub-1549_ses-02_T1w,sub-1549,t1w,,/Volumes/BACH2TB/Datasets/BGSP/orig_bids/sub-1549/ses-02/anat/sub-1549_ses-02_T1w.nii.gz,,BGSP
"(192, 192, 144)","(1.1979166269302368, 1.1979166269302368, 1.2000000476837158)",PIL,0.0,802.0,28.0,"[[0.1253635287284851, 0.06986145675182343, -1.191357135772705, 62.72552490234375], [-1.1912654638290405, -0.005929190199822187, -0.12613916397094727, 145.2571563720703], [0.013230040669441223, -1.195863127708435, -0.06897333264350891, 106.43670654296875], [0.0, 0.0, 0.0, 1.0]]","[[1.0, -1.0], [2.0, -1.0], [0.0, -1.0]]",False,sub-1554_ses-01_T1w,sub-1554,t1w,,/Volumes/BACH2TB/Datasets/BGSP/orig_bids/sub-1554/ses-01/anat/sub-1554_ses-01_T1w.nii.gz,,BGSP
"(192, 192, 144)","(1.1979166269302368, 1.1979166269302368, 1.2000000476837158)",PIL,0.0,863.0,24.0,"[[0.061564017087221146, 0.01596144400537014, -1.1983076333999634, 77.63732147216797], [-1.195765495300293, 0.03773302584886551, -0.06114298105239868, 141.35244750976562], [-0.03686653450131416, -1.1972157955169678, -0.017903514206409454, 114.33576965332031], [0.0, 0.0, 0.0, 1.0]]","[[1.0, -1.0], [2.0, -1.0], [0.0, -1.0]]",False,sub-1557_ses-01_T1w,sub-1557,t1w,,/Volumes/BACH2TB/Datasets/BGSP/orig_bids/sub-1557/ses-01/anat/sub-1557_ses-01_T1w.nii.gz,,BGSP
