dataset,patient,image_id,modality
3D-MR-MS,patient01,3D-MR-MS_patient01_T1_flair,FLAIR
3D-MR-MS,patient01,3D-MR-MS_patient01_T1_t1w,T1
3D-MR-MS,patient01,3D-MR-MS_patient01_T1_t1wks,T1c
3D-MR-MS,patient01,3D-MR-MS_patient01_T1_t2w,T2
3D-MR-MS,patient02,3D-MR-MS_patient02_T1_flair,FLAIR
3D-MR-MS,patient02,3D-MR-MS_patient02_T1_t1w,T1
3D-MR-MS,patient02,3D-MR-MS_patient02_T1_t1wks,T1c
3D-MR-MS,patient02,3D-MR-MS_patient02_T1_t2w,T2
3D-MR-MS,patient03,3D-MR-MS_patient03_T1_flair,FLAIR
3D-MR-MS,patient03,3D-MR-MS_patient03_T1_t1w,T1
3D-MR-MS,patient03,3D-MR-MS_patient03_T1_t1wks,T1c
3D-MR-MS,patient03,3D-MR-MS_patient03_T1_t2w,T2
3D-MR-MS,patient04,3D-MR-MS_patient04_T1_flair,FLAIR
3D-MR-MS,patient04,3D-MR-MS_patient04_T1_t1w,T1
3D-MR-MS,patient04,3D-MR-MS_patient04_T1_t1wks,T1c
3D-MR-MS,patient04,3D-MR-MS_patient04_T1_t2w,T2
3D-MR-MS,patient05,3D-MR-MS_patient05_T1_flair,FLAIR
3D-MR-MS,patient05,3D-MR-MS_patient05_T1_t1w,T1
3D-MR-MS,patient05,3D-MR-MS_patient05_T1_t1wks,T1c
3D-MR-MS,patient05,3D-MR-MS_patient05_T1_t2w,T2
3D-MR-MS,patient06,3D-MR-MS_patient06_T1_flair,FLAIR
3D-MR-MS,patient06,3D-MR-MS_patient06_T1_t1w,T1
3D-MR-MS,patient06,3D-MR-MS_patient06_T1_t1wks,T1c
3D-MR-MS,patient06,3D-MR-MS_patient06_T1_t2w,T2
3D-MR-MS,patient07,3D-MR-MS_patient07_T1_flair,FLAIR
3D-MR-MS,patient07,3D-MR-MS_patient07_T1_t1w,T1
3D-MR-MS,patient07,3D-MR-MS_patient07_T1_t1wks,T1c
3D-MR-MS,patient07,3D-MR-MS_patient07_T1_t2w,T2
3D-MR-MS,patient08,3D-MR-MS_patient08_T1_flair,FLAIR
3D-MR-MS,patient08,3D-MR-MS_patient08_T1_t1w,T1
3D-MR-MS,patient08,3D-MR-MS_patient08_T1_t1wks,T1c
3D-MR-MS,patient08,3D-MR-MS_patient08_T1_t2w,T2
3D-MR-MS,patient09,3D-MR-MS_patient09_T1_flair,FLAIR
3D-MR-MS,patient09,3D-MR-MS_patient09_T1_t1w,T1
3D-MR-MS,patient09,3D-MR-MS_patient09_T1_t1wks,T1c
3D-MR-MS,patient09,3D-MR-MS_patient09_T1_t2w,T2
3D-MR-MS,patient10,3D-MR-MS_patient10_T1_flair,FLAIR
3D-MR-MS,patient10,3D-MR-MS_patient10_T1_t1w,T1
3D-MR-MS,patient10,3D-MR-MS_patient10_T1_t1wks,T1c
3D-MR-MS,patient10,3D-MR-MS_patient10_T1_t2w,T2
3D-MR-MS,patient11,3D-MR-MS_patient11_T1_flair,FLAIR
3D-MR-MS,patient11,3D-MR-MS_patient11_T1_t1w,T1
3D-MR-MS,patient11,3D-MR-MS_patient11_T1_t1wks,T1c
3D-MR-MS,patient11,3D-MR-MS_patient11_T1_t2w,T2
3D-MR-MS,patient12,3D-MR-MS_patient12_T1_flair,FLAIR
3D-MR-MS,patient12,3D-MR-MS_patient12_T1_t1w,T1
3D-MR-MS,patient12,3D-MR-MS_patient12_T1_t1wks,T1c
3D-MR-MS,patient12,3D-MR-MS_patient12_T1_t2w,T2
3D-MR-MS,patient13,3D-MR-MS_patient13_T1_flair,FLAIR
3D-MR-MS,patient13,3D-MR-MS_patient13_T1_t1w,T1
3D-MR-MS,patient13,3D-MR-MS_patient13_T1_t1wks,T1c
3D-MR-MS,patient13,3D-MR-MS_patient13_T1_t2w,T2
3D-MR-MS,patient14,3D-MR-MS_patient14_T1_flair,FLAIR
3D-MR-MS,patient14,3D-MR-MS_patient14_T1_t1w,T1
3D-MR-MS,patient14,3D-MR-MS_patient14_T1_t1wks,T1c
3D-MR-MS,patient14,3D-MR-MS_patient14_T1_t2w,T2
3D-MR-MS,patient15,3D-MR-MS_patient15_T1_flair,FLAIR
3D-MR-MS,patient15,3D-MR-MS_patient15_T1_t1w,T1
3D-MR-MS,patient15,3D-MR-MS_patient15_T1_t1wks,T1c
3D-MR-MS,patient15,3D-MR-MS_patient15_T1_t2w,T2
3D-MR-MS,patient16,3D-MR-MS_patient16_T1_flair,FLAIR
3D-MR-MS,patient16,3D-MR-MS_patient16_T1_t1w,T1
3D-MR-MS,patient16,3D-MR-MS_patient16_T1_t1wks,T1c
3D-MR-MS,patient16,3D-MR-MS_patient16_T1_t2w,T2
3D-MR-MS,patient17,3D-MR-MS_patient17_T1_flair,FLAIR
3D-MR-MS,patient17,3D-MR-MS_patient17_T1_t1w,T1
3D-MR-MS,patient17,3D-MR-MS_patient17_T1_t1wks,T1c
3D-MR-MS,patient17,3D-MR-MS_patient17_T1_t2w,T2
3D-MR-MS,patient18,3D-MR-MS_patient18_T1_flair,FLAIR
3D-MR-MS,patient18,3D-MR-MS_patient18_T1_t1w,T1
3D-MR-MS,patient18,3D-MR-MS_patient18_T1_t1wks,T1c
3D-MR-MS,patient18,3D-MR-MS_patient18_T1_t2w,T2
3D-MR-MS,patient19,3D-MR-MS_patient19_T1_flair,FLAIR
3D-MR-MS,patient19,3D-MR-MS_patient19_T1_t1w,T1
3D-MR-MS,patient19,3D-MR-MS_patient19_T1_t1wks,T1c
3D-MR-MS,patient19,3D-MR-MS_patient19_T1_t2w,T2
3D-MR-MS,patient20,3D-MR-MS_patient20_T1_flair,FLAIR
3D-MR-MS,patient20,3D-MR-MS_patient20_T1_t1w,T1
3D-MR-MS,patient20,3D-MR-MS_patient20_T1_t1wks,T1c
3D-MR-MS,patient20,3D-MR-MS_patient20_T1_t2w,T2
3D-MR-MS,patient21,3D-MR-MS_patient21_T1_flair,FLAIR
3D-MR-MS,patient21,3D-MR-MS_patient21_T1_t1w,T1
3D-MR-MS,patient21,3D-MR-MS_patient21_T1_t1wks,T1c
3D-MR-MS,patient21,3D-MR-MS_patient21_T1_t2w,T2
3D-MR-MS,patient22,3D-MR-MS_patient22_T1_flair,FLAIR
3D-MR-MS,patient22,3D-MR-MS_patient22_T1_t1w,T1
3D-MR-MS,patient22,3D-MR-MS_patient22_T1_t1wks,T1c
3D-MR-MS,patient22,3D-MR-MS_patient22_T1_t2w,T2
3D-MR-MS,patient23,3D-MR-MS_patient23_T1_flair,FLAIR
3D-MR-MS,patient23,3D-MR-MS_patient23_T1_t1w,T1
3D-MR-MS,patient23,3D-MR-MS_patient23_T1_t1wks,T1c
3D-MR-MS,patient23,3D-MR-MS_patient23_T1_t2w,T2
3D-MR-MS,patient24,3D-MR-MS_patient24_T1_flair,FLAIR
3D-MR-MS,patient24,3D-MR-MS_patient24_T1_t1w,T1
3D-MR-MS,patient24,3D-MR-MS_patient24_T1_t1wks,T1c
3D-MR-MS,patient24,3D-MR-MS_patient24_T1_t2w,T2
3D-MR-MS,patient25,3D-MR-MS_patient25_T1_flair,FLAIR
3D-MR-MS,patient25,3D-MR-MS_patient25_T1_t1w,T1
3D-MR-MS,patient25,3D-MR-MS_patient25_T1_t1wks,T1c
3D-MR-MS,patient25,3D-MR-MS_patient25_T1_t2w,T2
3D-MR-MS,patient26,3D-MR-MS_patient26_T1_flair,FLAIR
3D-MR-MS,patient26,3D-MR-MS_patient26_T1_t1w,T1
3D-MR-MS,patient26,3D-MR-MS_patient26_T1_t1wks,T1c
3D-MR-MS,patient26,3D-MR-MS_patient26_T1_t2w,T2
3D-MR-MS,patient27,3D-MR-MS_patient27_T1_flair,FLAIR
3D-MR-MS,patient27,3D-MR-MS_patient27_T1_t1w,T1
3D-MR-MS,patient27,3D-MR-MS_patient27_T1_t1wks,T1c
3D-MR-MS,patient27,3D-MR-MS_patient27_T1_t2w,T2
3D-MR-MS,patient28,3D-MR-MS_patient28_T1_flair,FLAIR
3D-MR-MS,patient28,3D-MR-MS_patient28_T1_t1w,T1
3D-MR-MS,patient28,3D-MR-MS_patient28_T1_t1wks,T1c
3D-MR-MS,patient28,3D-MR-MS_patient28_T1_t2w,T2
3D-MR-MS,patient29,3D-MR-MS_patient29_T1_flair,FLAIR
3D-MR-MS,patient29,3D-MR-MS_patient29_T1_t1w,T1
3D-MR-MS,patient29,3D-MR-MS_patient29_T1_t1wks,T1c
3D-MR-MS,patient29,3D-MR-MS_patient29_T1_t2w,T2
3D-MR-MS,patient30,3D-MR-MS_patient30_T1_flair,FLAIR
3D-MR-MS,patient30,3D-MR-MS_patient30_T1_t1w,T1
3D-MR-MS,patient30,3D-MR-MS_patient30_T1_t1wks,T1c
3D-MR-MS,patient30,3D-MR-MS_patient30_T1_t2w,T2
BGSP,sub-0001,BGSP_sub-0001_ses-01_t1w,T1
BGSP,sub-0010,BGSP_sub-0010_ses-01_t1w,T1
BGSP,sub-0017,BGSP_sub-0017_ses-01_t1w,T1
BGSP,sub-0018,BGSP_sub-0018_ses-01_t1w,T1
BGSP,sub-0025,BGSP_sub-0025_ses-01_t1w,T1
BGSP,sub-0046,BGSP_sub-0046_ses-01_t1w,T1
BGSP,sub-0050,BGSP_sub-0050_ses-01_t1w,T1
BGSP,sub-0054,BGSP_sub-0054_ses-01_t1w,T1
BGSP,sub-0060,BGSP_sub-0060_ses-01_t1w,T1
BGSP,sub-0063,BGSP_sub-0063_ses-01_t1w,T1
BGSP,sub-0083,BGSP_sub-0083_ses-01_t1w,T1
BGSP,sub-0090,BGSP_sub-0090_ses-01_t1w,T1
BGSP,sub-0093,BGSP_sub-0093_ses-01_t1w,T1
BGSP,sub-0102,BGSP_sub-0102_ses-01_t1w,T1
BGSP,sub-0104,BGSP_sub-0104_ses-01_t1w,T1
BGSP,sub-0110,BGSP_sub-0110_ses-01_t1w,T1
BGSP,sub-0111,BGSP_sub-0111_ses-01_t1w,T1
BGSP,sub-0117,BGSP_sub-0117_ses-01_t1w,T1
BGSP,sub-0118,BGSP_sub-0118_ses-01_t1w,T1
BGSP,sub-0128,BGSP_sub-0128_ses-01_t1w,T1
BGSP,sub-0137,BGSP_sub-0137_ses-01_t1w,T1
BGSP,sub-0147,BGSP_sub-0147_ses-01_t1w,T1
BGSP,sub-0151,BGSP_sub-0151_ses-01_t1w,T1
BGSP,sub-0158,BGSP_sub-0158_ses-01_t1w,T1
BGSP,sub-0164,BGSP_sub-0164_ses-01_t1w,T1
BGSP,sub-0172,BGSP_sub-0172_ses-01_t1w,T1
BGSP,sub-0173,BGSP_sub-0173_ses-01_t1w,T1
BGSP,sub-0175,BGSP_sub-0175_ses-01_t1w,T1
BGSP,sub-0175,BGSP_sub-0175_ses-02_t1w,T1
BGSP,sub-0176,BGSP_sub-0176_ses-01_t1w,T1
BGSP,sub-0178,BGSP_sub-0178_ses-01_t1w,T1
BGSP,sub-0184,BGSP_sub-0184_ses-01_t1w,T1
BGSP,sub-0207,BGSP_sub-0207_ses-01_t1w,T1
BGSP,sub-0218,BGSP_sub-0218_ses-01_t1w,T1
BGSP,sub-0223,BGSP_sub-0223_ses-01_t1w,T1
BGSP,sub-0230,BGSP_sub-0230_ses-01_t1w,T1
BGSP,sub-0245,BGSP_sub-0245_ses-01_t1w,T1
BGSP,sub-0249,BGSP_sub-0249_ses-01_t1w,T1
BGSP,sub-0250,BGSP_sub-0250_ses-01_t1w,T1
BGSP,sub-0268,BGSP_sub-0268_ses-01_t1w,T1
BGSP,sub-0274,BGSP_sub-0274_ses-01_t1w,T1
BGSP,sub-0286,BGSP_sub-0286_ses-01_t1w,T1
BGSP,sub-0292,BGSP_sub-0292_ses-01_t1w,T1
BGSP,sub-0295,BGSP_sub-0295_ses-01_t1w,T1
BGSP,sub-0311,BGSP_sub-0311_ses-01_t1w,T1
BGSP,sub-0316,BGSP_sub-0316_ses-01_t1w,T1
BGSP,sub-0318,BGSP_sub-0318_ses-01_t1w,T1
BGSP,sub-0320,BGSP_sub-0320_ses-01_t1w,T1
BGSP,sub-0326,BGSP_sub-0326_ses-01_t1w,T1
BGSP,sub-0339,BGSP_sub-0339_ses-01_t1w,T1
BGSP,sub-0347,BGSP_sub-0347_ses-01_t1w,T1
BGSP,sub-0351,BGSP_sub-0351_ses-01_t1w,T1
BGSP,sub-0355,BGSP_sub-0355_ses-01_t1w,T1
BGSP,sub-0374,BGSP_sub-0374_ses-01_t1w,T1
BGSP,sub-0389,BGSP_sub-0389_ses-01_t1w,T1
BGSP,sub-0389,BGSP_sub-0389_ses-02_t1w,T1
BGSP,sub-0416,BGSP_sub-0416_ses-01_t1w,T1
BGSP,sub-0417,BGSP_sub-0417_ses-01_t1w,T1
BGSP,sub-0436,BGSP_sub-0436_ses-01_t1w,T1
BGSP,sub-0440,BGSP_sub-0440_ses-01_t1w,T1
BGSP,sub-0441,BGSP_sub-0441_ses-01_t1w,T1
BGSP,sub-0443,BGSP_sub-0443_ses-01_t1w,T1
BGSP,sub-0446,BGSP_sub-0446_ses-01_t1w,T1
BGSP,sub-0449,BGSP_sub-0449_ses-01_t1w,T1
BGSP,sub-0455,BGSP_sub-0455_ses-01_t1w,T1
BGSP,sub-0456,BGSP_sub-0456_ses-01_t1w,T1
BGSP,sub-0461,BGSP_sub-0461_ses-01_t1w,T1
BGSP,sub-0471,BGSP_sub-0471_ses-01_t1w,T1
BGSP,sub-0474,BGSP_sub-0474_ses-01_t1w,T1
BGSP,sub-0518,BGSP_sub-0518_ses-01_t1w,T1
BGSP,sub-0524,BGSP_sub-0524_ses-01_t1w,T1
BGSP,sub-0527,BGSP_sub-0527_ses-01_t1w,T1
BGSP,sub-0543,BGSP_sub-0543_ses-01_t1w,T1
BGSP,sub-0547,BGSP_sub-0547_ses-01_t1w,T1
BGSP,sub-0549,BGSP_sub-0549_ses-01_t1w,T1
BGSP,sub-0551,BGSP_sub-0551_ses-01_t1w,T1
BGSP,sub-0560,BGSP_sub-0560_ses-01_t1w,T1
BGSP,sub-0570,BGSP_sub-0570_ses-01_t1w,T1
BGSP,sub-0605,BGSP_sub-0605_ses-01_t1w,T1
BGSP,sub-0610,BGSP_sub-0610_ses-01_t1w,T1
BGSP,sub-0618,BGSP_sub-0618_ses-01_t1w,T1
BGSP,sub-0619,BGSP_sub-0619_ses-01_t1w,T1
BGSP,sub-0623,BGSP_sub-0623_ses-01_t1w,T1
BGSP,sub-0627,BGSP_sub-0627_ses-01_t1w,T1
BGSP,sub-0631,BGSP_sub-0631_ses-01_t1w,T1
BGSP,sub-0641,BGSP_sub-0641_ses-01_t1w,T1
BGSP,sub-0652,BGSP_sub-0652_ses-01_t1w,T1
BGSP,sub-0659,BGSP_sub-0659_ses-01_t1w,T1
BGSP,sub-0670,BGSP_sub-0670_ses-01_t1w,T1
BGSP,sub-0675,BGSP_sub-0675_ses-01_t1w,T1
BGSP,sub-0682,BGSP_sub-0682_ses-01_t1w,T1
BGSP,sub-0685,BGSP_sub-0685_ses-01_t1w,T1
BGSP,sub-0695,BGSP_sub-0695_ses-01_t1w,T1
BGSP,sub-0710,BGSP_sub-0710_ses-01_t1w,T1
BGSP,sub-0719,BGSP_sub-0719_ses-01_t1w,T1
BGSP,sub-0723,BGSP_sub-0723_ses-01_t1w,T1
BGSP,sub-0729,BGSP_sub-0729_ses-01_t1w,T1
BGSP,sub-0732,BGSP_sub-0732_ses-01_t1w,T1
BGSP,sub-0738,BGSP_sub-0738_ses-01_t1w,T1
BGSP,sub-0740,BGSP_sub-0740_ses-01_t1w,T1
BGSP,sub-0745,BGSP_sub-0745_ses-01_t1w,T1
BGSP,sub-0759,BGSP_sub-0759_ses-01_t1w,T1
BGSP,sub-0761,BGSP_sub-0761_ses-01_t1w,T1
BGSP,sub-0773,BGSP_sub-0773_ses-01_t1w,T1
BGSP,sub-0784,BGSP_sub-0784_ses-01_t1w,T1
BGSP,sub-0789,BGSP_sub-0789_ses-01_t1w,T1
BGSP,sub-0789,BGSP_sub-0789_ses-02_t1w,T1
BGSP,sub-0798,BGSP_sub-0798_ses-01_t1w,T1
BGSP,sub-0800,BGSP_sub-0800_ses-01_t1w,T1
BGSP,sub-0803,BGSP_sub-0803_ses-01_t1w,T1
BGSP,sub-0813,BGSP_sub-0813_ses-01_t1w,T1
BGSP,sub-0822,BGSP_sub-0822_ses-01_t1w,T1
BGSP,sub-0823,BGSP_sub-0823_ses-01_t1w,T1
BGSP,sub-0824,BGSP_sub-0824_ses-01_t1w,T1
BGSP,sub-0824,BGSP_sub-0824_ses-02_t1w,T1
BGSP,sub-0829,BGSP_sub-0829_ses-01_t1w,T1
BGSP,sub-0830,BGSP_sub-0830_ses-01_t1w,T1
BGSP,sub-0836,BGSP_sub-0836_ses-01_t1w,T1
BGSP,sub-0837,BGSP_sub-0837_ses-01_t1w,T1
BGSP,sub-0839,BGSP_sub-0839_ses-01_t1w,T1
BGSP,sub-0849,BGSP_sub-0849_ses-01_t1w,T1
BGSP,sub-0849,BGSP_sub-0849_ses-02_t1w,T1
BGSP,sub-0850,BGSP_sub-0850_ses-01_t1w,T1
BGSP,sub-0859,BGSP_sub-0859_ses-01_t1w,T1
BGSP,sub-0860,BGSP_sub-0860_ses-01_t1w,T1
BGSP,sub-0868,BGSP_sub-0868_ses-01_t1w,T1
BGSP,sub-0876,BGSP_sub-0876_ses-01_t1w,T1
BGSP,sub-0879,BGSP_sub-0879_ses-01_t1w,T1
BGSP,sub-0880,BGSP_sub-0880_ses-01_t1w,T1
BGSP,sub-0887,BGSP_sub-0887_ses-01_t1w,T1
BGSP,sub-0894,BGSP_sub-0894_ses-01_t1w,T1
BGSP,sub-0904,BGSP_sub-0904_ses-01_t1w,T1
BGSP,sub-0904,BGSP_sub-0904_ses-02_t1w,T1
BGSP,sub-0905,BGSP_sub-0905_ses-01_t1w,T1
BGSP,sub-0907,BGSP_sub-0907_ses-01_t1w,T1
BGSP,sub-0912,BGSP_sub-0912_ses-01_t1w,T1
BGSP,sub-0918,BGSP_sub-0918_ses-01_t1w,T1
BGSP,sub-0923,BGSP_sub-0923_ses-01_t1w,T1
BGSP,sub-0927,BGSP_sub-0927_ses-01_t1w,T1
BGSP,sub-0932,BGSP_sub-0932_ses-01_t1w,T1
BGSP,sub-0936,BGSP_sub-0936_ses-01_t1w,T1
BGSP,sub-0937,BGSP_sub-0937_ses-01_t1w,T1
BGSP,sub-0943,BGSP_sub-0943_ses-01_t1w,T1
BGSP,sub-0944,BGSP_sub-0944_ses-01_t1w,T1
BGSP,sub-0950,BGSP_sub-0950_ses-01_t1w,T1
BGSP,sub-0961,BGSP_sub-0961_ses-01_t1w,T1
BGSP,sub-0971,BGSP_sub-0971_ses-01_t1w,T1
BGSP,sub-0979,BGSP_sub-0979_ses-01_t1w,T1
BGSP,sub-0991,BGSP_sub-0991_ses-01_t1w,T1
BGSP,sub-0993,BGSP_sub-0993_ses-01_t1w,T1
BGSP,sub-0999,BGSP_sub-0999_ses-01_t1w,T1
BGSP,sub-1008,BGSP_sub-1008_ses-01_t1w,T1
BGSP,sub-1017,BGSP_sub-1017_ses-01_t1w,T1
BGSP,sub-1020,BGSP_sub-1020_ses-01_t1w,T1
BGSP,sub-1030,BGSP_sub-1030_ses-01_t1w,T1
BGSP,sub-1039,BGSP_sub-1039_ses-01_t1w,T1
BGSP,sub-1041,BGSP_sub-1041_ses-01_t1w,T1
BGSP,sub-1043,BGSP_sub-1043_ses-01_t1w,T1
BGSP,sub-1050,BGSP_sub-1050_ses-01_t1w,T1
BGSP,sub-1057,BGSP_sub-1057_ses-01_t1w,T1
BGSP,sub-1057,BGSP_sub-1057_ses-02_t1w,T1
BGSP,sub-1059,BGSP_sub-1059_ses-01_t1w,T1
BGSP,sub-1061,BGSP_sub-1061_ses-01_t1w,T1
BGSP,sub-1063,BGSP_sub-1063_ses-01_t1w,T1
BGSP,sub-1072,BGSP_sub-1072_ses-01_t1w,T1
BGSP,sub-1082,BGSP_sub-1082_ses-01_t1w,T1
BGSP,sub-1084,BGSP_sub-1084_ses-01_t1w,T1
BGSP,sub-1086,BGSP_sub-1086_ses-01_t1w,T1
BGSP,sub-1086,BGSP_sub-1086_ses-02_t1w,T1
BGSP,sub-1090,BGSP_sub-1090_ses-01_t1w,T1
BGSP,sub-1092,BGSP_sub-1092_ses-01_t1w,T1
BGSP,sub-1097,BGSP_sub-1097_ses-01_t1w,T1
BGSP,sub-1101,BGSP_sub-1101_ses-01_t1w,T1
BGSP,sub-1106,BGSP_sub-1106_ses-01_t1w,T1
BGSP,sub-1108,BGSP_sub-1108_ses-01_t1w,T1
BGSP,sub-1119,BGSP_sub-1119_ses-01_t1w,T1
BGSP,sub-1135,BGSP_sub-1135_ses-01_t1w,T1
BGSP,sub-1141,BGSP_sub-1141_ses-01_t1w,T1
BGSP,sub-1142,BGSP_sub-1142_ses-01_t1w,T1
BGSP,sub-1144,BGSP_sub-1144_ses-01_t1w,T1
BGSP,sub-1152,BGSP_sub-1152_ses-01_t1w,T1
BGSP,sub-1168,BGSP_sub-1168_ses-01_t1w,T1
BGSP,sub-1170,BGSP_sub-1170_ses-01_t1w,T1
BGSP,sub-1182,BGSP_sub-1182_ses-01_t1w,T1
BGSP,sub-1190,BGSP_sub-1190_ses-01_t1w,T1
BGSP,sub-1191,BGSP_sub-1191_ses-01_t1w,T1
BGSP,sub-1213,BGSP_sub-1213_ses-01_t1w,T1
BGSP,sub-1216,BGSP_sub-1216_ses-01_t1w,T1
BGSP,sub-1219,BGSP_sub-1219_ses-01_t1w,T1
BGSP,sub-1234,BGSP_sub-1234_ses-01_t1w,T1
BGSP,sub-1241,BGSP_sub-1241_ses-01_t1w,T1
BGSP,sub-1244,BGSP_sub-1244_ses-01_t1w,T1
BGSP,sub-1245,BGSP_sub-1245_ses-01_t1w,T1
BGSP,sub-1247,BGSP_sub-1247_ses-01_t1w,T1
BGSP,sub-1250,BGSP_sub-1250_ses-01_t1w,T1
BGSP,sub-1258,BGSP_sub-1258_ses-01_t1w,T1
BGSP,sub-1260,BGSP_sub-1260_ses-01_t1w,T1
BGSP,sub-1269,BGSP_sub-1269_ses-01_t1w,T1
BGSP,sub-1274,BGSP_sub-1274_ses-01_t1w,T1
BGSP,sub-1279,BGSP_sub-1279_ses-01_t1w,T1
BGSP,sub-1294,BGSP_sub-1294_ses-01_t1w,T1
BGSP,sub-1296,BGSP_sub-1296_ses-01_t1w,T1
BGSP,sub-1298,BGSP_sub-1298_ses-01_t1w,T1
BGSP,sub-1309,BGSP_sub-1309_ses-01_t1w,T1
BGSP,sub-1310,BGSP_sub-1310_ses-01_t1w,T1
BGSP,sub-1312,BGSP_sub-1312_ses-01_t1w,T1
BGSP,sub-1316,BGSP_sub-1316_ses-01_t1w,T1
BGSP,sub-1320,BGSP_sub-1320_ses-01_t1w,T1
BGSP,sub-1323,BGSP_sub-1323_ses-01_t1w,T1
BGSP,sub-1334,BGSP_sub-1334_ses-01_t1w,T1
BGSP,sub-1342,BGSP_sub-1342_ses-01_t1w,T1
BGSP,sub-1352,BGSP_sub-1352_ses-01_t1w,T1
BGSP,sub-1353,BGSP_sub-1353_ses-01_t1w,T1
BGSP,sub-1353,BGSP_sub-1353_ses-02_t1w,T1
BGSP,sub-1356,BGSP_sub-1356_ses-01_t1w,T1
BGSP,sub-1363,BGSP_sub-1363_ses-01_t1w,T1
BGSP,sub-1369,BGSP_sub-1369_ses-01_t1w,T1
BGSP,sub-1372,BGSP_sub-1372_ses-01_t1w,T1
BGSP,sub-1382,BGSP_sub-1382_ses-01_t1w,T1
BGSP,sub-1402,BGSP_sub-1402_ses-01_t1w,T1
BGSP,sub-1404,BGSP_sub-1404_ses-01_t1w,T1
BGSP,sub-1417,BGSP_sub-1417_ses-01_t1w,T1
BGSP,sub-1419,BGSP_sub-1419_ses-01_t1w,T1
BGSP,sub-1433,BGSP_sub-1433_ses-01_t1w,T1
BGSP,sub-1435,BGSP_sub-1435_ses-01_t1w,T1
BGSP,sub-1436,BGSP_sub-1436_ses-01_t1w,T1
BGSP,sub-1436,BGSP_sub-1436_ses-02_t1w,T1
BGSP,sub-1440,BGSP_sub-1440_ses-01_t1w,T1
BGSP,sub-1442,BGSP_sub-1442_ses-01_t1w,T1
BGSP,sub-1484,BGSP_sub-1484_ses-01_t1w,T1
BGSP,sub-1497,BGSP_sub-1497_ses-01_t1w,T1
BGSP,sub-1501,BGSP_sub-1501_ses-01_t1w,T1
BGSP,sub-1504,BGSP_sub-1504_ses-01_t1w,T1
BGSP,sub-1525,BGSP_sub-1525_ses-01_t1w,T1
BGSP,sub-1536,BGSP_sub-1536_ses-01_t1w,T1
BGSP,sub-1542,BGSP_sub-1542_ses-01_t1w,T1
BGSP,sub-1546,BGSP_sub-1546_ses-01_t1w,T1
BGSP,sub-1549,BGSP_sub-1549_ses-01_t1w,T1
BGSP,sub-1549,BGSP_sub-1549_ses-02_t1w,T1
BGSP,sub-1554,BGSP_sub-1554_ses-01_t1w,T1
BGSP,sub-1557,BGSP_sub-1557_ses-01_t1w,T1
BraTS25-MEN,BraTS-MEN-00024,BraTS25MEN_BraTS-MEN-00024-000-t1c,T1c
BraTS25-MEN,BraTS-MEN-00024,BraTS25MEN_BraTS-MEN-00024-000-t1n,T1
BraTS25-MEN,BraTS-MEN-00024,BraTS25MEN_BraTS-MEN-00024-000-t2f,FLAIR
BraTS25-MEN,BraTS-MEN-00024,BraTS25MEN_BraTS-MEN-00024-000-t2w,T2
BraTS25-MEN,BraTS-MEN-00043,BraTS25MEN_BraTS-MEN-00043-000-t1c,T1c
BraTS25-MEN,BraTS-MEN-00043,BraTS25MEN_BraTS-MEN-00043-000-t1n,T1
BraTS25-MEN,BraTS-MEN-00043,BraTS25MEN_BraTS-MEN-00043-000-t2f,FLAIR
BraTS25-MEN,BraTS-MEN-00043,BraTS25MEN_BraTS-MEN-00043-000-t2w,T2
BraTS25-MEN,BraTS-MEN-00048,BraTS25MEN_BraTS-MEN-00048-000-t1c,T1c
BraTS25-MEN,BraTS-MEN-00048,BraTS25MEN_BraTS-MEN-00048-000-t1n,T1
BraTS25-MEN,BraTS-MEN-00048,BraTS25MEN_BraTS-MEN-00048-000-t2f,FLAIR
BraTS25-MEN,BraTS-MEN-00048,BraTS25MEN_BraTS-MEN-00048-000-t2w,T2
BraTS25-MEN,BraTS-MEN-00052,BraTS25MEN_BraTS-MEN-00052-000-t1c,T1c
BraTS25-MEN,BraTS-MEN-00052,BraTS25MEN_BraTS-MEN-00052-000-t1n,T1
BraTS25-MEN,BraTS-MEN-00052,BraTS25MEN_BraTS-MEN-00052-000-t2f,FLAIR
BraTS25-MEN,BraTS-MEN-00052,BraTS25MEN_BraTS-MEN-00052-000-t2w,T2
BraTS25-MEN,BraTS-MEN-00075,BraTS25MEN_BraTS-MEN-00075-000-t1c,T1c
BraTS25-MEN,BraTS-MEN-00075,BraTS25MEN_BraTS-MEN-00075-000-t1n,T1
BraTS25-MEN,BraTS-MEN-00075,BraTS25MEN_BraTS-MEN-00075-000-t2f,FLAIR
BraTS25-MEN,BraTS-MEN-00075,BraTS25MEN_BraTS-MEN-00075-000-t2w,T2
BraTS25-MEN,BraTS-MEN-00077,BraTS25MEN_BraTS-MEN-00077-000-t1c,T1c
BraTS25-MEN,BraTS-MEN-00077,BraTS25MEN_BraTS-MEN-00077-000-t1n,T1
BraTS25-MEN,BraTS-MEN-00077,BraTS25MEN_BraTS-MEN-00077-000-t2f,FLAIR
BraTS25-MEN,BraTS-MEN-00077,BraTS25MEN_BraTS-MEN-00077-000-t2w,T2
BraTS25-MEN,BraTS-MEN-00096,BraTS25MEN_BraTS-MEN-00096-000-t1c,T1c
BraTS25-MEN,BraTS-MEN-00096,BraTS25MEN_BraTS-MEN-00096-000-t1n,T1
BraTS25-MEN,BraTS-MEN-00096,BraTS25MEN_BraTS-MEN-00096-000-t2f,FLAIR
BraTS25-MEN,BraTS-MEN-00096,BraTS25MEN_BraTS-MEN-00096-000-t2w,T2
BraTS25-MEN,BraTS-MEN-00112,BraTS25MEN_BraTS-MEN-00112-000-t1c,T1c
BraTS25-MEN,BraTS-MEN-00112,BraTS25MEN_BraTS-MEN-00112-000-t1n,T1
BraTS25-MEN,BraTS-MEN-00112,BraTS25MEN_BraTS-MEN-00112-000-t2f,FLAIR
BraTS25-MEN,BraTS-MEN-00112,BraTS25MEN_BraTS-MEN-00112-000-t2w,T2
BraTS25-MEN,BraTS-MEN-00114,BraTS25MEN_BraTS-MEN-00114-000-t1c,T1c
BraTS25-MEN,BraTS-MEN-00114,BraTS25MEN_BraTS-MEN-00114-000-t1n,T1
BraTS25-MEN,BraTS-MEN-00114,BraTS25MEN_BraTS-MEN-00114-000-t2f,FLAIR
BraTS25-MEN,BraTS-MEN-00114,BraTS25MEN_BraTS-MEN-00114-000-t2w,T2
BraTS25-MEN,BraTS-MEN-00155,BraTS25MEN_BraTS-MEN-00155-000-t1c,T1c
BraTS25-MEN,BraTS-MEN-00155,BraTS25MEN_BraTS-MEN-00155-000-t1n,T1
BraTS25-MEN,BraTS-MEN-00155,BraTS25MEN_BraTS-MEN-00155-000-t2f,FLAIR
BraTS25-MEN,BraTS-MEN-00155,BraTS25MEN_BraTS-MEN-00155-000-t2w,T2
BraTS25-MEN,BraTS-MEN-00159,BraTS25MEN_BraTS-MEN-00159-000-t1c,T1c
BraTS25-MEN,BraTS-MEN-00159,BraTS25MEN_BraTS-MEN-00159-000-t1n,T1
BraTS25-MEN,BraTS-MEN-00159,BraTS25MEN_BraTS-MEN-00159-000-t2f,FLAIR
BraTS25-MEN,BraTS-MEN-00159,BraTS25MEN_BraTS-MEN-00159-000-t2w,T2
BraTS25-MEN,BraTS-MEN-00165,BraTS25MEN_BraTS-MEN-00165-000-t1c,T1c
BraTS25-MEN,BraTS-MEN-00165,BraTS25MEN_BraTS-MEN-00165-000-t1n,T1
BraTS25-MEN,BraTS-MEN-00165,BraTS25MEN_BraTS-MEN-00165-000-t2f,FLAIR
BraTS25-MEN,BraTS-MEN-00165,BraTS25MEN_BraTS-MEN-00165-000-t2w,T2
BraTS25-MEN,BraTS-MEN-00179,BraTS25MEN_BraTS-MEN-00179-000-t1c,T1c
BraTS25-MEN,BraTS-MEN-00179,BraTS25MEN_BraTS-MEN-00179-000-t1n,T1
BraTS25-MEN,BraTS-MEN-00179,BraTS25MEN_BraTS-MEN-00179-000-t2f,FLAIR
BraTS25-MEN,BraTS-MEN-00179,BraTS25MEN_BraTS-MEN-00179-000-t2w,T2
BraTS25-MEN,BraTS-MEN-00199,BraTS25MEN_BraTS-MEN-00199-000-t1c,T1c
BraTS25-MEN,BraTS-MEN-00199,BraTS25MEN_BraTS-MEN-00199-000-t1n,T1
BraTS25-MEN,BraTS-MEN-00199,BraTS25MEN_BraTS-MEN-00199-000-t2f,FLAIR
BraTS25-MEN,BraTS-MEN-00199,BraTS25MEN_BraTS-MEN-00199-000-t2w,T2
BraTS25-MEN,BraTS-MEN-00303,BraTS25MEN_BraTS-MEN-00303-000-t1c,T1c
BraTS25-MEN,BraTS-MEN-00303,BraTS25MEN_BraTS-MEN-00303-000-t1n,T1
BraTS25-MEN,BraTS-MEN-00303,BraTS25MEN_BraTS-MEN-00303-000-t2f,FLAIR
BraTS25-MEN,BraTS-MEN-00303,BraTS25MEN_BraTS-MEN-00303-000-t2w,T2
BraTS25-MEN,BraTS-MEN-00307,BraTS25MEN_BraTS-MEN-00307-000-t1c,T1c
BraTS25-MEN,BraTS-MEN-00307,BraTS25MEN_BraTS-MEN-00307-000-t1n,T1
BraTS25-MEN,BraTS-MEN-00307,BraTS25MEN_BraTS-MEN-00307-000-t2f,FLAIR
BraTS25-MEN,BraTS-MEN-00307,BraTS25MEN_BraTS-MEN-00307-000-t2w,T2
BraTS25-MEN,BraTS-MEN-00313,BraTS25MEN_BraTS-MEN-00313-000-t1c,T1c
BraTS25-MEN,BraTS-MEN-00313,BraTS25MEN_BraTS-MEN-00313-000-t1n,T1
BraTS25-MEN,BraTS-MEN-00313,BraTS25MEN_BraTS-MEN-00313-000-t2f,FLAIR
BraTS25-MEN,BraTS-MEN-00313,BraTS25MEN_BraTS-MEN-00313-000-t2w,T2
BraTS25-MEN,BraTS-MEN-00355,BraTS25MEN_BraTS-MEN-00355-000-t1c,T1c
BraTS25-MEN,BraTS-MEN-00355,BraTS25MEN_BraTS-MEN-00355-000-t1n,T1
BraTS25-MEN,BraTS-MEN-00355,BraTS25MEN_BraTS-MEN-00355-000-t2f,FLAIR
BraTS25-MEN,BraTS-MEN-00355,BraTS25MEN_BraTS-MEN-00355-000-t2w,T2
BraTS25-MEN,BraTS-MEN-00372,BraTS25MEN_BraTS-MEN-00372-000-t1c,T1c
BraTS25-MEN,BraTS-MEN-00372,BraTS25MEN_BraTS-MEN-00372-000-t1n,T1
BraTS25-MEN,BraTS-MEN-00372,BraTS25MEN_BraTS-MEN-00372-000-t2f,FLAIR
BraTS25-MEN,BraTS-MEN-00372,BraTS25MEN_BraTS-MEN-00372-000-t2w,T2
BraTS25-MEN,BraTS-MEN-00373,BraTS25MEN_BraTS-MEN-00373-000-t1c,T1c
BraTS25-MEN,BraTS-MEN-00373,BraTS25MEN_BraTS-MEN-00373-000-t1n,T1
BraTS25-MEN,BraTS-MEN-00373,BraTS25MEN_BraTS-MEN-00373-000-t2f,FLAIR
BraTS25-MEN,BraTS-MEN-00373,BraTS25MEN_BraTS-MEN-00373-000-t2w,T2
BraTS25-MEN,BraTS-MEN-00381,BraTS25MEN_BraTS-MEN-00381-000-t1c,T1c
BraTS25-MEN,BraTS-MEN-00381,BraTS25MEN_BraTS-MEN-00381-000-t1n,T1
BraTS25-MEN,BraTS-MEN-00381,BraTS25MEN_BraTS-MEN-00381-000-t2f,FLAIR
BraTS25-MEN,BraTS-MEN-00381,BraTS25MEN_BraTS-MEN-00381-000-t2w,T2
BraTS25-MEN,BraTS-MEN-00406,BraTS25MEN_BraTS-MEN-00406-000-t1c,T1c
BraTS25-MEN,BraTS-MEN-00406,BraTS25MEN_BraTS-MEN-00406-000-t1n,T1
BraTS25-MEN,BraTS-MEN-00406,BraTS25MEN_BraTS-MEN-00406-000-t2f,FLAIR
BraTS25-MEN,BraTS-MEN-00406,BraTS25MEN_BraTS-MEN-00406-000-t2w,T2
BraTS25-MEN,BraTS-MEN-00444,BraTS25MEN_BraTS-MEN-00444-000-t1c,T1c
BraTS25-MEN,BraTS-MEN-00444,BraTS25MEN_BraTS-MEN-00444-000-t1n,T1
BraTS25-MEN,BraTS-MEN-00444,BraTS25MEN_BraTS-MEN-00444-000-t2f,FLAIR
BraTS25-MEN,BraTS-MEN-00444,BraTS25MEN_BraTS-MEN-00444-000-t2w,T2
BraTS25-MEN,BraTS-MEN-00490,BraTS25MEN_BraTS-MEN-00490-000-t1c,T1c
BraTS25-MEN,BraTS-MEN-00490,BraTS25MEN_BraTS-MEN-00490-000-t1n,T1
BraTS25-MEN,BraTS-MEN-00490,BraTS25MEN_BraTS-MEN-00490-000-t2f,FLAIR
BraTS25-MEN,BraTS-MEN-00490,BraTS25MEN_BraTS-MEN-00490-000-t2w,T2
BraTS25-MEN,BraTS-MEN-00498,BraTS25MEN_BraTS-MEN-00498-000-t1c,T1c
BraTS25-MEN,BraTS-MEN-00498,BraTS25MEN_BraTS-MEN-00498-000-t1n,T1
BraTS25-MEN,BraTS-MEN-00498,BraTS25MEN_BraTS-MEN-00498-000-t2f,FLAIR
BraTS25-MEN,BraTS-MEN-00498,BraTS25MEN_BraTS-MEN-00498-000-t2w,T2
BraTS25-MEN,BraTS-MEN-00500,BraTS25MEN_BraTS-MEN-00500-000-t1c,T1c
BraTS25-MEN,BraTS-MEN-00500,BraTS25MEN_BraTS-MEN-00500-000-t1n,T1
BraTS25-MEN,BraTS-MEN-00500,BraTS25MEN_BraTS-MEN-00500-000-t2f,FLAIR
BraTS25-MEN,BraTS-MEN-00500,BraTS25MEN_BraTS-MEN-00500-000-t2w,T2
BraTS25-MEN,BraTS-MEN-00549,BraTS25MEN_BraTS-MEN-00549-000-t1c,T1c
BraTS25-MEN,BraTS-MEN-00549,BraTS25MEN_BraTS-MEN-00549-000-t1n,T1
BraTS25-MEN,BraTS-MEN-00549,BraTS25MEN_BraTS-MEN-00549-000-t2f,FLAIR
BraTS25-MEN,BraTS-MEN-00549,BraTS25MEN_BraTS-MEN-00549-000-t2w,T2
BraTS25-MEN,BraTS-MEN-00558,BraTS25MEN_BraTS-MEN-00558-000-t1c,T1c
BraTS25-MEN,BraTS-MEN-00558,BraTS25MEN_BraTS-MEN-00558-000-t1n,T1
BraTS25-MEN,BraTS-MEN-00558,BraTS25MEN_BraTS-MEN-00558-000-t2f,FLAIR
BraTS25-MEN,BraTS-MEN-00558,BraTS25MEN_BraTS-MEN-00558-000-t2w,T2
BraTS25-MEN,BraTS-MEN-00559,BraTS25MEN_BraTS-MEN-00559-000-t1c,T1c
BraTS25-MEN,BraTS-MEN-00559,BraTS25MEN_BraTS-MEN-00559-000-t1n,T1
BraTS25-MEN,BraTS-MEN-00559,BraTS25MEN_BraTS-MEN-00559-000-t2f,FLAIR
BraTS25-MEN,BraTS-MEN-00559,BraTS25MEN_BraTS-MEN-00559-000-t2w,T2
BraTS25-MEN,BraTS-MEN-00630,BraTS25MEN_BraTS-MEN-00630-000-t1c,T1c
BraTS25-MEN,BraTS-MEN-00630,BraTS25MEN_BraTS-MEN-00630-000-t1n,T1
BraTS25-MEN,BraTS-MEN-00630,BraTS25MEN_BraTS-MEN-00630-000-t2f,FLAIR
BraTS25-MEN,BraTS-MEN-00630,BraTS25MEN_BraTS-MEN-00630-000-t2w,T2
BraTS25-MEN,BraTS-MEN-00633,BraTS25MEN_BraTS-MEN-00633-000-t1c,T1c
BraTS25-MEN,BraTS-MEN-00633,BraTS25MEN_BraTS-MEN-00633-000-t1n,T1
BraTS25-MEN,BraTS-MEN-00633,BraTS25MEN_BraTS-MEN-00633-000-t2f,FLAIR
BraTS25-MEN,BraTS-MEN-00633,BraTS25MEN_BraTS-MEN-00633-000-t2w,T2
BraTS25-MEN,BraTS-MEN-00637,BraTS25MEN_BraTS-MEN-00637-000-t1c,T1c
BraTS25-MEN,BraTS-MEN-00637,BraTS25MEN_BraTS-MEN-00637-000-t1n,T1
BraTS25-MEN,BraTS-MEN-00637,BraTS25MEN_BraTS-MEN-00637-000-t2f,FLAIR
BraTS25-MEN,BraTS-MEN-00637,BraTS25MEN_BraTS-MEN-00637-000-t2w,T2
BraTS25-MEN,BraTS-MEN-00641,BraTS25MEN_BraTS-MEN-00641-000-t1c,T1c
BraTS25-MEN,BraTS-MEN-00641,BraTS25MEN_BraTS-MEN-00641-000-t1n,T1
BraTS25-MEN,BraTS-MEN-00641,BraTS25MEN_BraTS-MEN-00641-000-t2f,FLAIR
BraTS25-MEN,BraTS-MEN-00641,BraTS25MEN_BraTS-MEN-00641-000-t2w,T2
BraTS25-MEN,BraTS-MEN-00643,BraTS25MEN_BraTS-MEN-00643-000-t1c,T1c
BraTS25-MEN,BraTS-MEN-00643,BraTS25MEN_BraTS-MEN-00643-000-t1n,T1
BraTS25-MEN,BraTS-MEN-00643,BraTS25MEN_BraTS-MEN-00643-000-t2f,FLAIR
BraTS25-MEN,BraTS-MEN-00643,BraTS25MEN_BraTS-MEN-00643-000-t2w,T2
BraTS25-MEN,BraTS-MEN-00645,BraTS25MEN_BraTS-MEN-00645-000-t1c,T1c
BraTS25-MEN,BraTS-MEN-00645,BraTS25MEN_BraTS-MEN-00645-000-t1n,T1
BraTS25-MEN,BraTS-MEN-00645,BraTS25MEN_BraTS-MEN-00645-000-t2f,FLAIR
BraTS25-MEN,BraTS-MEN-00645,BraTS25MEN_BraTS-MEN-00645-000-t2w,T2
BraTS25-MEN,BraTS-MEN-00697,BraTS25MEN_BraTS-MEN-00697-000-t1c,T1c
BraTS25-MEN,BraTS-MEN-00697,BraTS25MEN_BraTS-MEN-00697-000-t1n,T1
BraTS25-MEN,BraTS-MEN-00697,BraTS25MEN_BraTS-MEN-00697-000-t2f,FLAIR
BraTS25-MEN,BraTS-MEN-00697,BraTS25MEN_BraTS-MEN-00697-000-t2w,T2
BraTS25-MEN,BraTS-MEN-00698,BraTS25MEN_BraTS-MEN-00698-000-t1c,T1c
BraTS25-MEN,BraTS-MEN-00698,BraTS25MEN_BraTS-MEN-00698-000-t1n,T1
BraTS25-MEN,BraTS-MEN-00698,BraTS25MEN_BraTS-MEN-00698-000-t2f,FLAIR
BraTS25-MEN,BraTS-MEN-00698,BraTS25MEN_BraTS-MEN-00698-000-t2w,T2
BraTS25-MEN,BraTS-MEN-00699,BraTS25MEN_BraTS-MEN-00699-000-t1c,T1c
BraTS25-MEN,BraTS-MEN-00699,BraTS25MEN_BraTS-MEN-00699-000-t1n,T1
BraTS25-MEN,BraTS-MEN-00699,BraTS25MEN_BraTS-MEN-00699-000-t2f,FLAIR
BraTS25-MEN,BraTS-MEN-00699,BraTS25MEN_BraTS-MEN-00699-000-t2w,T2
BraTS25-MEN,BraTS-MEN-00722,BraTS25MEN_BraTS-MEN-00722-000-t1c,T1c
BraTS25-MEN,BraTS-MEN-00722,BraTS25MEN_BraTS-MEN-00722-000-t1n,T1
BraTS25-MEN,BraTS-MEN-00722,BraTS25MEN_BraTS-MEN-00722-000-t2f,FLAIR
BraTS25-MEN,BraTS-MEN-00722,BraTS25MEN_BraTS-MEN-00722-000-t2w,T2
BraTS25-MEN,BraTS-MEN-00725,BraTS25MEN_BraTS-MEN-00725-000-t1c,T1c
BraTS25-MEN,BraTS-MEN-00725,BraTS25MEN_BraTS-MEN-00725-000-t1n,T1
BraTS25-MEN,BraTS-MEN-00725,BraTS25MEN_BraTS-MEN-00725-000-t2f,FLAIR
BraTS25-MEN,BraTS-MEN-00725,BraTS25MEN_BraTS-MEN-00725-000-t2w,T2
BraTS25-MEN,BraTS-MEN-00772,BraTS25MEN_BraTS-MEN-00772-000-t1c,T1c
BraTS25-MEN,BraTS-MEN-00772,BraTS25MEN_BraTS-MEN-00772-000-t1n,T1
BraTS25-MEN,BraTS-MEN-00772,BraTS25MEN_BraTS-MEN-00772-000-t2f,FLAIR
BraTS25-MEN,BraTS-MEN-00772,BraTS25MEN_BraTS-MEN-00772-000-t2w,T2
BraTS25-MEN,BraTS-MEN-00810,BraTS25MEN_BraTS-MEN-00810-000-t1c,T1c
BraTS25-MEN,BraTS-MEN-00810,BraTS25MEN_BraTS-MEN-00810-000-t1n,T1
BraTS25-MEN,BraTS-MEN-00810,BraTS25MEN_BraTS-MEN-00810-000-t2f,FLAIR
BraTS25-MEN,BraTS-MEN-00810,BraTS25MEN_BraTS-MEN-00810-000-t2w,T2
BraTS25-MEN,BraTS-MEN-00840,BraTS25MEN_BraTS-MEN-00840-000-t1c,T1c
BraTS25-MEN,BraTS-MEN-00840,BraTS25MEN_BraTS-MEN-00840-000-t1n,T1
BraTS25-MEN,BraTS-MEN-00840,BraTS25MEN_BraTS-MEN-00840-000-t2f,FLAIR
BraTS25-MEN,BraTS-MEN-00840,BraTS25MEN_BraTS-MEN-00840-000-t2w,T2
BraTS25-MEN,BraTS-MEN-00842,BraTS25MEN_BraTS-MEN-00842-000-t1c,T1c
BraTS25-MEN,BraTS-MEN-00842,BraTS25MEN_BraTS-MEN-00842-000-t1n,T1
BraTS25-MEN,BraTS-MEN-00842,BraTS25MEN_BraTS-MEN-00842-000-t2f,FLAIR
BraTS25-MEN,BraTS-MEN-00842,BraTS25MEN_BraTS-MEN-00842-000-t2w,T2
BraTS25-MEN,BraTS-MEN-00847,BraTS25MEN_BraTS-MEN-00847-000-t1c,T1c
BraTS25-MEN,BraTS-MEN-00847,BraTS25MEN_BraTS-MEN-00847-000-t1n,T1
BraTS25-MEN,BraTS-MEN-00847,BraTS25MEN_BraTS-MEN-00847-000-t2f,FLAIR
BraTS25-MEN,BraTS-MEN-00847,BraTS25MEN_BraTS-MEN-00847-000-t2w,T2
BraTS25-MEN,BraTS-MEN-00854,BraTS25MEN_BraTS-MEN-00854-000-t1c,T1c
BraTS25-MEN,BraTS-MEN-00854,BraTS25MEN_BraTS-MEN-00854-000-t1n,T1
BraTS25-MEN,BraTS-MEN-00854,BraTS25MEN_BraTS-MEN-00854-000-t2f,FLAIR
BraTS25-MEN,BraTS-MEN-00854,BraTS25MEN_BraTS-MEN-00854-000-t2w,T2
BraTS25-MEN,BraTS-MEN-00948,BraTS25MEN_BraTS-MEN-00948-000-t1c,T1c
BraTS25-MEN,BraTS-MEN-00948,BraTS25MEN_BraTS-MEN-00948-000-t1n,T1
BraTS25-MEN,BraTS-MEN-00948,BraTS25MEN_BraTS-MEN-00948-000-t2f,FLAIR
BraTS25-MEN,BraTS-MEN-00948,BraTS25MEN_BraTS-MEN-00948-000-t2w,T2
BraTS25-MEN,BraTS-MEN-00967,BraTS25MEN_BraTS-MEN-00967-000-t1c,T1c
BraTS25-MEN,BraTS-MEN-00967,BraTS25MEN_BraTS-MEN-00967-000-t1n,T1
BraTS25-MEN,BraTS-MEN-00967,BraTS25MEN_BraTS-MEN-00967-000-t2f,FLAIR
BraTS25-MEN,BraTS-MEN-00967,BraTS25MEN_BraTS-MEN-00967-000-t2w,T2
BraTS25-MEN,BraTS-MEN-00981,BraTS25MEN_BraTS-MEN-00981-000-t1c,T1c
BraTS25-MEN,BraTS-MEN-00981,BraTS25MEN_BraTS-MEN-00981-000-t1n,T1
BraTS25-MEN,BraTS-MEN-00981,BraTS25MEN_BraTS-MEN-00981-000-t2f,FLAIR
BraTS25-MEN,BraTS-MEN-00981,BraTS25MEN_BraTS-MEN-00981-000-t2w,T2
BraTS25-MEN,BraTS-MEN-01031,BraTS25MEN_BraTS-MEN-01031-000-t1c,T1c
BraTS25-MEN,BraTS-MEN-01031,BraTS25MEN_BraTS-MEN-01031-000-t1n,T1
BraTS25-MEN,BraTS-MEN-01031,BraTS25MEN_BraTS-MEN-01031-000-t2f,FLAIR
BraTS25-MEN,BraTS-MEN-01031,BraTS25MEN_BraTS-MEN-01031-000-t2w,T2
BraTS25-MEN,BraTS-MEN-01044,BraTS25MEN_BraTS-MEN-01044-000-t1c,T1c
BraTS25-MEN,BraTS-MEN-01044,BraTS25MEN_BraTS-MEN-01044-000-t1n,T1
BraTS25-MEN,BraTS-MEN-01044,BraTS25MEN_BraTS-MEN-01044-000-t2f,FLAIR
BraTS25-MEN,BraTS-MEN-01044,BraTS25MEN_BraTS-MEN-01044-000-t2w,T2
BraTS25-MEN,BraTS-MEN-01081,BraTS25MEN_BraTS-MEN-01081-000-t1c,T1c
BraTS25-MEN,BraTS-MEN-01081,BraTS25MEN_BraTS-MEN-01081-000-t1n,T1
BraTS25-MEN,BraTS-MEN-01081,BraTS25MEN_BraTS-MEN-01081-000-t2f,FLAIR
BraTS25-MEN,BraTS-MEN-01081,BraTS25MEN_BraTS-MEN-01081-000-t2w,T2
BraTS25-MEN,BraTS-MEN-01083,BraTS25MEN_BraTS-MEN-01083-000-t1c,T1c
BraTS25-MEN,BraTS-MEN-01083,BraTS25MEN_BraTS-MEN-01083-000-t1n,T1
BraTS25-MEN,BraTS-MEN-01083,BraTS25MEN_BraTS-MEN-01083-000-t2f,FLAIR
BraTS25-MEN,BraTS-MEN-01083,BraTS25MEN_BraTS-MEN-01083-000-t2w,T2
BraTS25-MEN,BraTS-MEN-01086,BraTS25MEN_BraTS-MEN-01086-000-t1c,T1c
BraTS25-MEN,BraTS-MEN-01086,BraTS25MEN_BraTS-MEN-01086-000-t1n,T1
BraTS25-MEN,BraTS-MEN-01086,BraTS25MEN_BraTS-MEN-01086-000-t2f,FLAIR
BraTS25-MEN,BraTS-MEN-01086,BraTS25MEN_BraTS-MEN-01086-000-t2w,T2
BraTS25-MEN,BraTS-MEN-01140,BraTS25MEN_BraTS-MEN-01140-000-t1c,T1c
BraTS25-MEN,BraTS-MEN-01140,BraTS25MEN_BraTS-MEN-01140-000-t1n,T1
BraTS25-MEN,BraTS-MEN-01140,BraTS25MEN_BraTS-MEN-01140-000-t2f,FLAIR
BraTS25-MEN,BraTS-MEN-01140,BraTS25MEN_BraTS-MEN-01140-000-t2w,T2
BraTS25-MEN,BraTS-MEN-01141,BraTS25MEN_BraTS-MEN-01141-000-t1c,T1c
BraTS25-MEN,BraTS-MEN-01141,BraTS25MEN_BraTS-MEN-01141-000-t1n,T1
BraTS25-MEN,BraTS-MEN-01141,BraTS25MEN_BraTS-MEN-01141-000-t2f,FLAIR
BraTS25-MEN,BraTS-MEN-01141,BraTS25MEN_BraTS-MEN-01141-000-t2w,T2
BraTS25-MEN,BraTS-MEN-01161,BraTS25MEN_BraTS-MEN-01161-000-t1c,T1c
BraTS25-MEN,BraTS-MEN-01161,BraTS25MEN_BraTS-MEN-01161-000-t1n,T1
BraTS25-MEN,BraTS-MEN-01161,BraTS25MEN_BraTS-MEN-01161-000-t2f,FLAIR
BraTS25-MEN,BraTS-MEN-01161,BraTS25MEN_BraTS-MEN-01161-000-t2w,T2
BraTS25-MEN,BraTS-MEN-01172,BraTS25MEN_BraTS-MEN-01172-000-t1c,T1c
BraTS25-MEN,BraTS-MEN-01172,BraTS25MEN_BraTS-MEN-01172-000-t1n,T1
BraTS25-MEN,BraTS-MEN-01172,BraTS25MEN_BraTS-MEN-01172-000-t2f,FLAIR
BraTS25-MEN,BraTS-MEN-01172,BraTS25MEN_BraTS-MEN-01172-000-t2w,T2
BraTS25-MEN,BraTS-MEN-01267,BraTS25MEN_BraTS-MEN-01267-000-t1c,T1c
BraTS25-MEN,BraTS-MEN-01267,BraTS25MEN_BraTS-MEN-01267-000-t1n,T1
BraTS25-MEN,BraTS-MEN-01267,BraTS25MEN_BraTS-MEN-01267-000-t2f,FLAIR
BraTS25-MEN,BraTS-MEN-01267,BraTS25MEN_BraTS-MEN-01267-000-t2w,T2
BraTS25-MEN,BraTS-MEN-01278,BraTS25MEN_BraTS-MEN-01278-000-t1c,T1c
BraTS25-MEN,BraTS-MEN-01278,BraTS25MEN_BraTS-MEN-01278-000-t1n,T1
BraTS25-MEN,BraTS-MEN-01278,BraTS25MEN_BraTS-MEN-01278-000-t2f,FLAIR
BraTS25-MEN,BraTS-MEN-01278,BraTS25MEN_BraTS-MEN-01278-000-t2w,T2
BraTS25-MEN,BraTS-MEN-01346,BraTS25MEN_BraTS-MEN-01346-000-t1c,T1c
BraTS25-MEN,BraTS-MEN-01346,BraTS25MEN_BraTS-MEN-01346-000-t1n,T1
BraTS25-MEN,BraTS-MEN-01346,BraTS25MEN_BraTS-MEN-01346-000-t2f,FLAIR
BraTS25-MEN,BraTS-MEN-01346,BraTS25MEN_BraTS-MEN-01346-000-t2w,T2
BraTS25-MEN,BraTS-MEN-01357,BraTS25MEN_BraTS-MEN-01357-000-t1c,T1c
BraTS25-MEN,BraTS-MEN-01357,BraTS25MEN_BraTS-MEN-01357-000-t1n,T1
BraTS25-MEN,BraTS-MEN-01357,BraTS25MEN_BraTS-MEN-01357-000-t2f,FLAIR
BraTS25-MEN,BraTS-MEN-01357,BraTS25MEN_BraTS-MEN-01357-000-t2w,T2
BraTS25-MEN,BraTS-MEN-01368,BraTS25MEN_BraTS-MEN-01368-000-t1c,T1c
BraTS25-MEN,BraTS-MEN-01368,BraTS25MEN_BraTS-MEN-01368-000-t1n,T1
BraTS25-MEN,BraTS-MEN-01368,BraTS25MEN_BraTS-MEN-01368-000-t2f,FLAIR
BraTS25-MEN,BraTS-MEN-01368,BraTS25MEN_BraTS-MEN-01368-000-t2w,T2
BraTS25-MEN,BraTS-MEN-01383,BraTS25MEN_BraTS-MEN-01383-000-t1c,T1c
BraTS25-MEN,BraTS-MEN-01383,BraTS25MEN_BraTS-MEN-01383-000-t1n,T1
BraTS25-MEN,BraTS-MEN-01383,BraTS25MEN_BraTS-MEN-01383-000-t2f,FLAIR
BraTS25-MEN,BraTS-MEN-01383,BraTS25MEN_BraTS-MEN-01383-000-t2w,T2
BraTS25-MEN,BraTS-MEN-01383,BraTS25MEN_BraTS-MEN-01383-005-t1c,T1c
BraTS25-MEN,BraTS-MEN-01383,BraTS25MEN_BraTS-MEN-01383-005-t1n,T1
BraTS25-MEN,BraTS-MEN-01383,BraTS25MEN_BraTS-MEN-01383-005-t2f,FLAIR
BraTS25-MEN,BraTS-MEN-01383,BraTS25MEN_BraTS-MEN-01383-005-t2w,T2
BraTS25-MEN,BraTS-MEN-01383,BraTS25MEN_BraTS-MEN-01383-006-t1c,T1c
BraTS25-MEN,BraTS-MEN-01383,BraTS25MEN_BraTS-MEN-01383-006-t1n,T1
BraTS25-MEN,BraTS-MEN-01383,BraTS25MEN_BraTS-MEN-01383-006-t2f,FLAIR
BraTS25-MEN,BraTS-MEN-01383,BraTS25MEN_BraTS-MEN-01383-006-t2w,T2
BraTS25-MEN,BraTS-MEN-01383,BraTS25MEN_BraTS-MEN-01383-007-t1c,T1c
BraTS25-MEN,BraTS-MEN-01383,BraTS25MEN_BraTS-MEN-01383-007-t1n,T1
BraTS25-MEN,BraTS-MEN-01383,BraTS25MEN_BraTS-MEN-01383-007-t2f,FLAIR
BraTS25-MEN,BraTS-MEN-01383,BraTS25MEN_BraTS-MEN-01383-007-t2w,T2
BraTS25-MEN,BraTS-MEN-01383,BraTS25MEN_BraTS-MEN-01383-009-t1c,T1c
BraTS25-MEN,BraTS-MEN-01383,BraTS25MEN_BraTS-MEN-01383-009-t1n,T1
BraTS25-MEN,BraTS-MEN-01383,BraTS25MEN_BraTS-MEN-01383-009-t2f,FLAIR
BraTS25-MEN,BraTS-MEN-01383,BraTS25MEN_BraTS-MEN-01383-009-t2w,T2
BraTS25-MEN,BraTS-MEN-01383,BraTS25MEN_BraTS-MEN-01383-010-t1c,T1c
BraTS25-MEN,BraTS-MEN-01383,BraTS25MEN_BraTS-MEN-01383-010-t1n,T1
BraTS25-MEN,BraTS-MEN-01383,BraTS25MEN_BraTS-MEN-01383-010-t2f,FLAIR
BraTS25-MEN,BraTS-MEN-01383,BraTS25MEN_BraTS-MEN-01383-010-t2w,T2
BraTS25-MEN,BraTS-MEN-01399,BraTS25MEN_BraTS-MEN-01399-000-t1c,T1c
BraTS25-MEN,BraTS-MEN-01399,BraTS25MEN_BraTS-MEN-01399-000-t1n,T1
BraTS25-MEN,BraTS-MEN-01399,BraTS25MEN_BraTS-MEN-01399-000-t2f,FLAIR
BraTS25-MEN,BraTS-MEN-01399,BraTS25MEN_BraTS-MEN-01399-000-t2w,T2
BraTS25-MEN,BraTS-MEN-01402,BraTS25MEN_BraTS-MEN-01402-000-t1c,T1c
BraTS25-MEN,BraTS-MEN-01402,BraTS25MEN_BraTS-MEN-01402-000-t1n,T1
BraTS25-MEN,BraTS-MEN-01402,BraTS25MEN_BraTS-MEN-01402-000-t2f,FLAIR
BraTS25-MEN,BraTS-MEN-01402,BraTS25MEN_BraTS-MEN-01402-000-t2w,T2
BraTS25-MEN,BraTS-MEN-01408,BraTS25MEN_BraTS-MEN-01408-000-t1c,T1c
BraTS25-MEN,BraTS-MEN-01408,BraTS25MEN_BraTS-MEN-01408-000-t1n,T1
BraTS25-MEN,BraTS-MEN-01408,BraTS25MEN_BraTS-MEN-01408-000-t2f,FLAIR
BraTS25-MEN,BraTS-MEN-01408,BraTS25MEN_BraTS-MEN-01408-000-t2w,T2
BraTS25-MEN,BraTS-MEN-01419,BraTS25MEN_BraTS-MEN-01419-000-t1c,T1c
BraTS25-MEN,BraTS-MEN-01419,BraTS25MEN_BraTS-MEN-01419-000-t1n,T1
BraTS25-MEN,BraTS-MEN-01419,BraTS25MEN_BraTS-MEN-01419-000-t2f,FLAIR
BraTS25-MEN,BraTS-MEN-01419,BraTS25MEN_BraTS-MEN-01419-000-t2w,T2
BraTS25-MEN,BraTS-MEN-01422,BraTS25MEN_BraTS-MEN-01422-000-t1c,T1c
BraTS25-MEN,BraTS-MEN-01422,BraTS25MEN_BraTS-MEN-01422-000-t1n,T1
BraTS25-MEN,BraTS-MEN-01422,BraTS25MEN_BraTS-MEN-01422-000-t2f,FLAIR
BraTS25-MEN,BraTS-MEN-01422,BraTS25MEN_BraTS-MEN-01422-000-t2w,T2
BraTS25-MEN,BraTS-MEN-01429,BraTS25MEN_BraTS-MEN-01429-000-t1c,T1c
BraTS25-MEN,BraTS-MEN-01429,BraTS25MEN_BraTS-MEN-01429-000-t1n,T1
BraTS25-MEN,BraTS-MEN-01429,BraTS25MEN_BraTS-MEN-01429-000-t2f,FLAIR
BraTS25-MEN,BraTS-MEN-01429,BraTS25MEN_BraTS-MEN-01429-000-t2w,T2
BraTS25-MET,BraTS-MET-00002-000,BraTS25_BraTS-MET-00002-000-t1c,T1c
BraTS25-MET,BraTS-MET-00002-000,BraTS25_BraTS-MET-00002-000-t1n,T1
BraTS25-MET,BraTS-MET-00002-000,BraTS25_BraTS-MET-00002-000-t2f,FLAIR
BraTS25-MET,BraTS-MET-00002-000,BraTS25_BraTS-MET-00002-000-t2w,T2
BraTS25-MET,BraTS-MET-00021-000,BraTS25_BraTS-MET-00021-000-t1c,T1c
BraTS25-MET,BraTS-MET-00021-000,BraTS25_BraTS-MET-00021-000-t1n,T1
BraTS25-MET,BraTS-MET-00021-000,BraTS25_BraTS-MET-00021-000-t2f,FLAIR
BraTS25-MET,BraTS-MET-00021-000,BraTS25_BraTS-MET-00021-000-t2w,T2
BraTS25-MET,BraTS-MET-00110-000,BraTS25_BraTS-MET-00110-000-t1c,T1c
BraTS25-MET,BraTS-MET-00110-000,BraTS25_BraTS-MET-00110-000-t1n,T1
BraTS25-MET,BraTS-MET-00110-000,BraTS25_BraTS-MET-00110-000-t2f,FLAIR
BraTS25-MET,BraTS-MET-00110-000,BraTS25_BraTS-MET-00110-000-t2w,T2
BraTS25-MET,BraTS-MET-00126-000,BraTS25_BraTS-MET-00126-000-t1c,T1c
BraTS25-MET,BraTS-MET-00126-000,BraTS25_BraTS-MET-00126-000-t1n,T1
BraTS25-MET,BraTS-MET-00126-000,BraTS25_BraTS-MET-00126-000-t2f,FLAIR
BraTS25-MET,BraTS-MET-00126-000,BraTS25_BraTS-MET-00126-000-t2w,T2
BraTS25-MET,BraTS-MET-00140-000,BraTS25_BraTS-MET-00140-000-t1c,T1c
BraTS25-MET,BraTS-MET-00140-000,BraTS25_BraTS-MET-00140-000-t1n,T1
BraTS25-MET,BraTS-MET-00140-000,BraTS25_BraTS-MET-00140-000-t2f,FLAIR
BraTS25-MET,BraTS-MET-00140-000,BraTS25_BraTS-MET-00140-000-t2w,T2
BraTS25-MET,BraTS-MET-00142-000,BraTS25_BraTS-MET-00142-000-t1c,T1c
BraTS25-MET,BraTS-MET-00142-000,BraTS25_BraTS-MET-00142-000-t1n,T1
BraTS25-MET,BraTS-MET-00142-000,BraTS25_BraTS-MET-00142-000-t2f,FLAIR
BraTS25-MET,BraTS-MET-00142-000,BraTS25_BraTS-MET-00142-000-t2w,T2
BraTS25-MET,BraTS-MET-00147-000,BraTS25_BraTS-MET-00147-000-t1c,T1c
BraTS25-MET,BraTS-MET-00147-000,BraTS25_BraTS-MET-00147-000-t1n,T1
BraTS25-MET,BraTS-MET-00147-000,BraTS25_BraTS-MET-00147-000-t2f,FLAIR
BraTS25-MET,BraTS-MET-00147-000,BraTS25_BraTS-MET-00147-000-t2w,T2
BraTS25-MET,BraTS-MET-00178-000,BraTS25_BraTS-MET-00178-000-t1c,T1c
BraTS25-MET,BraTS-MET-00178-000,BraTS25_BraTS-MET-00178-000-t1n,T1
BraTS25-MET,BraTS-MET-00178-000,BraTS25_BraTS-MET-00178-000-t2f,FLAIR
BraTS25-MET,BraTS-MET-00178-000,BraTS25_BraTS-MET-00178-000-t2w,T2
BraTS25-MET,BraTS-MET-00192-000,BraTS25_BraTS-MET-00192-000-t1c,T1c
BraTS25-MET,BraTS-MET-00192-000,BraTS25_BraTS-MET-00192-000-t1n,T1
BraTS25-MET,BraTS-MET-00192-000,BraTS25_BraTS-MET-00192-000-t2f,FLAIR
BraTS25-MET,BraTS-MET-00192-000,BraTS25_BraTS-MET-00192-000-t2w,T2
BraTS25-MET,BraTS-MET-00197-000,BraTS25_BraTS-MET-00197-000-t1c,T1c
BraTS25-MET,BraTS-MET-00197-000,BraTS25_BraTS-MET-00197-000-t1n,T1
BraTS25-MET,BraTS-MET-00197-000,BraTS25_BraTS-MET-00197-000-t2f,FLAIR
BraTS25-MET,BraTS-MET-00197-000,BraTS25_BraTS-MET-00197-000-t2w,T2
BraTS25-MET,BraTS-MET-00204-000,BraTS25_BraTS-MET-00204-000-t1c,T1c
BraTS25-MET,BraTS-MET-00204-000,BraTS25_BraTS-MET-00204-000-t1n,T1
BraTS25-MET,BraTS-MET-00204-000,BraTS25_BraTS-MET-00204-000-t2f,FLAIR
BraTS25-MET,BraTS-MET-00204-000,BraTS25_BraTS-MET-00204-000-t2w,T2
BraTS25-MET,BraTS-MET-00207-000,BraTS25_BraTS-MET-00207-000-t1c,T1c
BraTS25-MET,BraTS-MET-00207-000,BraTS25_BraTS-MET-00207-000-t1n,T1
BraTS25-MET,BraTS-MET-00207-000,BraTS25_BraTS-MET-00207-000-t2f,FLAIR
BraTS25-MET,BraTS-MET-00207-000,BraTS25_BraTS-MET-00207-000-t2w,T2
BraTS25-MET,BraTS-MET-00210-000,BraTS25_BraTS-MET-00210-000-t1c,T1c
BraTS25-MET,BraTS-MET-00210-000,BraTS25_BraTS-MET-00210-000-t1n,T1
BraTS25-MET,BraTS-MET-00210-000,BraTS25_BraTS-MET-00210-000-t2f,FLAIR
BraTS25-MET,BraTS-MET-00210-000,BraTS25_BraTS-MET-00210-000-t2w,T2
BraTS25-MET,BraTS-MET-00216-000,BraTS25_BraTS-MET-00216-000-t1c,T1c
BraTS25-MET,BraTS-MET-00216-000,BraTS25_BraTS-MET-00216-000-t1n,T1
BraTS25-MET,BraTS-MET-00216-000,BraTS25_BraTS-MET-00216-000-t2f,FLAIR
BraTS25-MET,BraTS-MET-00216-000,BraTS25_BraTS-MET-00216-000-t2w,T2
BraTS25-MET,BraTS-MET-00255-000,BraTS25_BraTS-MET-00255-000-t1c,T1c
BraTS25-MET,BraTS-MET-00255-000,BraTS25_BraTS-MET-00255-000-t1n,T1
BraTS25-MET,BraTS-MET-00255-000,BraTS25_BraTS-MET-00255-000-t2f,FLAIR
BraTS25-MET,BraTS-MET-00255-000,BraTS25_BraTS-MET-00255-000-t2w,T2
BraTS25-MET,BraTS-MET-00260-000,BraTS25_BraTS-MET-00260-000-t1c,T1c
BraTS25-MET,BraTS-MET-00260-000,BraTS25_BraTS-MET-00260-000-t1n,T1
BraTS25-MET,BraTS-MET-00260-000,BraTS25_BraTS-MET-00260-000-t2f,FLAIR
BraTS25-MET,BraTS-MET-00260-000,BraTS25_BraTS-MET-00260-000-t2w,T2
BraTS25-MET,BraTS-MET-00267-000,BraTS25_BraTS-MET-00267-000-t1c,T1c
BraTS25-MET,BraTS-MET-00267-000,BraTS25_BraTS-MET-00267-000-t1n,T1
BraTS25-MET,BraTS-MET-00267-000,BraTS25_BraTS-MET-00267-000-t2f,FLAIR
BraTS25-MET,BraTS-MET-00267-000,BraTS25_BraTS-MET-00267-000-t2w,T2
BraTS25-MET,BraTS-MET-00300-000,BraTS25_BraTS-MET-00300-000-t1c,T1c
BraTS25-MET,BraTS-MET-00300-000,BraTS25_BraTS-MET-00300-000-t1n,T1
BraTS25-MET,BraTS-MET-00300-000,BraTS25_BraTS-MET-00300-000-t2f,FLAIR
BraTS25-MET,BraTS-MET-00300-000,BraTS25_BraTS-MET-00300-000-t2w,T2
BraTS25-MET,BraTS-MET-00548-000,BraTS25_BraTS-MET-00548-000-t1c,T1c
BraTS25-MET,BraTS-MET-00548-000,BraTS25_BraTS-MET-00548-000-t1n,T1
BraTS25-MET,BraTS-MET-00548-000,BraTS25_BraTS-MET-00548-000-t2f,FLAIR
BraTS25-MET,BraTS-MET-00548-000,BraTS25_BraTS-MET-00548-000-t2w,T2
BraTS25-MET,BraTS-MET-00553-000,BraTS25_BraTS-MET-00553-000-t1c,T1c
BraTS25-MET,BraTS-MET-00553-000,BraTS25_BraTS-MET-00553-000-t1n,T1
BraTS25-MET,BraTS-MET-00553-000,BraTS25_BraTS-MET-00553-000-t2f,FLAIR
BraTS25-MET,BraTS-MET-00553-000,BraTS25_BraTS-MET-00553-000-t2w,T2
BraTS25-MET,BraTS-MET-00569-000,BraTS25_BraTS-MET-00569-000-t1c,T1c
BraTS25-MET,BraTS-MET-00569-000,BraTS25_BraTS-MET-00569-000-t1n,T1
BraTS25-MET,BraTS-MET-00569-000,BraTS25_BraTS-MET-00569-000-t2f,FLAIR
BraTS25-MET,BraTS-MET-00569-000,BraTS25_BraTS-MET-00569-000-t2w,T2
BraTS25-MET,BraTS-MET-00571-000,BraTS25_BraTS-MET-00571-000-t1c,T1c
BraTS25-MET,BraTS-MET-00571-000,BraTS25_BraTS-MET-00571-000-t1n,T1
BraTS25-MET,BraTS-MET-00571-000,BraTS25_BraTS-MET-00571-000-t2f,FLAIR
BraTS25-MET,BraTS-MET-00571-000,BraTS25_BraTS-MET-00571-000-t2w,T2
BraTS25-MET,BraTS-MET-00596-000,BraTS25_BraTS-MET-00596-000-t1c,T1c
BraTS25-MET,BraTS-MET-00596-000,BraTS25_BraTS-MET-00596-000-t1n,T1
BraTS25-MET,BraTS-MET-00596-000,BraTS25_BraTS-MET-00596-000-t2f,FLAIR
BraTS25-MET,BraTS-MET-00596-000,BraTS25_BraTS-MET-00596-000-t2w,T2
BraTS25-MET,BraTS-MET-00602-000,BraTS25_BraTS-MET-00602-000-t1c,T1c
BraTS25-MET,BraTS-MET-00602-000,BraTS25_BraTS-MET-00602-000-t1n,T1
BraTS25-MET,BraTS-MET-00602-000,BraTS25_BraTS-MET-00602-000-t2f,FLAIR
BraTS25-MET,BraTS-MET-00602-000,BraTS25_BraTS-MET-00602-000-t2w,T2
BraTS25-MET,BraTS-MET-00623-001,BraTS25_BraTS-MET-00623-001-t1c,T1c
BraTS25-MET,BraTS-MET-00623-001,BraTS25_BraTS-MET-00623-001-t1n,T1
BraTS25-MET,BraTS-MET-00623-001,BraTS25_BraTS-MET-00623-001-t2f,FLAIR
BraTS25-MET,BraTS-MET-00623-001,BraTS25_BraTS-MET-00623-001-t2w,T2
BraTS25-MET,BraTS-MET-00653-002,BraTS25_BraTS-MET-00653-002-t1c,T1c
BraTS25-MET,BraTS-MET-00653-002,BraTS25_BraTS-MET-00653-002-t1n,T1
BraTS25-MET,BraTS-MET-00653-002,BraTS25_BraTS-MET-00653-002-t2f,FLAIR
BraTS25-MET,BraTS-MET-00653-002,BraTS25_BraTS-MET-00653-002-t2w,T2
BraTS25-MET,BraTS-MET-00690-000,BraTS25_BraTS-MET-00690-000-t1c,T1c
BraTS25-MET,BraTS-MET-00690-000,BraTS25_BraTS-MET-00690-000-t1n,T1
BraTS25-MET,BraTS-MET-00690-000,BraTS25_BraTS-MET-00690-000-t2f,FLAIR
BraTS25-MET,BraTS-MET-00690-000,BraTS25_BraTS-MET-00690-000-t2w,T2
BraTS25-MET,BraTS-MET-00694-001,BraTS25_BraTS-MET-00694-001-t1c,T1c
BraTS25-MET,BraTS-MET-00694-001,BraTS25_BraTS-MET-00694-001-t1n,T1
BraTS25-MET,BraTS-MET-00694-001,BraTS25_BraTS-MET-00694-001-t2f,FLAIR
BraTS25-MET,BraTS-MET-00694-001,BraTS25_BraTS-MET-00694-001-t2w,T2
BraTS25-MET,BraTS-MET-00701-000,BraTS25_BraTS-MET-00701-000-t1c,T1c
BraTS25-MET,BraTS-MET-00701-000,BraTS25_BraTS-MET-00701-000-t1n,T1
BraTS25-MET,BraTS-MET-00701-000,BraTS25_BraTS-MET-00701-000-t2f,FLAIR
BraTS25-MET,BraTS-MET-00701-000,BraTS25_BraTS-MET-00701-000-t2w,T2
BraTS25-MET,BraTS-MET-00706-000,BraTS25_BraTS-MET-00706-000-t1c,T1c
BraTS25-MET,BraTS-MET-00706-000,BraTS25_BraTS-MET-00706-000-t1n,T1
BraTS25-MET,BraTS-MET-00706-000,BraTS25_BraTS-MET-00706-000-t2f,FLAIR
BraTS25-MET,BraTS-MET-00706-000,BraTS25_BraTS-MET-00706-000-t2w,T2
BraTS25-MET,BraTS-MET-00707-000,BraTS25_BraTS-MET-00707-000-t1c,T1c
BraTS25-MET,BraTS-MET-00707-000,BraTS25_BraTS-MET-00707-000-t1n,T1
BraTS25-MET,BraTS-MET-00707-000,BraTS25_BraTS-MET-00707-000-t2f,FLAIR
BraTS25-MET,BraTS-MET-00707-000,BraTS25_BraTS-MET-00707-000-t2w,T2
BraTS25-MET,BraTS-MET-00735-000,BraTS25_BraTS-MET-00735-000-t1c,T1c
BraTS25-MET,BraTS-MET-00735-000,BraTS25_BraTS-MET-00735-000-t1n,T1
BraTS25-MET,BraTS-MET-00735-000,BraTS25_BraTS-MET-00735-000-t2f,FLAIR
BraTS25-MET,BraTS-MET-00735-000,BraTS25_BraTS-MET-00735-000-t2w,T2
BraTS25-MET,BraTS-MET-00740-001,BraTS25_BraTS-MET-00740-001-t1c,T1c
BraTS25-MET,BraTS-MET-00740-001,BraTS25_BraTS-MET-00740-001-t1n,T1
BraTS25-MET,BraTS-MET-00740-001,BraTS25_BraTS-MET-00740-001-t2f,FLAIR
BraTS25-MET,BraTS-MET-00740-001,BraTS25_BraTS-MET-00740-001-t2w,T2
BraTS25-MET,BraTS-MET-00745-000,BraTS25_BraTS-MET-00745-000-t1c,T1c
BraTS25-MET,BraTS-MET-00745-000,BraTS25_BraTS-MET-00745-000-t1n,T1
BraTS25-MET,BraTS-MET-00745-000,BraTS25_BraTS-MET-00745-000-t2f,FLAIR
BraTS25-MET,BraTS-MET-00745-000,BraTS25_BraTS-MET-00745-000-t2w,T2
BraTS25-MET,BraTS-MET-00759-001,BraTS25_BraTS-MET-00759-001-t1c,T1c
BraTS25-MET,BraTS-MET-00759-001,BraTS25_BraTS-MET-00759-001-t1n,T1
BraTS25-MET,BraTS-MET-00759-001,BraTS25_BraTS-MET-00759-001-t2f,FLAIR
BraTS25-MET,BraTS-MET-00759-001,BraTS25_BraTS-MET-00759-001-t2w,T2
BraTS25-MET,BraTS-MET-00779-000,BraTS25_BraTS-MET-00779-000-t1c,T1c
BraTS25-MET,BraTS-MET-00779-000,BraTS25_BraTS-MET-00779-000-t1n,T1
BraTS25-MET,BraTS-MET-00779-000,BraTS25_BraTS-MET-00779-000-t2f,FLAIR
BraTS25-MET,BraTS-MET-00779-000,BraTS25_BraTS-MET-00779-000-t2w,T2
BraTS25-MET,BraTS-MET-00786-000,BraTS25_BraTS-MET-00786-000-t1c,T1c
BraTS25-MET,BraTS-MET-00786-000,BraTS25_BraTS-MET-00786-000-t1n,T1
BraTS25-MET,BraTS-MET-00786-000,BraTS25_BraTS-MET-00786-000-t2f,FLAIR
BraTS25-MET,BraTS-MET-00786-000,BraTS25_BraTS-MET-00786-000-t2w,T2
BraTS25-MET,BraTS-MET-00850-000,BraTS25_BraTS-MET-00850-000-t1c,T1c
BraTS25-MET,BraTS-MET-00850-000,BraTS25_BraTS-MET-00850-000-t1n,T1
BraTS25-MET,BraTS-MET-00850-000,BraTS25_BraTS-MET-00850-000-t2f,FLAIR
BraTS25-MET,BraTS-MET-00850-000,BraTS25_BraTS-MET-00850-000-t2w,T2
BraTS25-MET,BraTS-MET-00853-000,BraTS25_BraTS-MET-00853-000-t1c,T1c
BraTS25-MET,BraTS-MET-00853-000,BraTS25_BraTS-MET-00853-000-t1n,T1
BraTS25-MET,BraTS-MET-00853-000,BraTS25_BraTS-MET-00853-000-t2f,FLAIR
BraTS25-MET,BraTS-MET-00853-000,BraTS25_BraTS-MET-00853-000-t2w,T2
BraTS25-MET,BraTS-MET-00854-000,BraTS25_BraTS-MET-00854-000-t1c,T1c
BraTS25-MET,BraTS-MET-00854-000,BraTS25_BraTS-MET-00854-000-t1n,T1
BraTS25-MET,BraTS-MET-00854-000,BraTS25_BraTS-MET-00854-000-t2f,FLAIR
BraTS25-MET,BraTS-MET-00854-000,BraTS25_BraTS-MET-00854-000-t2w,T2
BraTS25-MET,BraTS-MET-00882-000,BraTS25_BraTS-MET-00882-000-t1c,T1c
BraTS25-MET,BraTS-MET-00882-000,BraTS25_BraTS-MET-00882-000-t1n,T1
BraTS25-MET,BraTS-MET-00882-000,BraTS25_BraTS-MET-00882-000-t2f,FLAIR
BraTS25-MET,BraTS-MET-00882-000,BraTS25_BraTS-MET-00882-000-t2w,T2
BraTS25-MET,BraTS-MET-00915-000,BraTS25_BraTS-MET-00915-000-t1c,T1c
BraTS25-MET,BraTS-MET-00915-000,BraTS25_BraTS-MET-00915-000-t1n,T1
BraTS25-MET,BraTS-MET-00915-000,BraTS25_BraTS-MET-00915-000-t2f,FLAIR
BraTS25-MET,BraTS-MET-00915-000,BraTS25_BraTS-MET-00915-000-t2w,T2
BraTS25-MET,BraTS-MET-01068-000,BraTS25_BraTS-MET-01068-000-t1c,T1c
BraTS25-MET,BraTS-MET-01068-000,BraTS25_BraTS-MET-01068-000-t1n,T1
BraTS25-MET,BraTS-MET-01068-000,BraTS25_BraTS-MET-01068-000-t2f,FLAIR
BraTS25-MET,BraTS-MET-01068-000,BraTS25_BraTS-MET-01068-000-t2w,T2
BraTS25-MET,BraTS-MET-01068-002,BraTS25_BraTS-MET-01068-002-t1c,T1c
BraTS25-MET,BraTS-MET-01068-002,BraTS25_BraTS-MET-01068-002-t1n,T1
BraTS25-MET,BraTS-MET-01068-002,BraTS25_BraTS-MET-01068-002-t2f,FLAIR
BraTS25-MET,BraTS-MET-01068-002,BraTS25_BraTS-MET-01068-002-t2w,T2
BraTS25-MET,BraTS-MET-01075-002,BraTS25_BraTS-MET-01075-002-t1c,T1c
BraTS25-MET,BraTS-MET-01075-002,BraTS25_BraTS-MET-01075-002-t1n,T1
BraTS25-MET,BraTS-MET-01075-002,BraTS25_BraTS-MET-01075-002-t2f,FLAIR
BraTS25-MET,BraTS-MET-01075-002,BraTS25_BraTS-MET-01075-002-t2w,T2
BraTS25-MET,BraTS-MET-01079-000,BraTS25_BraTS-MET-01079-000-t1c,T1c
BraTS25-MET,BraTS-MET-01079-000,BraTS25_BraTS-MET-01079-000-t1n,T1
BraTS25-MET,BraTS-MET-01079-000,BraTS25_BraTS-MET-01079-000-t2f,FLAIR
BraTS25-MET,BraTS-MET-01079-000,BraTS25_BraTS-MET-01079-000-t2w,T2
BraTS25-MET,BraTS-MET-01079-003,BraTS25_BraTS-MET-01079-003-t1c,T1c
BraTS25-MET,BraTS-MET-01079-003,BraTS25_BraTS-MET-01079-003-t1n,T1
BraTS25-MET,BraTS-MET-01079-003,BraTS25_BraTS-MET-01079-003-t2f,FLAIR
BraTS25-MET,BraTS-MET-01079-003,BraTS25_BraTS-MET-01079-003-t2w,T2
BraTS25-MET,BraTS-MET-01080-002,BraTS25_BraTS-MET-01080-002-t1c,T1c
BraTS25-MET,BraTS-MET-01080-002,BraTS25_BraTS-MET-01080-002-t1n,T1
BraTS25-MET,BraTS-MET-01080-002,BraTS25_BraTS-MET-01080-002-t2f,FLAIR
BraTS25-MET,BraTS-MET-01080-002,BraTS25_BraTS-MET-01080-002-t2w,T2
BraTS25-MET,BraTS-MET-01103-003,BraTS25_BraTS-MET-01103-003-t1c,T1c
BraTS25-MET,BraTS-MET-01103-003,BraTS25_BraTS-MET-01103-003-t1n,T1
BraTS25-MET,BraTS-MET-01103-003,BraTS25_BraTS-MET-01103-003-t2f,FLAIR
BraTS25-MET,BraTS-MET-01103-003,BraTS25_BraTS-MET-01103-003-t2w,T2
BraTS25-MET,BraTS-MET-01107-000,BraTS25_BraTS-MET-01107-000-t1c,T1c
BraTS25-MET,BraTS-MET-01107-000,BraTS25_BraTS-MET-01107-000-t1n,T1
BraTS25-MET,BraTS-MET-01107-000,BraTS25_BraTS-MET-01107-000-t2f,FLAIR
BraTS25-MET,BraTS-MET-01107-000,BraTS25_BraTS-MET-01107-000-t2w,T2
BraTS25-MET,BraTS-MET-01110-001,BraTS25_BraTS-MET-01110-001-t1c,T1c
BraTS25-MET,BraTS-MET-01110-001,BraTS25_BraTS-MET-01110-001-t1n,T1
BraTS25-MET,BraTS-MET-01110-001,BraTS25_BraTS-MET-01110-001-t2f,FLAIR
BraTS25-MET,BraTS-MET-01110-001,BraTS25_BraTS-MET-01110-001-t2w,T2
BraTS25-MET,BraTS-MET-01119-002,BraTS25_BraTS-MET-01119-002-t1c,T1c
BraTS25-MET,BraTS-MET-01119-002,BraTS25_BraTS-MET-01119-002-t1n,T1
BraTS25-MET,BraTS-MET-01119-002,BraTS25_BraTS-MET-01119-002-t2f,FLAIR
BraTS25-MET,BraTS-MET-01119-002,BraTS25_BraTS-MET-01119-002-t2w,T2
BraTS25-MET,BraTS-MET-01137-000,BraTS25_BraTS-MET-01137-000-t1c,T1c
BraTS25-MET,BraTS-MET-01137-000,BraTS25_BraTS-MET-01137-000-t1n,T1
BraTS25-MET,BraTS-MET-01137-000,BraTS25_BraTS-MET-01137-000-t2f,FLAIR
BraTS25-MET,BraTS-MET-01137-000,BraTS25_BraTS-MET-01137-000-t2w,T2
BraTS25-MET,BraTS-MET-01142-003,BraTS25_BraTS-MET-01142-003-t1c,T1c
BraTS25-MET,BraTS-MET-01142-003,BraTS25_BraTS-MET-01142-003-t1n,T1
BraTS25-MET,BraTS-MET-01142-003,BraTS25_BraTS-MET-01142-003-t2f,FLAIR
BraTS25-MET,BraTS-MET-01142-003,BraTS25_BraTS-MET-01142-003-t2w,T2
BraTS25-MET,BraTS-MET-01160-001,BraTS25_BraTS-MET-01160-001-t1c,T1c
BraTS25-MET,BraTS-MET-01160-001,BraTS25_BraTS-MET-01160-001-t1n,T1
BraTS25-MET,BraTS-MET-01160-001,BraTS25_BraTS-MET-01160-001-t2f,FLAIR
BraTS25-MET,BraTS-MET-01160-001,BraTS25_BraTS-MET-01160-001-t2w,T2
BraTS25-MET,BraTS-MET-01195-002,BraTS25_BraTS-MET-01195-002-t1c,T1c
BraTS25-MET,BraTS-MET-01195-002,BraTS25_BraTS-MET-01195-002-t1n,T1
BraTS25-MET,BraTS-MET-01195-002,BraTS25_BraTS-MET-01195-002-t2f,FLAIR
BraTS25-MET,BraTS-MET-01195-002,BraTS25_BraTS-MET-01195-002-t2w,T2
BraTS25-MET,BraTS-MET-01196-001,BraTS25_BraTS-MET-01196-001-t1c,T1c
BraTS25-MET,BraTS-MET-01196-001,BraTS25_BraTS-MET-01196-001-t1n,T1
BraTS25-MET,BraTS-MET-01196-001,BraTS25_BraTS-MET-01196-001-t2f,FLAIR
BraTS25-MET,BraTS-MET-01196-001,BraTS25_BraTS-MET-01196-001-t2w,T2
BraTS25-MET,BraTS-MET-01199-003,BraTS25_BraTS-MET-01199-003-t1c,T1c
BraTS25-MET,BraTS-MET-01199-003,BraTS25_BraTS-MET-01199-003-t1n,T1
BraTS25-MET,BraTS-MET-01199-003,BraTS25_BraTS-MET-01199-003-t2f,FLAIR
BraTS25-MET,BraTS-MET-01199-003,BraTS25_BraTS-MET-01199-003-t2w,T2
BraTS25-MET,BraTS-MET-01219-000,BraTS25_BraTS-MET-01219-000-t1c,T1c
BraTS25-MET,BraTS-MET-01219-000,BraTS25_BraTS-MET-01219-000-t1n,T1
BraTS25-MET,BraTS-MET-01219-000,BraTS25_BraTS-MET-01219-000-t2f,FLAIR
BraTS25-MET,BraTS-MET-01219-000,BraTS25_BraTS-MET-01219-000-t2w,T2
BraTS25-MET,BraTS-MET-01220-003,BraTS25_BraTS-MET-01220-003-t1c,T1c
BraTS25-MET,BraTS-MET-01220-003,BraTS25_BraTS-MET-01220-003-t1n,T1
BraTS25-MET,BraTS-MET-01220-003,BraTS25_BraTS-MET-01220-003-t2f,FLAIR
BraTS25-MET,BraTS-MET-01220-003,BraTS25_BraTS-MET-01220-003-t2w,T2
BraTS25-MET,BraTS-MET-01221-002,BraTS25_BraTS-MET-01221-002-t1c,T1c
BraTS25-MET,BraTS-MET-01221-002,BraTS25_BraTS-MET-01221-002-t1n,T1
BraTS25-MET,BraTS-MET-01221-002,BraTS25_BraTS-MET-01221-002-t2f,FLAIR
BraTS25-MET,BraTS-MET-01221-002,BraTS25_BraTS-MET-01221-002-t2w,T2
BraTS25-MET,BraTS-MET-01236-000,BraTS25_BraTS-MET-01236-000-t1c,T1c
BraTS25-MET,BraTS-MET-01236-000,BraTS25_BraTS-MET-01236-000-t1n,T1
BraTS25-MET,BraTS-MET-01236-000,BraTS25_BraTS-MET-01236-000-t2f,FLAIR
BraTS25-MET,BraTS-MET-01236-000,BraTS25_BraTS-MET-01236-000-t2w,T2
BraTS25-MET,BraTS-MET-01239-001,BraTS25_BraTS-MET-01239-001-t1c,T1c
BraTS25-MET,BraTS-MET-01239-001,BraTS25_BraTS-MET-01239-001-t1n,T1
BraTS25-MET,BraTS-MET-01239-001,BraTS25_BraTS-MET-01239-001-t2f,FLAIR
BraTS25-MET,BraTS-MET-01239-001,BraTS25_BraTS-MET-01239-001-t2w,T2
BraTS25-MET,BraTS-MET-01241-000,BraTS25_BraTS-MET-01241-000-t1c,T1c
BraTS25-MET,BraTS-MET-01241-000,BraTS25_BraTS-MET-01241-000-t1n,T1
BraTS25-MET,BraTS-MET-01241-000,BraTS25_BraTS-MET-01241-000-t2f,FLAIR
BraTS25-MET,BraTS-MET-01241-000,BraTS25_BraTS-MET-01241-000-t2w,T2
BraTS25-MET,BraTS-MET-01246-000,BraTS25_BraTS-MET-01246-000-t1c,T1c
BraTS25-MET,BraTS-MET-01246-000,BraTS25_BraTS-MET-01246-000-t1n,T1
BraTS25-MET,BraTS-MET-01246-000,BraTS25_BraTS-MET-01246-000-t2f,FLAIR
BraTS25-MET,BraTS-MET-01246-000,BraTS25_BraTS-MET-01246-000-t2w,T2
BraTS25-MET,BraTS-MET-01246-003,BraTS25_BraTS-MET-01246-003-t1c,T1c
BraTS25-MET,BraTS-MET-01246-003,BraTS25_BraTS-MET-01246-003-t1n,T1
BraTS25-MET,BraTS-MET-01246-003,BraTS25_BraTS-MET-01246-003-t2f,FLAIR
BraTS25-MET,BraTS-MET-01246-003,BraTS25_BraTS-MET-01246-003-t2w,T2
BraTS25-MET,BraTS-MET-01288-000,BraTS25_BraTS-MET-01288-000-t1c,T1c
BraTS25-MET,BraTS-MET-01288-000,BraTS25_BraTS-MET-01288-000-t1n,T1
BraTS25-MET,BraTS-MET-01288-000,BraTS25_BraTS-MET-01288-000-t2f,FLAIR
BraTS25-MET,BraTS-MET-01288-000,BraTS25_BraTS-MET-01288-000-t2w,T2
BraTS25-MET,BraTS-MET-01288-003,BraTS25_BraTS-MET-01288-003-t1c,T1c
BraTS25-MET,BraTS-MET-01288-003,BraTS25_BraTS-MET-01288-003-t1n,T1
BraTS25-MET,BraTS-MET-01288-003,BraTS25_BraTS-MET-01288-003-t2f,FLAIR
BraTS25-MET,BraTS-MET-01288-003,BraTS25_BraTS-MET-01288-003-t2w,T2
BraTS25-MET,BraTS-MET-01296-001,BraTS25_BraTS-MET-01296-001-t1c,T1c
BraTS25-MET,BraTS-MET-01296-001,BraTS25_BraTS-MET-01296-001-t1n,T1
BraTS25-MET,BraTS-MET-01296-001,BraTS25_BraTS-MET-01296-001-t2f,FLAIR
BraTS25-MET,BraTS-MET-01296-001,BraTS25_BraTS-MET-01296-001-t2w,T2
BraTS25-MET,BraTS-MET-01303-003,BraTS25_BraTS-MET-01303-003-t1c,T1c
BraTS25-MET,BraTS-MET-01303-003,BraTS25_BraTS-MET-01303-003-t1n,T1
BraTS25-MET,BraTS-MET-01303-003,BraTS25_BraTS-MET-01303-003-t2f,FLAIR
BraTS25-MET,BraTS-MET-01303-003,BraTS25_BraTS-MET-01303-003-t2w,T2
BraTS25-MET,BraTS-MET-01310-002,BraTS25_BraTS-MET-01310-002-t1c,T1c
BraTS25-MET,BraTS-MET-01310-002,BraTS25_BraTS-MET-01310-002-t1n,T1
BraTS25-MET,BraTS-MET-01310-002,BraTS25_BraTS-MET-01310-002-t2f,FLAIR
BraTS25-MET,BraTS-MET-01310-002,BraTS25_BraTS-MET-01310-002-t2w,T2
BraTS25-MET,BraTS-MET-01324-002,BraTS25_BraTS-MET-01324-002-t1c,T1c
BraTS25-MET,BraTS-MET-01324-002,BraTS25_BraTS-MET-01324-002-t1n,T1
BraTS25-MET,BraTS-MET-01324-002,BraTS25_BraTS-MET-01324-002-t2f,FLAIR
BraTS25-MET,BraTS-MET-01324-002,BraTS25_BraTS-MET-01324-002-t2w,T2
BraTS25-MET,BraTS-MET-01325-002,BraTS25_BraTS-MET-01325-002-t1c,T1c
BraTS25-MET,BraTS-MET-01325-002,BraTS25_BraTS-MET-01325-002-t1n,T1
BraTS25-MET,BraTS-MET-01325-002,BraTS25_BraTS-MET-01325-002-t2f,FLAIR
BraTS25-MET,BraTS-MET-01325-002,BraTS25_BraTS-MET-01325-002-t2w,T2
BraTS25-MET,BraTS-MET-01334-001,BraTS25_BraTS-MET-01334-001-t1c,T1c
BraTS25-MET,BraTS-MET-01334-001,BraTS25_BraTS-MET-01334-001-t1n,T1
BraTS25-MET,BraTS-MET-01334-001,BraTS25_BraTS-MET-01334-001-t2f,FLAIR
BraTS25-MET,BraTS-MET-01334-001,BraTS25_BraTS-MET-01334-001-t2w,T2
BraTS25-MET,BraTS-MET-01335-004,BraTS25_BraTS-MET-01335-004-t1c,T1c
BraTS25-MET,BraTS-MET-01335-004,BraTS25_BraTS-MET-01335-004-t1n,T1
BraTS25-MET,BraTS-MET-01335-004,BraTS25_BraTS-MET-01335-004-t2f,FLAIR
BraTS25-MET,BraTS-MET-01335-004,BraTS25_BraTS-MET-01335-004-t2w,T2
BraTS25-SSA,BraTS-SSA-00002,BraTS25SSA_BraTS-SSA-00002-000-t1c,T1c
BraTS25-SSA,BraTS-SSA-00002,BraTS25SSA_BraTS-SSA-00002-000-t1n,T1
BraTS25-SSA,BraTS-SSA-00002,BraTS25SSA_BraTS-SSA-00002-000-t2f,FLAIR
BraTS25-SSA,BraTS-SSA-00002,BraTS25SSA_BraTS-SSA-00002-000-t2w,T2
BraTS25-SSA,BraTS-SSA-00007,BraTS25SSA_BraTS-SSA-00007-000-t1c,T1c
BraTS25-SSA,BraTS-SSA-00007,BraTS25SSA_BraTS-SSA-00007-000-t1n,T1
BraTS25-SSA,BraTS-SSA-00007,BraTS25SSA_BraTS-SSA-00007-000-t2f,FLAIR
BraTS25-SSA,BraTS-SSA-00007,BraTS25SSA_BraTS-SSA-00007-000-t2w,T2
BraTS25-SSA,BraTS-SSA-00008,BraTS25SSA_BraTS-SSA-00008-000-t1c,T1c
BraTS25-SSA,BraTS-SSA-00008,BraTS25SSA_BraTS-SSA-00008-000-t1n,T1
BraTS25-SSA,BraTS-SSA-00008,BraTS25SSA_BraTS-SSA-00008-000-t2f,FLAIR
BraTS25-SSA,BraTS-SSA-00008,BraTS25SSA_BraTS-SSA-00008-000-t2w,T2
BraTS25-SSA,BraTS-SSA-00010,BraTS25SSA_BraTS-SSA-00010-000-t1c,T1c
BraTS25-SSA,BraTS-SSA-00010,BraTS25SSA_BraTS-SSA-00010-000-t1n,T1
BraTS25-SSA,BraTS-SSA-00010,BraTS25SSA_BraTS-SSA-00010-000-t2f,FLAIR
BraTS25-SSA,BraTS-SSA-00010,BraTS25SSA_BraTS-SSA-00010-000-t2w,T2
BraTS25-SSA,BraTS-SSA-00012,BraTS25SSA_BraTS-SSA-00012-000-t1c,T1c
BraTS25-SSA,BraTS-SSA-00012,BraTS25SSA_BraTS-SSA-00012-000-t1n,T1
BraTS25-SSA,BraTS-SSA-00012,BraTS25SSA_BraTS-SSA-00012-000-t2f,FLAIR
BraTS25-SSA,BraTS-SSA-00012,BraTS25SSA_BraTS-SSA-00012-000-t2w,T2
BraTS25-SSA,BraTS-SSA-00015,BraTS25SSA_BraTS-SSA-00015-000-t1c,T1c
BraTS25-SSA,BraTS-SSA-00015,BraTS25SSA_BraTS-SSA-00015-000-t1n,T1
BraTS25-SSA,BraTS-SSA-00015,BraTS25SSA_BraTS-SSA-00015-000-t2f,FLAIR
BraTS25-SSA,BraTS-SSA-00015,BraTS25SSA_BraTS-SSA-00015-000-t2w,T2
BraTS25-SSA,BraTS-SSA-00041,BraTS25SSA_BraTS-SSA-00041-000-t1c,T1c
BraTS25-SSA,BraTS-SSA-00041,BraTS25SSA_BraTS-SSA-00041-000-t1n,T1
BraTS25-SSA,BraTS-SSA-00041,BraTS25SSA_BraTS-SSA-00041-000-t2f,FLAIR
BraTS25-SSA,BraTS-SSA-00041,BraTS25SSA_BraTS-SSA-00041-000-t2w,T2
BraTS25-SSA,BraTS-SSA-00044,BraTS25SSA_BraTS-SSA-00044-000-t1c,T1c
BraTS25-SSA,BraTS-SSA-00044,BraTS25SSA_BraTS-SSA-00044-000-t1n,T1
BraTS25-SSA,BraTS-SSA-00044,BraTS25SSA_BraTS-SSA-00044-000-t2f,FLAIR
BraTS25-SSA,BraTS-SSA-00044,BraTS25SSA_BraTS-SSA-00044-000-t2w,T2
BraTS25-SSA,BraTS-SSA-00046,BraTS25SSA_BraTS-SSA-00046-000-t1c,T1c
BraTS25-SSA,BraTS-SSA-00046,BraTS25SSA_BraTS-SSA-00046-000-t1n,T1
BraTS25-SSA,BraTS-SSA-00046,BraTS25SSA_BraTS-SSA-00046-000-t2f,FLAIR
BraTS25-SSA,BraTS-SSA-00046,BraTS25SSA_BraTS-SSA-00046-000-t2w,T2
BraTS25-SSA,BraTS-SSA-00049,BraTS25SSA_BraTS-SSA-00049-000-t1c,T1c
BraTS25-SSA,BraTS-SSA-00049,BraTS25SSA_BraTS-SSA-00049-000-t1n,T1
BraTS25-SSA,BraTS-SSA-00049,BraTS25SSA_BraTS-SSA-00049-000-t2f,FLAIR
BraTS25-SSA,BraTS-SSA-00049,BraTS25SSA_BraTS-SSA-00049-000-t2w,T2
BraTS25-SSA,BraTS-SSA-00050,BraTS25SSA_BraTS-SSA-00050-000-t1c,T1c
BraTS25-SSA,BraTS-SSA-00050,BraTS25SSA_BraTS-SSA-00050-000-t1n,T1
BraTS25-SSA,BraTS-SSA-00050,BraTS25SSA_BraTS-SSA-00050-000-t2f,FLAIR
BraTS25-SSA,BraTS-SSA-00050,BraTS25SSA_BraTS-SSA-00050-000-t2w,T2
BraTS25-SSA,BraTS-SSA-00051,BraTS25SSA_BraTS-SSA-00051-000-t1c,T1c
BraTS25-SSA,BraTS-SSA-00051,BraTS25SSA_BraTS-SSA-00051-000-t1n,T1
BraTS25-SSA,BraTS-SSA-00051,BraTS25SSA_BraTS-SSA-00051-000-t2f,FLAIR
BraTS25-SSA,BraTS-SSA-00051,BraTS25SSA_BraTS-SSA-00051-000-t2w,T2
BraTS25-SSA,BraTS-SSA-00055,BraTS25SSA_BraTS-SSA-00055-000-t1c,T1c
BraTS25-SSA,BraTS-SSA-00055,BraTS25SSA_BraTS-SSA-00055-000-t1n,T1
BraTS25-SSA,BraTS-SSA-00055,BraTS25SSA_BraTS-SSA-00055-000-t2f,FLAIR
BraTS25-SSA,BraTS-SSA-00055,BraTS25SSA_BraTS-SSA-00055-000-t2w,T2
BraTS25-SSA,BraTS-SSA-00056,BraTS25SSA_BraTS-SSA-00056-000-t1c,T1c
BraTS25-SSA,BraTS-SSA-00056,BraTS25SSA_BraTS-SSA-00056-000-t1n,T1
BraTS25-SSA,BraTS-SSA-00056,BraTS25SSA_BraTS-SSA-00056-000-t2f,FLAIR
BraTS25-SSA,BraTS-SSA-00056,BraTS25SSA_BraTS-SSA-00056-000-t2w,T2
BraTS25-SSA,BraTS-SSA-00057,BraTS25SSA_BraTS-SSA-00057-000-t1c,T1c
BraTS25-SSA,BraTS-SSA-00057,BraTS25SSA_BraTS-SSA-00057-000-t1n,T1
BraTS25-SSA,BraTS-SSA-00057,BraTS25SSA_BraTS-SSA-00057-000-t2f,FLAIR
BraTS25-SSA,BraTS-SSA-00057,BraTS25SSA_BraTS-SSA-00057-000-t2w,T2
BraTS25-SSA,BraTS-SSA-00068,BraTS25SSA_BraTS-SSA-00068-000-t1c,T1c
BraTS25-SSA,BraTS-SSA-00068,BraTS25SSA_BraTS-SSA-00068-000-t1n,T1
BraTS25-SSA,BraTS-SSA-00068,BraTS25SSA_BraTS-SSA-00068-000-t2f,FLAIR
BraTS25-SSA,BraTS-SSA-00068,BraTS25SSA_BraTS-SSA-00068-000-t2w,T2
BraTS25-SSA,BraTS-SSA-00074,BraTS25SSA_BraTS-SSA-00074-000-t1c,T1c
BraTS25-SSA,BraTS-SSA-00074,BraTS25SSA_BraTS-SSA-00074-000-t1n,T1
BraTS25-SSA,BraTS-SSA-00074,BraTS25SSA_BraTS-SSA-00074-000-t2f,FLAIR
BraTS25-SSA,BraTS-SSA-00074,BraTS25SSA_BraTS-SSA-00074-000-t2w,T2
BraTS25-SSA,BraTS-SSA-00076,BraTS25SSA_BraTS-SSA-00076-000-t1c,T1c
BraTS25-SSA,BraTS-SSA-00076,BraTS25SSA_BraTS-SSA-00076-000-t1n,T1
BraTS25-SSA,BraTS-SSA-00076,BraTS25SSA_BraTS-SSA-00076-000-t2f,FLAIR
BraTS25-SSA,BraTS-SSA-00076,BraTS25SSA_BraTS-SSA-00076-000-t2w,T2
BraTS25-SSA,BraTS-SSA-00078,BraTS25SSA_BraTS-SSA-00078-000-t1c,T1c
BraTS25-SSA,BraTS-SSA-00078,BraTS25SSA_BraTS-SSA-00078-000-t1n,T1
BraTS25-SSA,BraTS-SSA-00078,BraTS25SSA_BraTS-SSA-00078-000-t2f,FLAIR
BraTS25-SSA,BraTS-SSA-00078,BraTS25SSA_BraTS-SSA-00078-000-t2w,T2
BraTS25-SSA,BraTS-SSA-00080,BraTS25SSA_BraTS-SSA-00080-000-t1c,T1c
BraTS25-SSA,BraTS-SSA-00080,BraTS25SSA_BraTS-SSA-00080-000-t1n,T1
BraTS25-SSA,BraTS-SSA-00080,BraTS25SSA_BraTS-SSA-00080-000-t2f,FLAIR
BraTS25-SSA,BraTS-SSA-00080,BraTS25SSA_BraTS-SSA-00080-000-t2w,T2
BraTS25-SSA,BraTS-SSA-00081,BraTS25SSA_BraTS-SSA-00081-000-t1c,T1c
BraTS25-SSA,BraTS-SSA-00081,BraTS25SSA_BraTS-SSA-00081-000-t1n,T1
BraTS25-SSA,BraTS-SSA-00081,BraTS25SSA_BraTS-SSA-00081-000-t2f,FLAIR
BraTS25-SSA,BraTS-SSA-00081,BraTS25SSA_BraTS-SSA-00081-000-t2w,T2
BraTS25-SSA,BraTS-SSA-00092,BraTS25SSA_BraTS-SSA-00092-000-t1c,T1c
BraTS25-SSA,BraTS-SSA-00092,BraTS25SSA_BraTS-SSA-00092-000-t1n,T1
BraTS25-SSA,BraTS-SSA-00092,BraTS25SSA_BraTS-SSA-00092-000-t2f,FLAIR
BraTS25-SSA,BraTS-SSA-00092,BraTS25SSA_BraTS-SSA-00092-000-t2w,T2
BraTS25-SSA,BraTS-SSA-00095,BraTS25SSA_BraTS-SSA-00095-000-t1c,T1c
BraTS25-SSA,BraTS-SSA-00095,BraTS25SSA_BraTS-SSA-00095-000-t1n,T1
BraTS25-SSA,BraTS-SSA-00095,BraTS25SSA_BraTS-SSA-00095-000-t2f,FLAIR
BraTS25-SSA,BraTS-SSA-00095,BraTS25SSA_BraTS-SSA-00095-000-t2w,T2
BraTS25-SSA,BraTS-SSA-00097,BraTS25SSA_BraTS-SSA-00097-000-t1c,T1c
BraTS25-SSA,BraTS-SSA-00097,BraTS25SSA_BraTS-SSA-00097-000-t1n,T1
BraTS25-SSA,BraTS-SSA-00097,BraTS25SSA_BraTS-SSA-00097-000-t2f,FLAIR
BraTS25-SSA,BraTS-SSA-00097,BraTS25SSA_BraTS-SSA-00097-000-t2w,T2
BraTS25-SSA,BraTS-SSA-00112,BraTS25SSA_BraTS-SSA-00112-000-t1c,T1c
BraTS25-SSA,BraTS-SSA-00112,BraTS25SSA_BraTS-SSA-00112-000-t1n,T1
BraTS25-SSA,BraTS-SSA-00112,BraTS25SSA_BraTS-SSA-00112-000-t2f,FLAIR
BraTS25-SSA,BraTS-SSA-00112,BraTS25SSA_BraTS-SSA-00112-000-t2w,T2
BraTS25-SSA,BraTS-SSA-00115,BraTS25SSA_BraTS-SSA-00115-000-t1c,T1c
BraTS25-SSA,BraTS-SSA-00115,BraTS25SSA_BraTS-SSA-00115-000-t1n,T1
BraTS25-SSA,BraTS-SSA-00115,BraTS25SSA_BraTS-SSA-00115-000-t2f,FLAIR
BraTS25-SSA,BraTS-SSA-00115,BraTS25SSA_BraTS-SSA-00115-000-t2w,T2
BraTS25-SSA,BraTS-SSA-00116,BraTS25SSA_BraTS-SSA-00116-000-t1c,T1c
BraTS25-SSA,BraTS-SSA-00116,BraTS25SSA_BraTS-SSA-00116-000-t1n,T1
BraTS25-SSA,BraTS-SSA-00116,BraTS25SSA_BraTS-SSA-00116-000-t2f,FLAIR
BraTS25-SSA,BraTS-SSA-00116,BraTS25SSA_BraTS-SSA-00116-000-t2w,T2
BraTS25-SSA,BraTS-SSA-00117,BraTS25SSA_BraTS-SSA-00117-000-t1c,T1c
BraTS25-SSA,BraTS-SSA-00117,BraTS25SSA_BraTS-SSA-00117-000-t1n,T1
BraTS25-SSA,BraTS-SSA-00117,BraTS25SSA_BraTS-SSA-00117-000-t2f,FLAIR
BraTS25-SSA,BraTS-SSA-00117,BraTS25SSA_BraTS-SSA-00117-000-t2w,T2
BraTS25-SSA,BraTS-SSA-00119,BraTS25SSA_BraTS-SSA-00119-000-t1c,T1c
BraTS25-SSA,BraTS-SSA-00119,BraTS25SSA_BraTS-SSA-00119-000-t1n,T1
BraTS25-SSA,BraTS-SSA-00119,BraTS25SSA_BraTS-SSA-00119-000-t2f,FLAIR
BraTS25-SSA,BraTS-SSA-00119,BraTS25SSA_BraTS-SSA-00119-000-t2w,T2
BraTS25-SSA,BraTS-SSA-00121,BraTS25SSA_BraTS-SSA-00121-000-t1c,T1c
BraTS25-SSA,BraTS-SSA-00121,BraTS25SSA_BraTS-SSA-00121-000-t1n,T1
BraTS25-SSA,BraTS-SSA-00121,BraTS25SSA_BraTS-SSA-00121-000-t2f,FLAIR
BraTS25-SSA,BraTS-SSA-00121,BraTS25SSA_BraTS-SSA-00121-000-t2w,T2
BraTS25-SSA,BraTS-SSA-00122,BraTS25SSA_BraTS-SSA-00122-000-t1c,T1c
BraTS25-SSA,BraTS-SSA-00122,BraTS25SSA_BraTS-SSA-00122-000-t1n,T1
BraTS25-SSA,BraTS-SSA-00122,BraTS25SSA_BraTS-SSA-00122-000-t2f,FLAIR
BraTS25-SSA,BraTS-SSA-00122,BraTS25SSA_BraTS-SSA-00122-000-t2w,T2
BraTS25-SSA,BraTS-SSA-00125,BraTS25SSA_BraTS-SSA-00125-000-t1c,T1c
BraTS25-SSA,BraTS-SSA-00125,BraTS25SSA_BraTS-SSA-00125-000-t1n,T1
BraTS25-SSA,BraTS-SSA-00125,BraTS25SSA_BraTS-SSA-00125-000-t2f,FLAIR
BraTS25-SSA,BraTS-SSA-00125,BraTS25SSA_BraTS-SSA-00125-000-t2w,T2
BraTS25-SSA,BraTS-SSA-00126,BraTS25SSA_BraTS-SSA-00126-000-t1c,T1c
BraTS25-SSA,BraTS-SSA-00126,BraTS25SSA_BraTS-SSA-00126-000-t1n,T1
BraTS25-SSA,BraTS-SSA-00126,BraTS25SSA_BraTS-SSA-00126-000-t2f,FLAIR
BraTS25-SSA,BraTS-SSA-00126,BraTS25SSA_BraTS-SSA-00126-000-t2w,T2
BraTS25-SSA,BraTS-SSA-00127,BraTS25SSA_BraTS-SSA-00127-000-t1c,T1c
BraTS25-SSA,BraTS-SSA-00127,BraTS25SSA_BraTS-SSA-00127-000-t1n,T1
BraTS25-SSA,BraTS-SSA-00127,BraTS25SSA_BraTS-SSA-00127-000-t2f,FLAIR
BraTS25-SSA,BraTS-SSA-00127,BraTS25SSA_BraTS-SSA-00127-000-t2w,T2
BraTS25-SSA,BraTS-SSA-00129,BraTS25SSA_BraTS-SSA-00129-000-t1c,T1c
BraTS25-SSA,BraTS-SSA-00129,BraTS25SSA_BraTS-SSA-00129-000-t1n,T1
BraTS25-SSA,BraTS-SSA-00129,BraTS25SSA_BraTS-SSA-00129-000-t2f,FLAIR
BraTS25-SSA,BraTS-SSA-00129,BraTS25SSA_BraTS-SSA-00129-000-t2w,T2
BraTS25-SSA,BraTS-SSA-00131,BraTS25SSA_BraTS-SSA-00131-000-t1c,T1c
BraTS25-SSA,BraTS-SSA-00131,BraTS25SSA_BraTS-SSA-00131-000-t1n,T1
BraTS25-SSA,BraTS-SSA-00131,BraTS25SSA_BraTS-SSA-00131-000-t2f,FLAIR
BraTS25-SSA,BraTS-SSA-00131,BraTS25SSA_BraTS-SSA-00131-000-t2w,T2
BraTS25-SSA,BraTS-SSA-00132,BraTS25SSA_BraTS-SSA-00132-000-t1c,T1c
BraTS25-SSA,BraTS-SSA-00132,BraTS25SSA_BraTS-SSA-00132-000-t1n,T1
BraTS25-SSA,BraTS-SSA-00132,BraTS25SSA_BraTS-SSA-00132-000-t2f,FLAIR
BraTS25-SSA,BraTS-SSA-00132,BraTS25SSA_BraTS-SSA-00132-000-t2w,T2
BraTS25-SSA,BraTS-SSA-00133,BraTS25SSA_BraTS-SSA-00133-000-t1c,T1c
BraTS25-SSA,BraTS-SSA-00133,BraTS25SSA_BraTS-SSA-00133-000-t1n,T1
BraTS25-SSA,BraTS-SSA-00133,BraTS25SSA_BraTS-SSA-00133-000-t2f,FLAIR
BraTS25-SSA,BraTS-SSA-00133,BraTS25SSA_BraTS-SSA-00133-000-t2w,T2
BraTS25-SSA,BraTS-SSA-00134,BraTS25SSA_BraTS-SSA-00134-000-t1c,T1c
BraTS25-SSA,BraTS-SSA-00134,BraTS25SSA_BraTS-SSA-00134-000-t1n,T1
BraTS25-SSA,BraTS-SSA-00134,BraTS25SSA_BraTS-SSA-00134-000-t2f,FLAIR
BraTS25-SSA,BraTS-SSA-00134,BraTS25SSA_BraTS-SSA-00134-000-t2w,T2
BraTS25-SSA,BraTS-SSA-00135,BraTS25SSA_BraTS-SSA-00135-000-t1c,T1c
BraTS25-SSA,BraTS-SSA-00135,BraTS25SSA_BraTS-SSA-00135-000-t1n,T1
BraTS25-SSA,BraTS-SSA-00135,BraTS25SSA_BraTS-SSA-00135-000-t2f,FLAIR
BraTS25-SSA,BraTS-SSA-00135,BraTS25SSA_BraTS-SSA-00135-000-t2w,T2
BraTS25-SSA,BraTS-SSA-00137,BraTS25SSA_BraTS-SSA-00137-000-t1c,T1c
BraTS25-SSA,BraTS-SSA-00137,BraTS25SSA_BraTS-SSA-00137-000-t1n,T1
BraTS25-SSA,BraTS-SSA-00137,BraTS25SSA_BraTS-SSA-00137-000-t2f,FLAIR
BraTS25-SSA,BraTS-SSA-00137,BraTS25SSA_BraTS-SSA-00137-000-t2w,T2
BraTS25-SSA,BraTS-SSA-00138,BraTS25SSA_BraTS-SSA-00138-000-t1c,T1c
BraTS25-SSA,BraTS-SSA-00138,BraTS25SSA_BraTS-SSA-00138-000-t1n,T1
BraTS25-SSA,BraTS-SSA-00138,BraTS25SSA_BraTS-SSA-00138-000-t2f,FLAIR
BraTS25-SSA,BraTS-SSA-00138,BraTS25SSA_BraTS-SSA-00138-000-t2w,T2
BraTS25-SSA,BraTS-SSA-00140,BraTS25SSA_BraTS-SSA-00140-000-t1c,T1c
BraTS25-SSA,BraTS-SSA-00140,BraTS25SSA_BraTS-SSA-00140-000-t1n,T1
BraTS25-SSA,BraTS-SSA-00140,BraTS25SSA_BraTS-SSA-00140-000-t2f,FLAIR
BraTS25-SSA,BraTS-SSA-00140,BraTS25SSA_BraTS-SSA-00140-000-t2w,T2
BraTS25-SSA,BraTS-SSA-00141,BraTS25SSA_BraTS-SSA-00141-000-t1c,T1c
BraTS25-SSA,BraTS-SSA-00141,BraTS25SSA_BraTS-SSA-00141-000-t1n,T1
BraTS25-SSA,BraTS-SSA-00141,BraTS25SSA_BraTS-SSA-00141-000-t2f,FLAIR
BraTS25-SSA,BraTS-SSA-00141,BraTS25SSA_BraTS-SSA-00141-000-t2w,T2
BraTS25-SSA,BraTS-SSA-00143,BraTS25SSA_BraTS-SSA-00143-000-t1c,T1c
BraTS25-SSA,BraTS-SSA-00143,BraTS25SSA_BraTS-SSA-00143-000-t1n,T1
BraTS25-SSA,BraTS-SSA-00143,BraTS25SSA_BraTS-SSA-00143-000-t2f,FLAIR
BraTS25-SSA,BraTS-SSA-00143,BraTS25SSA_BraTS-SSA-00143-000-t2w,T2
BraTS25-SSA,BraTS-SSA-00144,BraTS25SSA_BraTS-SSA-00144-000-t1c,T1c
BraTS25-SSA,BraTS-SSA-00144,BraTS25SSA_BraTS-SSA-00144-000-t1n,T1
BraTS25-SSA,BraTS-SSA-00144,BraTS25SSA_BraTS-SSA-00144-000-t2f,FLAIR
BraTS25-SSA,BraTS-SSA-00144,BraTS25SSA_BraTS-SSA-00144-000-t2w,T2
BraTS25-SSA,BraTS-SSA-00148,BraTS25SSA_BraTS-SSA-00148-000-t1c,T1c
BraTS25-SSA,BraTS-SSA-00148,BraTS25SSA_BraTS-SSA-00148-000-t1n,T1
BraTS25-SSA,BraTS-SSA-00148,BraTS25SSA_BraTS-SSA-00148-000-t2f,FLAIR
BraTS25-SSA,BraTS-SSA-00148,BraTS25SSA_BraTS-SSA-00148-000-t2w,T2
BraTS25-SSA,BraTS-SSA-00150,BraTS25SSA_BraTS-SSA-00150-000-t1c,T1c
BraTS25-SSA,BraTS-SSA-00150,BraTS25SSA_BraTS-SSA-00150-000-t1n,T1
BraTS25-SSA,BraTS-SSA-00150,BraTS25SSA_BraTS-SSA-00150-000-t2f,FLAIR
BraTS25-SSA,BraTS-SSA-00150,BraTS25SSA_BraTS-SSA-00150-000-t2w,T2
BraTS25-SSA,BraTS-SSA-00152,BraTS25SSA_BraTS-SSA-00152-000-t1c,T1c
BraTS25-SSA,BraTS-SSA-00152,BraTS25SSA_BraTS-SSA-00152-000-t1n,T1
BraTS25-SSA,BraTS-SSA-00152,BraTS25SSA_BraTS-SSA-00152-000-t2f,FLAIR
BraTS25-SSA,BraTS-SSA-00152,BraTS25SSA_BraTS-SSA-00152-000-t2w,T2
BraTS25-SSA,BraTS-SSA-00155,BraTS25SSA_BraTS-SSA-00155-000-t1c,T1c
BraTS25-SSA,BraTS-SSA-00155,BraTS25SSA_BraTS-SSA-00155-000-t1n,T1
BraTS25-SSA,BraTS-SSA-00155,BraTS25SSA_BraTS-SSA-00155-000-t2f,FLAIR
BraTS25-SSA,BraTS-SSA-00155,BraTS25SSA_BraTS-SSA-00155-000-t2w,T2
BraTS25-SSA,BraTS-SSA-00157,BraTS25SSA_BraTS-SSA-00157-000-t1c,T1c
BraTS25-SSA,BraTS-SSA-00157,BraTS25SSA_BraTS-SSA-00157-000-t1n,T1
BraTS25-SSA,BraTS-SSA-00157,BraTS25SSA_BraTS-SSA-00157-000-t2f,FLAIR
BraTS25-SSA,BraTS-SSA-00157,BraTS25SSA_BraTS-SSA-00157-000-t2w,T2
BraTS25-SSA,BraTS-SSA-00158,BraTS25SSA_BraTS-SSA-00158-000-t1c,T1c
BraTS25-SSA,BraTS-SSA-00158,BraTS25SSA_BraTS-SSA-00158-000-t1n,T1
BraTS25-SSA,BraTS-SSA-00158,BraTS25SSA_BraTS-SSA-00158-000-t2f,FLAIR
BraTS25-SSA,BraTS-SSA-00158,BraTS25SSA_BraTS-SSA-00158-000-t2w,T2
BraTS25-SSA,BraTS-SSA-00161,BraTS25SSA_BraTS-SSA-00161-000-t1c,T1c
BraTS25-SSA,BraTS-SSA-00161,BraTS25SSA_BraTS-SSA-00161-000-t1n,T1
BraTS25-SSA,BraTS-SSA-00161,BraTS25SSA_BraTS-SSA-00161-000-t2f,FLAIR
BraTS25-SSA,BraTS-SSA-00161,BraTS25SSA_BraTS-SSA-00161-000-t2w,T2
BraTS25-SSA,BraTS-SSA-00163,BraTS25SSA_BraTS-SSA-00163-000-t1c,T1c
BraTS25-SSA,BraTS-SSA-00163,BraTS25SSA_BraTS-SSA-00163-000-t1n,T1
BraTS25-SSA,BraTS-SSA-00163,BraTS25SSA_BraTS-SSA-00163-000-t2f,FLAIR
BraTS25-SSA,BraTS-SSA-00163,BraTS25SSA_BraTS-SSA-00163-000-t2w,T2
BraTS25-SSA,BraTS-SSA-00169,BraTS25SSA_BraTS-SSA-00169-000-t1c,T1c
BraTS25-SSA,BraTS-SSA-00169,BraTS25SSA_BraTS-SSA-00169-000-t1n,T1
BraTS25-SSA,BraTS-SSA-00169,BraTS25SSA_BraTS-SSA-00169-000-t2f,FLAIR
BraTS25-SSA,BraTS-SSA-00169,BraTS25SSA_BraTS-SSA-00169-000-t2w,T2
BraTS25-SSA,BraTS-SSA-00174,BraTS25SSA_BraTS-SSA-00174-000-t1c,T1c
BraTS25-SSA,BraTS-SSA-00174,BraTS25SSA_BraTS-SSA-00174-000-t1n,T1
BraTS25-SSA,BraTS-SSA-00174,BraTS25SSA_BraTS-SSA-00174-000-t2f,FLAIR
BraTS25-SSA,BraTS-SSA-00174,BraTS25SSA_BraTS-SSA-00174-000-t2w,T2
BraTS25-SSA,BraTS-SSA-00175,BraTS25SSA_BraTS-SSA-00175-000-t1c,T1c
BraTS25-SSA,BraTS-SSA-00175,BraTS25SSA_BraTS-SSA-00175-000-t1n,T1
BraTS25-SSA,BraTS-SSA-00175,BraTS25SSA_BraTS-SSA-00175-000-t2f,FLAIR
BraTS25-SSA,BraTS-SSA-00175,BraTS25SSA_BraTS-SSA-00175-000-t2w,T2
BraTS25-SSA,BraTS-SSA-00179,BraTS25SSA_BraTS-SSA-00179-000-t1c,T1c
BraTS25-SSA,BraTS-SSA-00179,BraTS25SSA_BraTS-SSA-00179-000-t1n,T1
BraTS25-SSA,BraTS-SSA-00179,BraTS25SSA_BraTS-SSA-00179-000-t2f,FLAIR
BraTS25-SSA,BraTS-SSA-00179,BraTS25SSA_BraTS-SSA-00179-000-t2w,T2
BraTS25-SSA,BraTS-SSA-00180,BraTS25SSA_BraTS-SSA-00180-000-t1c,T1c
BraTS25-SSA,BraTS-SSA-00180,BraTS25SSA_BraTS-SSA-00180-000-t1n,T1
BraTS25-SSA,BraTS-SSA-00180,BraTS25SSA_BraTS-SSA-00180-000-t2f,FLAIR
BraTS25-SSA,BraTS-SSA-00180,BraTS25SSA_BraTS-SSA-00180-000-t2w,T2
BraTS25-SSA,BraTS-SSA-00192,BraTS25SSA_BraTS-SSA-00192-000-t1c,T1c
BraTS25-SSA,BraTS-SSA-00192,BraTS25SSA_BraTS-SSA-00192-000-t1n,T1
BraTS25-SSA,BraTS-SSA-00192,BraTS25SSA_BraTS-SSA-00192-000-t2f,FLAIR
BraTS25-SSA,BraTS-SSA-00192,BraTS25SSA_BraTS-SSA-00192-000-t2w,T2
BraTS25-SSA,BraTS-SSA-00198,BraTS25SSA_BraTS-SSA-00198-000-t1c,T1c
BraTS25-SSA,BraTS-SSA-00198,BraTS25SSA_BraTS-SSA-00198-000-t1n,T1
BraTS25-SSA,BraTS-SSA-00198,BraTS25SSA_BraTS-SSA-00198-000-t2f,FLAIR
BraTS25-SSA,BraTS-SSA-00198,BraTS25SSA_BraTS-SSA-00198-000-t2w,T2
BraTS25-SSA,BraTS-SSA-00202,BraTS25SSA_BraTS-SSA-00202-000-t1c,T1c
BraTS25-SSA,BraTS-SSA-00202,BraTS25SSA_BraTS-SSA-00202-000-t1n,T1
BraTS25-SSA,BraTS-SSA-00202,BraTS25SSA_BraTS-SSA-00202-000-t2f,FLAIR
BraTS25-SSA,BraTS-SSA-00202,BraTS25SSA_BraTS-SSA-00202-000-t2w,T2
BraTS25-SSA,BraTS-SSA-00206,BraTS25SSA_BraTS-SSA-00206-000-t1c,T1c
BraTS25-SSA,BraTS-SSA-00206,BraTS25SSA_BraTS-SSA-00206-000-t1n,T1
BraTS25-SSA,BraTS-SSA-00206,BraTS25SSA_BraTS-SSA-00206-000-t2f,FLAIR
BraTS25-SSA,BraTS-SSA-00206,BraTS25SSA_BraTS-SSA-00206-000-t2w,T2
BraTS25-SSA,BraTS-SSA-00207,BraTS25SSA_BraTS-SSA-00207-000-t1c,T1c
BraTS25-SSA,BraTS-SSA-00207,BraTS25SSA_BraTS-SSA-00207-000-t1n,T1
BraTS25-SSA,BraTS-SSA-00207,BraTS25SSA_BraTS-SSA-00207-000-t2f,FLAIR
BraTS25-SSA,BraTS-SSA-00207,BraTS25SSA_BraTS-SSA-00207-000-t2w,T2
BraTS25-SSA,BraTS-SSA-00210,BraTS25SSA_BraTS-SSA-00210-000-t1c,T1c
BraTS25-SSA,BraTS-SSA-00210,BraTS25SSA_BraTS-SSA-00210-000-t1n,T1
BraTS25-SSA,BraTS-SSA-00210,BraTS25SSA_BraTS-SSA-00210-000-t2f,FLAIR
BraTS25-SSA,BraTS-SSA-00210,BraTS25SSA_BraTS-SSA-00210-000-t2w,T2
BraTS25-SSA,BraTS-SSA-00215,BraTS25SSA_BraTS-SSA-00215-000-t1c,T1c
BraTS25-SSA,BraTS-SSA-00215,BraTS25SSA_BraTS-SSA-00215-000-t1n,T1
BraTS25-SSA,BraTS-SSA-00215,BraTS25SSA_BraTS-SSA-00215-000-t2f,FLAIR
BraTS25-SSA,BraTS-SSA-00215,BraTS25SSA_BraTS-SSA-00215-000-t2w,T2
BraTS25-SSA,BraTS-SSA-00218,BraTS25SSA_BraTS-SSA-00218-000-t1c,T1c
BraTS25-SSA,BraTS-SSA-00218,BraTS25SSA_BraTS-SSA-00218-000-t1n,T1
BraTS25-SSA,BraTS-SSA-00218,BraTS25SSA_BraTS-SSA-00218-000-t2f,FLAIR
BraTS25-SSA,BraTS-SSA-00218,BraTS25SSA_BraTS-SSA-00218-000-t2w,T2
BraTS25-SSA,BraTS-SSA-00220,BraTS25SSA_BraTS-SSA-00220-000-t1c,T1c
BraTS25-SSA,BraTS-SSA-00220,BraTS25SSA_BraTS-SSA-00220-000-t1n,T1
BraTS25-SSA,BraTS-SSA-00220,BraTS25SSA_BraTS-SSA-00220-000-t2f,FLAIR
BraTS25-SSA,BraTS-SSA-00220,BraTS25SSA_BraTS-SSA-00220-000-t2w,T2
BraTS25-SSA,BraTS-SSA-00221,BraTS25SSA_BraTS-SSA-00221-000-t1c,T1c
BraTS25-SSA,BraTS-SSA-00221,BraTS25SSA_BraTS-SSA-00221-000-t1n,T1
BraTS25-SSA,BraTS-SSA-00221,BraTS25SSA_BraTS-SSA-00221-000-t2f,FLAIR
BraTS25-SSA,BraTS-SSA-00221,BraTS25SSA_BraTS-SSA-00221-000-t2w,T2
BraTS25-SSA,BraTS-SSA-00223,BraTS25SSA_BraTS-SSA-00223-000-t1c,T1c
BraTS25-SSA,BraTS-SSA-00223,BraTS25SSA_BraTS-SSA-00223-000-t1n,T1
BraTS25-SSA,BraTS-SSA-00223,BraTS25SSA_BraTS-SSA-00223-000-t2f,FLAIR
BraTS25-SSA,BraTS-SSA-00223,BraTS25SSA_BraTS-SSA-00223-000-t2w,T2
BraTS25-SSA,BraTS-SSA-00225,BraTS25SSA_BraTS-SSA-00225-000-t1c,T1c
BraTS25-SSA,BraTS-SSA-00225,BraTS25SSA_BraTS-SSA-00225-000-t1n,T1
BraTS25-SSA,BraTS-SSA-00225,BraTS25SSA_BraTS-SSA-00225-000-t2f,FLAIR
BraTS25-SSA,BraTS-SSA-00225,BraTS25SSA_BraTS-SSA-00225-000-t2w,T2
BraTS25-SSA,BraTS-SSA-00226,BraTS25SSA_BraTS-SSA-00226-000-t1c,T1c
BraTS25-SSA,BraTS-SSA-00226,BraTS25SSA_BraTS-SSA-00226-000-t1n,T1
BraTS25-SSA,BraTS-SSA-00226,BraTS25SSA_BraTS-SSA-00226-000-t2f,FLAIR
BraTS25-SSA,BraTS-SSA-00226,BraTS25SSA_BraTS-SSA-00226-000-t2w,T2
BraTS25-SSA,BraTS-SSA-00227,BraTS25SSA_BraTS-SSA-00227-000-t1c,T1c
BraTS25-SSA,BraTS-SSA-00227,BraTS25SSA_BraTS-SSA-00227-000-t1n,T1
BraTS25-SSA,BraTS-SSA-00227,BraTS25SSA_BraTS-SSA-00227-000-t2f,FLAIR
BraTS25-SSA,BraTS-SSA-00227,BraTS25SSA_BraTS-SSA-00227-000-t2w,T2
BraTS25-SSA,BraTS-SSA-00228,BraTS25SSA_BraTS-SSA-00228-000-t1c,T1c
BraTS25-SSA,BraTS-SSA-00228,BraTS25SSA_BraTS-SSA-00228-000-t1n,T1
BraTS25-SSA,BraTS-SSA-00228,BraTS25SSA_BraTS-SSA-00228-000-t2f,FLAIR
BraTS25-SSA,BraTS-SSA-00228,BraTS25SSA_BraTS-SSA-00228-000-t2w,T2
BraTS25-SSA,BraTS-SSA-00230,BraTS25SSA_BraTS-SSA-00230-000-t1c,T1c
BraTS25-SSA,BraTS-SSA-00230,BraTS25SSA_BraTS-SSA-00230-000-t1n,T1
BraTS25-SSA,BraTS-SSA-00230,BraTS25SSA_BraTS-SSA-00230-000-t2f,FLAIR
BraTS25-SSA,BraTS-SSA-00230,BraTS25SSA_BraTS-SSA-00230-000-t2w,T2
BrainMetShare,Mets_009,BrainMetShare_Mets_009_bravo,T1
BrainMetShare,Mets_009,BrainMetShare_Mets_009_flair,FLAIR
BrainMetShare,Mets_009,BrainMetShare_Mets_009_t1gd,T1c
BrainMetShare,Mets_009,BrainMetShare_Mets_009_t1pre,T1
BrainMetShare,Mets_011,BrainMetShare_Mets_011_bravo,T1
BrainMetShare,Mets_011,BrainMetShare_Mets_011_flair,FLAIR
BrainMetShare,Mets_011,BrainMetShare_Mets_011_t1gd,T1c
BrainMetShare,Mets_011,BrainMetShare_Mets_011_t1pre,T1
BrainMetShare,Mets_019,BrainMetShare_Mets_019_bravo,T1
BrainMetShare,Mets_019,BrainMetShare_Mets_019_flair,FLAIR
BrainMetShare,Mets_019,BrainMetShare_Mets_019_t1gd,T1c
BrainMetShare,Mets_019,BrainMetShare_Mets_019_t1pre,T1
BrainMetShare,Mets_021,BrainMetShare_Mets_021_bravo,T1
BrainMetShare,Mets_021,BrainMetShare_Mets_021_flair,FLAIR
BrainMetShare,Mets_021,BrainMetShare_Mets_021_t1gd,T1c
BrainMetShare,Mets_021,BrainMetShare_Mets_021_t1pre,T1
BrainMetShare,Mets_024,BrainMetShare_Mets_024_bravo,T1
BrainMetShare,Mets_024,BrainMetShare_Mets_024_flair,FLAIR
BrainMetShare,Mets_024,BrainMetShare_Mets_024_t1gd,T1c
BrainMetShare,Mets_024,BrainMetShare_Mets_024_t1pre,T1
BrainMetShare,Mets_028,BrainMetShare_Mets_028_bravo,T1
BrainMetShare,Mets_028,BrainMetShare_Mets_028_flair,FLAIR
BrainMetShare,Mets_028,BrainMetShare_Mets_028_t1gd,T1c
BrainMetShare,Mets_028,BrainMetShare_Mets_028_t1pre,T1
BrainMetShare,Mets_029,BrainMetShare_Mets_029_bravo,T1
BrainMetShare,Mets_029,BrainMetShare_Mets_029_flair,FLAIR
BrainMetShare,Mets_029,BrainMetShare_Mets_029_t1gd,T1c
BrainMetShare,Mets_029,BrainMetShare_Mets_029_t1pre,T1
BrainMetShare,Mets_030,BrainMetShare_Mets_030_bravo,T1
BrainMetShare,Mets_030,BrainMetShare_Mets_030_flair,FLAIR
BrainMetShare,Mets_030,BrainMetShare_Mets_030_t1gd,T1c
BrainMetShare,Mets_030,BrainMetShare_Mets_030_t1pre,T1
BrainMetShare,Mets_032,BrainMetShare_Mets_032_bravo,T1
BrainMetShare,Mets_032,BrainMetShare_Mets_032_flair,FLAIR
BrainMetShare,Mets_032,BrainMetShare_Mets_032_t1gd,T1c
BrainMetShare,Mets_032,BrainMetShare_Mets_032_t1pre,T1
BrainMetShare,Mets_033,BrainMetShare_Mets_033_bravo,T1
BrainMetShare,Mets_033,BrainMetShare_Mets_033_flair,FLAIR
BrainMetShare,Mets_033,BrainMetShare_Mets_033_t1gd,T1c
BrainMetShare,Mets_033,BrainMetShare_Mets_033_t1pre,T1
BrainMetShare,Mets_038,BrainMetShare_Mets_038_bravo,T1
BrainMetShare,Mets_038,BrainMetShare_Mets_038_flair,FLAIR
BrainMetShare,Mets_038,BrainMetShare_Mets_038_t1gd,T1c
BrainMetShare,Mets_038,BrainMetShare_Mets_038_t1pre,T1
BrainMetShare,Mets_039,BrainMetShare_Mets_039_bravo,T1
BrainMetShare,Mets_039,BrainMetShare_Mets_039_flair,FLAIR
BrainMetShare,Mets_039,BrainMetShare_Mets_039_t1gd,T1c
BrainMetShare,Mets_039,BrainMetShare_Mets_039_t1pre,T1
BrainMetShare,Mets_040,BrainMetShare_Mets_040_bravo,T1
BrainMetShare,Mets_040,BrainMetShare_Mets_040_flair,FLAIR
BrainMetShare,Mets_040,BrainMetShare_Mets_040_t1gd,T1c
BrainMetShare,Mets_040,BrainMetShare_Mets_040_t1pre,T1
BrainMetShare,Mets_041,BrainMetShare_Mets_041_bravo,T1
BrainMetShare,Mets_041,BrainMetShare_Mets_041_flair,FLAIR
BrainMetShare,Mets_041,BrainMetShare_Mets_041_t1gd,T1c
BrainMetShare,Mets_041,BrainMetShare_Mets_041_t1pre,T1
BrainMetShare,Mets_042,BrainMetShare_Mets_042_bravo,T1
BrainMetShare,Mets_042,BrainMetShare_Mets_042_flair,FLAIR
BrainMetShare,Mets_042,BrainMetShare_Mets_042_t1gd,T1c
BrainMetShare,Mets_042,BrainMetShare_Mets_042_t1pre,T1
BrainMetShare,Mets_044,BrainMetShare_Mets_044_bravo,T1
BrainMetShare,Mets_044,BrainMetShare_Mets_044_flair,FLAIR
BrainMetShare,Mets_044,BrainMetShare_Mets_044_t1gd,T1c
BrainMetShare,Mets_044,BrainMetShare_Mets_044_t1pre,T1
BrainMetShare,Mets_047,BrainMetShare_Mets_047_bravo,T1
BrainMetShare,Mets_047,BrainMetShare_Mets_047_flair,FLAIR
BrainMetShare,Mets_047,BrainMetShare_Mets_047_t1gd,T1c
BrainMetShare,Mets_047,BrainMetShare_Mets_047_t1pre,T1
BrainMetShare,Mets_049,BrainMetShare_Mets_049_bravo,T1
BrainMetShare,Mets_049,BrainMetShare_Mets_049_flair,FLAIR
BrainMetShare,Mets_049,BrainMetShare_Mets_049_t1gd,T1c
BrainMetShare,Mets_049,BrainMetShare_Mets_049_t1pre,T1
BrainMetShare,Mets_052,BrainMetShare_Mets_052_bravo,T1
BrainMetShare,Mets_052,BrainMetShare_Mets_052_flair,FLAIR
BrainMetShare,Mets_052,BrainMetShare_Mets_052_t1gd,T1c
BrainMetShare,Mets_052,BrainMetShare_Mets_052_t1pre,T1
BrainMetShare,Mets_053,BrainMetShare_Mets_053_bravo,T1
BrainMetShare,Mets_053,BrainMetShare_Mets_053_flair,FLAIR
BrainMetShare,Mets_053,BrainMetShare_Mets_053_t1gd,T1c
BrainMetShare,Mets_053,BrainMetShare_Mets_053_t1pre,T1
BrainMetShare,Mets_058,BrainMetShare_Mets_058_bravo,T1
BrainMetShare,Mets_058,BrainMetShare_Mets_058_flair,FLAIR
BrainMetShare,Mets_058,BrainMetShare_Mets_058_t1gd,T1c
BrainMetShare,Mets_058,BrainMetShare_Mets_058_t1pre,T1
BrainMetShare,Mets_062,BrainMetShare_Mets_062_bravo,T1
BrainMetShare,Mets_062,BrainMetShare_Mets_062_flair,FLAIR
BrainMetShare,Mets_062,BrainMetShare_Mets_062_t1gd,T1c
BrainMetShare,Mets_062,BrainMetShare_Mets_062_t1pre,T1
BrainMetShare,Mets_064,BrainMetShare_Mets_064_bravo,T1
BrainMetShare,Mets_064,BrainMetShare_Mets_064_flair,FLAIR
BrainMetShare,Mets_064,BrainMetShare_Mets_064_t1gd,T1c
BrainMetShare,Mets_064,BrainMetShare_Mets_064_t1pre,T1
BrainMetShare,Mets_065,BrainMetShare_Mets_065_bravo,T1
BrainMetShare,Mets_065,BrainMetShare_Mets_065_flair,FLAIR
BrainMetShare,Mets_065,BrainMetShare_Mets_065_t1gd,T1c
BrainMetShare,Mets_065,BrainMetShare_Mets_065_t1pre,T1
BrainMetShare,Mets_081,BrainMetShare_Mets_081_bravo,T1
BrainMetShare,Mets_081,BrainMetShare_Mets_081_flair,FLAIR
BrainMetShare,Mets_081,BrainMetShare_Mets_081_t1gd,T1c
BrainMetShare,Mets_081,BrainMetShare_Mets_081_t1pre,T1
BrainMetShare,Mets_089,BrainMetShare_Mets_089_bravo,T1
BrainMetShare,Mets_089,BrainMetShare_Mets_089_flair,FLAIR
BrainMetShare,Mets_089,BrainMetShare_Mets_089_t1gd,T1c
BrainMetShare,Mets_089,BrainMetShare_Mets_089_t1pre,T1
BrainMetShare,Mets_094,BrainMetShare_Mets_094_bravo,T1
BrainMetShare,Mets_094,BrainMetShare_Mets_094_flair,FLAIR
BrainMetShare,Mets_094,BrainMetShare_Mets_094_t1gd,T1c
BrainMetShare,Mets_094,BrainMetShare_Mets_094_t1pre,T1
BrainMetShare,Mets_096,BrainMetShare_Mets_096_bravo,T1
BrainMetShare,Mets_096,BrainMetShare_Mets_096_flair,FLAIR
BrainMetShare,Mets_096,BrainMetShare_Mets_096_t1gd,T1c
BrainMetShare,Mets_096,BrainMetShare_Mets_096_t1pre,T1
BrainMetShare,Mets_098,BrainMetShare_Mets_098_bravo,T1
BrainMetShare,Mets_098,BrainMetShare_Mets_098_flair,FLAIR
BrainMetShare,Mets_098,BrainMetShare_Mets_098_t1gd,T1c
BrainMetShare,Mets_098,BrainMetShare_Mets_098_t1pre,T1
BrainMetShare,Mets_107,BrainMetShare_Mets_107_bravo,T1
BrainMetShare,Mets_107,BrainMetShare_Mets_107_flair,FLAIR
BrainMetShare,Mets_107,BrainMetShare_Mets_107_t1gd,T1c
BrainMetShare,Mets_107,BrainMetShare_Mets_107_t1pre,T1
BrainMetShare,Mets_120,BrainMetShare_Mets_120_bravo,T1
BrainMetShare,Mets_120,BrainMetShare_Mets_120_flair,FLAIR
BrainMetShare,Mets_120,BrainMetShare_Mets_120_t1gd,T1c
BrainMetShare,Mets_120,BrainMetShare_Mets_120_t1pre,T1
BrainMetShare,Mets_126,BrainMetShare_Mets_126_bravo,T1
BrainMetShare,Mets_126,BrainMetShare_Mets_126_flair,FLAIR
BrainMetShare,Mets_126,BrainMetShare_Mets_126_t1gd,T1c
BrainMetShare,Mets_126,BrainMetShare_Mets_126_t1pre,T1
BrainMetShare,Mets_127,BrainMetShare_Mets_127_bravo,T1
BrainMetShare,Mets_127,BrainMetShare_Mets_127_flair,FLAIR
BrainMetShare,Mets_127,BrainMetShare_Mets_127_t1gd,T1c
BrainMetShare,Mets_127,BrainMetShare_Mets_127_t1pre,T1
BrainMetShare,Mets_134,BrainMetShare_Mets_134_bravo,T1
BrainMetShare,Mets_134,BrainMetShare_Mets_134_flair,FLAIR
BrainMetShare,Mets_134,BrainMetShare_Mets_134_t1gd,T1c
BrainMetShare,Mets_134,BrainMetShare_Mets_134_t1pre,T1
BrainMetShare,Mets_143,BrainMetShare_Mets_143_bravo,T1
BrainMetShare,Mets_143,BrainMetShare_Mets_143_flair,FLAIR
BrainMetShare,Mets_143,BrainMetShare_Mets_143_t1gd,T1c
BrainMetShare,Mets_143,BrainMetShare_Mets_143_t1pre,T1
BrainMetShare,Mets_146,BrainMetShare_Mets_146_bravo,T1
BrainMetShare,Mets_146,BrainMetShare_Mets_146_flair,FLAIR
BrainMetShare,Mets_146,BrainMetShare_Mets_146_t1gd,T1c
BrainMetShare,Mets_146,BrainMetShare_Mets_146_t1pre,T1
BrainMetShare,Mets_148,BrainMetShare_Mets_148_bravo,T1
BrainMetShare,Mets_148,BrainMetShare_Mets_148_flair,FLAIR
BrainMetShare,Mets_148,BrainMetShare_Mets_148_t1gd,T1c
BrainMetShare,Mets_148,BrainMetShare_Mets_148_t1pre,T1
BrainMetShare,Mets_151,BrainMetShare_Mets_151_bravo,T1
BrainMetShare,Mets_151,BrainMetShare_Mets_151_flair,FLAIR
BrainMetShare,Mets_151,BrainMetShare_Mets_151_t1gd,T1c
BrainMetShare,Mets_151,BrainMetShare_Mets_151_t1pre,T1
BrainMetShare,Mets_154,BrainMetShare_Mets_154_bravo,T1
BrainMetShare,Mets_154,BrainMetShare_Mets_154_flair,FLAIR
BrainMetShare,Mets_154,BrainMetShare_Mets_154_t1gd,T1c
BrainMetShare,Mets_154,BrainMetShare_Mets_154_t1pre,T1
BrainMetShare,Mets_163,BrainMetShare_Mets_163_bravo,T1
BrainMetShare,Mets_163,BrainMetShare_Mets_163_flair,FLAIR
BrainMetShare,Mets_163,BrainMetShare_Mets_163_t1gd,T1c
BrainMetShare,Mets_163,BrainMetShare_Mets_163_t1pre,T1
BrainMetShare,Mets_165,BrainMetShare_Mets_165_bravo,T1
BrainMetShare,Mets_165,BrainMetShare_Mets_165_flair,FLAIR
BrainMetShare,Mets_165,BrainMetShare_Mets_165_t1gd,T1c
BrainMetShare,Mets_165,BrainMetShare_Mets_165_t1pre,T1
BrainMetShare,Mets_166,BrainMetShare_Mets_166_bravo,T1
BrainMetShare,Mets_166,BrainMetShare_Mets_166_flair,FLAIR
BrainMetShare,Mets_166,BrainMetShare_Mets_166_t1gd,T1c
BrainMetShare,Mets_166,BrainMetShare_Mets_166_t1pre,T1
BrainMetShare,Mets_167,BrainMetShare_Mets_167_bravo,T1
BrainMetShare,Mets_167,BrainMetShare_Mets_167_flair,FLAIR
BrainMetShare,Mets_167,BrainMetShare_Mets_167_t1gd,T1c
BrainMetShare,Mets_167,BrainMetShare_Mets_167_t1pre,T1
BrainMetShare,Mets_177,BrainMetShare_Mets_177_bravo,T1
BrainMetShare,Mets_177,BrainMetShare_Mets_177_flair,FLAIR
BrainMetShare,Mets_177,BrainMetShare_Mets_177_t1gd,T1c
BrainMetShare,Mets_177,BrainMetShare_Mets_177_t1pre,T1
BrainMetShare,Mets_181,BrainMetShare_Mets_181_bravo,T1
BrainMetShare,Mets_181,BrainMetShare_Mets_181_flair,FLAIR
BrainMetShare,Mets_181,BrainMetShare_Mets_181_t1gd,T1c
BrainMetShare,Mets_181,BrainMetShare_Mets_181_t1pre,T1
BrainMetShare,Mets_192,BrainMetShare_Mets_192_bravo,T1
BrainMetShare,Mets_192,BrainMetShare_Mets_192_flair,FLAIR
BrainMetShare,Mets_192,BrainMetShare_Mets_192_t1gd,T1c
BrainMetShare,Mets_192,BrainMetShare_Mets_192_t1pre,T1
BrainMetShare,Mets_196,BrainMetShare_Mets_196_bravo,T1
BrainMetShare,Mets_196,BrainMetShare_Mets_196_flair,FLAIR
BrainMetShare,Mets_196,BrainMetShare_Mets_196_t1gd,T1c
BrainMetShare,Mets_196,BrainMetShare_Mets_196_t1pre,T1
BrainMetShare,Mets_197,BrainMetShare_Mets_197_bravo,T1
BrainMetShare,Mets_197,BrainMetShare_Mets_197_flair,FLAIR
BrainMetShare,Mets_197,BrainMetShare_Mets_197_t1gd,T1c
BrainMetShare,Mets_197,BrainMetShare_Mets_197_t1pre,T1
BrainMetShare,Mets_213,BrainMetShare_Mets_213_bravo,T1
BrainMetShare,Mets_213,BrainMetShare_Mets_213_flair,FLAIR
BrainMetShare,Mets_213,BrainMetShare_Mets_213_t1gd,T1c
BrainMetShare,Mets_213,BrainMetShare_Mets_213_t1pre,T1
BrainMetShare,Mets_218,BrainMetShare_Mets_218_bravo,T1
BrainMetShare,Mets_218,BrainMetShare_Mets_218_flair,FLAIR
BrainMetShare,Mets_218,BrainMetShare_Mets_218_t1gd,T1c
BrainMetShare,Mets_218,BrainMetShare_Mets_218_t1pre,T1
BrainMetShare,Mets_225,BrainMetShare_Mets_225_bravo,T1
BrainMetShare,Mets_225,BrainMetShare_Mets_225_flair,FLAIR
BrainMetShare,Mets_225,BrainMetShare_Mets_225_t1gd,T1c
BrainMetShare,Mets_225,BrainMetShare_Mets_225_t1pre,T1
BrainMetShare,Mets_235,BrainMetShare_Mets_235_bravo,T1
BrainMetShare,Mets_235,BrainMetShare_Mets_235_flair,FLAIR
BrainMetShare,Mets_235,BrainMetShare_Mets_235_t1gd,T1c
BrainMetShare,Mets_235,BrainMetShare_Mets_235_t1pre,T1
BrainMetShare,Mets_237,BrainMetShare_Mets_237_bravo,T1
BrainMetShare,Mets_237,BrainMetShare_Mets_237_flair,FLAIR
BrainMetShare,Mets_237,BrainMetShare_Mets_237_t1gd,T1c
BrainMetShare,Mets_237,BrainMetShare_Mets_237_t1pre,T1
BrainMetShare,Mets_241,BrainMetShare_Mets_241_bravo,T1
BrainMetShare,Mets_241,BrainMetShare_Mets_241_flair,FLAIR
BrainMetShare,Mets_241,BrainMetShare_Mets_241_t1gd,T1c
BrainMetShare,Mets_241,BrainMetShare_Mets_241_t1pre,T1
BrainMetShare,Mets_248,BrainMetShare_Mets_248_bravo,T1
BrainMetShare,Mets_248,BrainMetShare_Mets_248_flair,FLAIR
BrainMetShare,Mets_248,BrainMetShare_Mets_248_t1gd,T1c
BrainMetShare,Mets_248,BrainMetShare_Mets_248_t1pre,T1
BrainMetShare,Mets_249,BrainMetShare_Mets_249_bravo,T1
BrainMetShare,Mets_249,BrainMetShare_Mets_249_flair,FLAIR
BrainMetShare,Mets_249,BrainMetShare_Mets_249_t1gd,T1c
BrainMetShare,Mets_249,BrainMetShare_Mets_249_t1pre,T1
BrainMetShare,Mets_257,BrainMetShare_Mets_257_bravo,T1
BrainMetShare,Mets_257,BrainMetShare_Mets_257_flair,FLAIR
BrainMetShare,Mets_257,BrainMetShare_Mets_257_t1gd,T1c
BrainMetShare,Mets_257,BrainMetShare_Mets_257_t1pre,T1
BrainMetShare,Mets_266,BrainMetShare_Mets_266_bravo,T1
BrainMetShare,Mets_266,BrainMetShare_Mets_266_flair,FLAIR
BrainMetShare,Mets_266,BrainMetShare_Mets_266_t1gd,T1c
BrainMetShare,Mets_266,BrainMetShare_Mets_266_t1pre,T1
BrainMetShare,Mets_273,BrainMetShare_Mets_273_bravo,T1
BrainMetShare,Mets_273,BrainMetShare_Mets_273_flair,FLAIR
BrainMetShare,Mets_273,BrainMetShare_Mets_273_t1gd,T1c
BrainMetShare,Mets_273,BrainMetShare_Mets_273_t1pre,T1
BrainMetShare,Mets_277,BrainMetShare_Mets_277_bravo,T1
BrainMetShare,Mets_277,BrainMetShare_Mets_277_flair,FLAIR
BrainMetShare,Mets_277,BrainMetShare_Mets_277_t1gd,T1c
BrainMetShare,Mets_277,BrainMetShare_Mets_277_t1pre,T1
BrainMetShare,Mets_280,BrainMetShare_Mets_280_bravo,T1
BrainMetShare,Mets_280,BrainMetShare_Mets_280_flair,FLAIR
BrainMetShare,Mets_280,BrainMetShare_Mets_280_t1gd,T1c
BrainMetShare,Mets_280,BrainMetShare_Mets_280_t1pre,T1
BrainMetShare,Mets_285,BrainMetShare_Mets_285_bravo,T1
BrainMetShare,Mets_285,BrainMetShare_Mets_285_flair,FLAIR
BrainMetShare,Mets_285,BrainMetShare_Mets_285_t1gd,T1c
BrainMetShare,Mets_285,BrainMetShare_Mets_285_t1pre,T1
BrainMetShare,Mets_289,BrainMetShare_Mets_289_bravo,T1
BrainMetShare,Mets_289,BrainMetShare_Mets_289_flair,FLAIR
BrainMetShare,Mets_289,BrainMetShare_Mets_289_t1gd,T1c
BrainMetShare,Mets_289,BrainMetShare_Mets_289_t1pre,T1
BrainMetShare,Mets_290,BrainMetShare_Mets_290_bravo,T1
BrainMetShare,Mets_290,BrainMetShare_Mets_290_flair,FLAIR
BrainMetShare,Mets_290,BrainMetShare_Mets_290_t1gd,T1c
BrainMetShare,Mets_290,BrainMetShare_Mets_290_t1pre,T1
BrainMetShare,Mets_291,BrainMetShare_Mets_291_bravo,T1
BrainMetShare,Mets_291,BrainMetShare_Mets_291_flair,FLAIR
BrainMetShare,Mets_291,BrainMetShare_Mets_291_t1gd,T1c
BrainMetShare,Mets_291,BrainMetShare_Mets_291_t1pre,T1
BrainMetShare,Mets_296,BrainMetShare_Mets_296_bravo,T1
BrainMetShare,Mets_296,BrainMetShare_Mets_296_flair,FLAIR
BrainMetShare,Mets_296,BrainMetShare_Mets_296_t1gd,T1c
BrainMetShare,Mets_296,BrainMetShare_Mets_296_t1pre,T1
BrainMetShare,Mets_303,BrainMetShare_Mets_303_bravo,T1
BrainMetShare,Mets_303,BrainMetShare_Mets_303_flair,FLAIR
BrainMetShare,Mets_303,BrainMetShare_Mets_303_t1gd,T1c
BrainMetShare,Mets_303,BrainMetShare_Mets_303_t1pre,T1
BrainMetShare,Mets_306,BrainMetShare_Mets_306_bravo,T1
BrainMetShare,Mets_306,BrainMetShare_Mets_306_flair,FLAIR
BrainMetShare,Mets_306,BrainMetShare_Mets_306_t1gd,T1c
BrainMetShare,Mets_306,BrainMetShare_Mets_306_t1pre,T1
BrainMetShare,Mets_307,BrainMetShare_Mets_307_bravo,T1
BrainMetShare,Mets_307,BrainMetShare_Mets_307_flair,FLAIR
BrainMetShare,Mets_307,BrainMetShare_Mets_307_t1gd,T1c
BrainMetShare,Mets_307,BrainMetShare_Mets_307_t1pre,T1
BrainMetShare,Mets_313,BrainMetShare_Mets_313_bravo,T1
BrainMetShare,Mets_313,BrainMetShare_Mets_313_flair,FLAIR
BrainMetShare,Mets_313,BrainMetShare_Mets_313_t1gd,T1c
BrainMetShare,Mets_313,BrainMetShare_Mets_313_t1pre,T1
BrainMetShare,Mets_315,BrainMetShare_Mets_315_bravo,T1
BrainMetShare,Mets_315,BrainMetShare_Mets_315_flair,FLAIR
BrainMetShare,Mets_315,BrainMetShare_Mets_315_t1gd,T1c
BrainMetShare,Mets_315,BrainMetShare_Mets_315_t1pre,T1
BrainMetShare,Mets_318,BrainMetShare_Mets_318_bravo,T1
BrainMetShare,Mets_318,BrainMetShare_Mets_318_flair,FLAIR
BrainMetShare,Mets_318,BrainMetShare_Mets_318_t1gd,T1c
BrainMetShare,Mets_318,BrainMetShare_Mets_318_t1pre,T1
BrainMetShare,Mets_323,BrainMetShare_Mets_323_bravo,T1
BrainMetShare,Mets_323,BrainMetShare_Mets_323_flair,FLAIR
BrainMetShare,Mets_323,BrainMetShare_Mets_323_t1gd,T1c
BrainMetShare,Mets_323,BrainMetShare_Mets_323_t1pre,T1
BrainMetShare,Mets_328,BrainMetShare_Mets_328_bravo,T1
BrainMetShare,Mets_328,BrainMetShare_Mets_328_flair,FLAIR
BrainMetShare,Mets_328,BrainMetShare_Mets_328_t1gd,T1c
BrainMetShare,Mets_328,BrainMetShare_Mets_328_t1pre,T1
BrainMetShare,Mets_338,BrainMetShare_Mets_338_bravo,T1
BrainMetShare,Mets_338,BrainMetShare_Mets_338_flair,FLAIR
BrainMetShare,Mets_338,BrainMetShare_Mets_338_t1gd,T1c
BrainMetShare,Mets_338,BrainMetShare_Mets_338_t1pre,T1
EPISURG,sub-0001,episurge_sub-0001_postop_t1,T1
EPISURG,sub-0005,episurge_sub-0005_postop_t1,T1
EPISURG,sub-0005,episurge_sub-0005_preop_t1,T1
EPISURG,sub-0008,episurge_sub-0008_postop_t1,T1
EPISURG,sub-0011,episurge_sub-0011_postop_t1,T1
EPISURG,sub-0013,episurge_sub-0013_postop_t1,T1
EPISURG,sub-0013,episurge_sub-0013_preop_t1,T1
EPISURG,sub-0016,episurge_sub-0016_postop_t1,T1
EPISURG,sub-0016,episurge_sub-0016_preop_t1,T1
EPISURG,sub-0017,episurge_sub-0017_postop_t1,T1
EPISURG,sub-0017,episurge_sub-0017_preop_t1,T1
EPISURG,sub-0018,episurge_sub-0018_postop_t1,T1
EPISURG,sub-0018,episurge_sub-0018_preop_t1,T1
EPISURG,sub-0022,episurge_sub-0022_postop_t1,T1
EPISURG,sub-0023,episurge_sub-0023_postop_t1,T1
EPISURG,sub-0026,episurge_sub-0026_postop_t1,T1
EPISURG,sub-0030,episurge_sub-0030_postop_t1,T1
EPISURG,sub-0030,episurge_sub-0030_preop_t1,T1
EPISURG,sub-0034,episurge_sub-0034_postop_t1,T1
EPISURG,sub-0034,episurge_sub-0034_preop_t1,T1
EPISURG,sub-0037,episurge_sub-0037_postop_t1,T1
EPISURG,sub-0037,episurge_sub-0037_preop_t1,T1
EPISURG,sub-0044,episurge_sub-0044_postop_t1,T1
EPISURG,sub-0045,episurge_sub-0045_postop_t1,T1
EPISURG,sub-0046,episurge_sub-0046_postop_t1,T1
EPISURG,sub-0051,episurge_sub-0051_postop_t1,T1
EPISURG,sub-0051,episurge_sub-0051_preop_t1,T1
EPISURG,sub-0053,episurge_sub-0053_postop_t1,T1
EPISURG,sub-0055,episurge_sub-0055_postop_t1,T1
EPISURG,sub-0055,episurge_sub-0055_preop_t1,T1
EPISURG,sub-0061,episurge_sub-0061_postop_t1,T1
EPISURG,sub-0062,episurge_sub-0062_postop_t1,T1
EPISURG,sub-0062,episurge_sub-0062_preop_t1,T1
EPISURG,sub-0066,episurge_sub-0066_postop_t1,T1
EPISURG,sub-0066,episurge_sub-0066_preop_t1,T1
EPISURG,sub-0070,episurge_sub-0070_postop_t1,T1
EPISURG,sub-0071,episurge_sub-0071_postop_t1,T1
EPISURG,sub-0072,episurge_sub-0072_postop_t1,T1
EPISURG,sub-0073,episurge_sub-0073_postop_t1,T1
EPISURG,sub-0073,episurge_sub-0073_preop_t1,T1
EPISURG,sub-0083,episurge_sub-0083_postop_t1,T1
EPISURG,sub-0083,episurge_sub-0083_preop_t1,T1
EPISURG,sub-0084,episurge_sub-0084_postop_t1,T1
EPISURG,sub-0084,episurge_sub-0084_preop_t1,T1
EPISURG,sub-0086,episurge_sub-0086_postop_t1,T1
EPISURG,sub-0086,episurge_sub-0086_preop_t1,T1
EPISURG,sub-0087,episurge_sub-0087_postop_t1,T1
EPISURG,sub-0090,episurge_sub-0090_postop_t1,T1
EPISURG,sub-0090,episurge_sub-0090_preop_t1,T1
EPISURG,sub-0092,episurge_sub-0092_postop_t1,T1
EPISURG,sub-0092,episurge_sub-0092_preop_t1,T1
EPISURG,sub-0097,episurge_sub-0097_postop_t1,T1
EPISURG,sub-0098,episurge_sub-0098_postop_t1,T1
EPISURG,sub-0099,episurge_sub-0099_postop_t1,T1
EPISURG,sub-0099,episurge_sub-0099_preop_t1,T1
EPISURG,sub-0101,episurge_sub-0101_postop_t1,T1
EPISURG,sub-0104,episurge_sub-0104_postop_t1,T1
EPISURG,sub-0104,episurge_sub-0104_preop_t1,T1
EPISURG,sub-0105,episurge_sub-0105_postop_t1,T1
EPISURG,sub-0105,episurge_sub-0105_preop_t1,T1
EPISURG,sub-0108,episurge_sub-0108_postop_t1,T1
EPISURG,sub-0109,episurge_sub-0109_postop_t1,T1
EPISURG,sub-0109,episurge_sub-0109_preop_t1,T1
EPISURG,sub-0111,episurge_sub-0111_postop_t1,T1
EPISURG,sub-0111,episurge_sub-0111_preop_t1,T1
EPISURG,sub-0112,episurge_sub-0112_postop_t1,T1
EPISURG,sub-0112,episurge_sub-0112_preop_t1,T1
EPISURG,sub-0114,episurge_sub-0114_postop_t1,T1
EPISURG,sub-0115,episurge_sub-0115_postop_t1,T1
EPISURG,sub-0116,episurge_sub-0116_postop_t1,T1
EPISURG,sub-0119,episurge_sub-0119_postop_t1,T1
EPISURG,sub-0119,episurge_sub-0119_preop_t1,T1
EPISURG,sub-0120,episurge_sub-0120_postop_t1,T1
EPISURG,sub-0120,episurge_sub-0120_preop_t1,T1
EPISURG,sub-0122,episurge_sub-0122_postop_t1,T1
EPISURG,sub-0122,episurge_sub-0122_preop_t1,T1
EPISURG,sub-0124,episurge_sub-0124_postop_t1,T1
EPISURG,sub-0124,episurge_sub-0124_preop_t1,T1
EPISURG,sub-0126,episurge_sub-0126_postop_t1,T1
EPISURG,sub-0126,episurge_sub-0126_preop_t1,T1
EPISURG,sub-0129,episurge_sub-0129_postop_t1,T1
EPISURG,sub-0129,episurge_sub-0129_preop_t1,T1
EPISURG,sub-0135,episurge_sub-0135_postop_t1,T1
EPISURG,sub-0136,episurge_sub-0136_postop_t1,T1
EPISURG,sub-0137,episurge_sub-0137_postop_t1,T1
EPISURG,sub-0137,episurge_sub-0137_preop_t1,T1
EPISURG,sub-0139,episurge_sub-0139_postop_t1,T1
EPISURG,sub-0140,episurge_sub-0140_postop_t1,T1
EPISURG,sub-0140,episurge_sub-0140_preop_t1,T1
EPISURG,sub-0141,episurge_sub-0141_postop_t1,T1
EPISURG,sub-0149,episurge_sub-0149_postop_t1,T1
EPISURG,sub-0149,episurge_sub-0149_preop_t1,T1
EPISURG,sub-0150,episurge_sub-0150_postop_t1,T1
EPISURG,sub-0150,episurge_sub-0150_preop_t1,T1
EPISURG,sub-0157,episurge_sub-0157_postop_t1,T1
EPISURG,sub-0157,episurge_sub-0157_preop_t1,T1
EPISURG,sub-0162,episurge_sub-0162_postop_t1,T1
EPISURG,sub-0162,episurge_sub-0162_preop_t1,T1
EPISURG,sub-0165,episurge_sub-0165_postop_t1,T1
EPISURG,sub-0165,episurge_sub-0165_preop_t1,T1
EPISURG,sub-0167,episurge_sub-0167_postop_t1,T1
EPISURG,sub-0168,episurge_sub-0168_postop_t1,T1
EPISURG,sub-0168,episurge_sub-0168_preop_t1,T1
EPISURG,sub-0172,episurge_sub-0172_postop_t1,T1
EPISURG,sub-0172,episurge_sub-0172_preop_t1,T1
EPISURG,sub-0173,episurge_sub-0173_postop_t1,T1
EPISURG,sub-0174,episurge_sub-0174_postop_t1,T1
EPISURG,sub-0174,episurge_sub-0174_preop_t1,T1
EPISURG,sub-0176,episurge_sub-0176_postop_t1,T1
EPISURG,sub-0179,episurge_sub-0179_postop_t1,T1
EPISURG,sub-0181,episurge_sub-0181_postop_t1,T1
EPISURG,sub-0182,episurge_sub-0182_postop_t1,T1
EPISURG,sub-0182,episurge_sub-0182_preop_t1,T1
EPISURG,sub-0185,episurge_sub-0185_postop_t1,T1
EPISURG,sub-0187,episurge_sub-0187_postop_t1,T1
EPISURG,sub-0189,episurge_sub-0189_postop_t1,T1
EPISURG,sub-0189,episurge_sub-0189_preop_t1,T1
EPISURG,sub-0190,episurge_sub-0190_postop_t1,T1
EPISURG,sub-0190,episurge_sub-0190_preop_t1,T1
EPISURG,sub-0191,episurge_sub-0191_postop_t1,T1
EPISURG,sub-0191,episurge_sub-0191_preop_t1,T1
EPISURG,sub-0192,episurge_sub-0192_postop_t1,T1
EPISURG,sub-0192,episurge_sub-0192_preop_t1,T1
EPISURG,sub-0205,episurge_sub-0205_postop_t1,T1
EPISURG,sub-0205,episurge_sub-0205_preop_t1,T1
EPISURG,sub-0206,episurge_sub-0206_postop_t1,T1
EPISURG,sub-0208,episurge_sub-0208_postop_t1,T1
EPISURG,sub-0211,episurge_sub-0211_postop_t1,T1
EPISURG,sub-0211,episurge_sub-0211_preop_t1,T1
EPISURG,sub-0214,episurge_sub-0214_postop_t1,T1
EPISURG,sub-0214,episurge_sub-0214_preop_t1,T1
EPISURG,sub-0216,episurge_sub-0216_postop_t1,T1
EPISURG,sub-0216,episurge_sub-0216_preop_t1,T1
EPISURG,sub-0217,episurge_sub-0217_postop_t1,T1
EPISURG,sub-0217,episurge_sub-0217_preop_t1,T1
EPISURG,sub-0220,episurge_sub-0220_postop_t1,T1
EPISURG,sub-0220,episurge_sub-0220_preop_t1,T1
EPISURG,sub-0224,episurge_sub-0224_postop_t1,T1
EPISURG,sub-0224,episurge_sub-0224_preop_t1,T1
EPISURG,sub-0225,episurge_sub-0225_postop_t1,T1
EPISURG,sub-0234,episurge_sub-0234_postop_t1,T1
EPISURG,sub-0234,episurge_sub-0234_preop_t1,T1
EPISURG,sub-0235,episurge_sub-0235_postop_t1,T1
EPISURG,sub-0235,episurge_sub-0235_preop_t1,T1
EPISURG,sub-0240,episurge_sub-0240_postop_t1,T1
EPISURG,sub-0240,episurge_sub-0240_preop_t1,T1
EPISURG,sub-0241,episurge_sub-0241_postop_t1,T1
EPISURG,sub-0241,episurge_sub-0241_preop_t1,T1
EPISURG,sub-0242,episurge_sub-0242_postop_t1,T1
EPISURG,sub-0242,episurge_sub-0242_preop_t1,T1
EPISURG,sub-0243,episurge_sub-0243_postop_t1,T1
EPISURG,sub-0243,episurge_sub-0243_preop_t1,T1
EPISURG,sub-0244,episurge_sub-0244_postop_t1,T1
EPISURG,sub-0244,episurge_sub-0244_preop_t1,T1
EPISURG,sub-0245,episurge_sub-0245_postop_t1,T1
EPISURG,sub-0249,episurge_sub-0249_postop_t1,T1
EPISURG,sub-0249,episurge_sub-0249_preop_t1,T1
EPISURG,sub-0250,episurge_sub-0250_postop_t1,T1
EPISURG,sub-0251,episurge_sub-0251_postop_t1,T1
EPISURG,sub-0251,episurge_sub-0251_preop_t1,T1
EPISURG,sub-0254,episurge_sub-0254_postop_t1,T1
EPISURG,sub-0254,episurge_sub-0254_preop_t1,T1
EPISURG,sub-0255,episurge_sub-0255_postop_t1,T1
EPISURG,sub-0255,episurge_sub-0255_preop_t1,T1
EPISURG,sub-0256,episurge_sub-0256_postop_t1,T1
EPISURG,sub-0256,episurge_sub-0256_preop_t1,T1
EPISURG,sub-0257,episurge_sub-0257_postop_t1,T1
EPISURG,sub-0258,episurge_sub-0258_postop_t1,T1
EPISURG,sub-0260,episurge_sub-0260_postop_t1,T1
EPISURG,sub-0260,episurge_sub-0260_preop_t1,T1
EPISURG,sub-0261,episurge_sub-0261_postop_t1,T1
EPISURG,sub-0261,episurge_sub-0261_preop_t1,T1
EPISURG,sub-0264,episurge_sub-0264_postop_t1,T1
EPISURG,sub-0268,episurge_sub-0268_postop_t1,T1
EPISURG,sub-0268,episurge_sub-0268_preop_t1,T1
EPISURG,sub-0273,episurge_sub-0273_postop_t1,T1
EPISURG,sub-0273,episurge_sub-0273_preop_t1,T1
EPISURG,sub-0274,episurge_sub-0274_postop_t1,T1
EPISURG,sub-0274,episurge_sub-0274_preop_t1,T1
EPISURG,sub-0276,episurge_sub-0276_postop_t1,T1
EPISURG,sub-0278,episurge_sub-0278_postop_t1,T1
EPISURG,sub-0278,episurge_sub-0278_preop_t1,T1
EPISURG,sub-0279,episurge_sub-0279_postop_t1,T1
EPISURG,sub-0279,episurge_sub-0279_preop_t1,T1
EPISURG,sub-0281,episurge_sub-0281_postop_t1,T1
EPISURG,sub-0281,episurge_sub-0281_preop_t1,T1
EPISURG,sub-0282,episurge_sub-0282_postop_t1,T1
EPISURG,sub-0282,episurge_sub-0282_preop_t1,T1
EPISURG,sub-0285,episurge_sub-0285_postop_t1,T1
EPISURG,sub-0285,episurge_sub-0285_preop_t1,T1
EPISURG,sub-0286,episurge_sub-0286_postop_t1,T1
EPISURG,sub-0286,episurge_sub-0286_preop_t1,T1
EPISURG,sub-0287,episurge_sub-0287_postop_t1,T1
EPISURG,sub-0288,episurge_sub-0288_postop_t1,T1
EPISURG,sub-0288,episurge_sub-0288_preop_t1,T1
EPISURG,sub-0291,episurge_sub-0291_postop_t1,T1
EPISURG,sub-0291,episurge_sub-0291_preop_t1,T1
EPISURG,sub-0294,episurge_sub-0294_postop_t1,T1
EPISURG,sub-0298,episurge_sub-0298_postop_t1,T1
EPISURG,sub-0298,episurge_sub-0298_preop_t1,T1
EPISURG,sub-0302,episurge_sub-0302_postop_t1,T1
EPISURG,sub-0302,episurge_sub-0302_preop_t1,T1
EPISURG,sub-0307,episurge_sub-0307_postop_t1,T1
EPISURG,sub-0307,episurge_sub-0307_preop_t1,T1
EPISURG,sub-0309,episurge_sub-0309_postop_t1,T1
EPISURG,sub-0310,episurge_sub-0310_postop_t1,T1
EPISURG,sub-0312,episurge_sub-0312_postop_t1,T1
EPISURG,sub-0312,episurge_sub-0312_preop_t1,T1
EPISURG,sub-0313,episurge_sub-0313_postop_t1,T1
EPISURG,sub-0313,episurge_sub-0313_preop_t1,T1
EPISURG,sub-0315,episurge_sub-0315_postop_t1,T1
EPISURG,sub-0317,episurge_sub-0317_postop_t1,T1
EPISURG,sub-0317,episurge_sub-0317_preop_t1,T1
EPISURG,sub-0318,episurge_sub-0318_postop_t1,T1
EPISURG,sub-0318,episurge_sub-0318_preop_t1,T1
EPISURG,sub-0320,episurge_sub-0320_postop_t1,T1
EPISURG,sub-0320,episurge_sub-0320_preop_t1,T1
EPISURG,sub-0321,episurge_sub-0321_postop_t1,T1
EPISURG,sub-0321,episurge_sub-0321_preop_t1,T1
EPISURG,sub-0322,episurge_sub-0322_postop_t1,T1
EPISURG,sub-0322,episurge_sub-0322_preop_t1,T1
EPISURG,sub-0324,episurge_sub-0324_postop_t1,T1
EPISURG,sub-0324,episurge_sub-0324_preop_t1,T1
EPISURG,sub-0327,episurge_sub-0327_postop_t1,T1
EPISURG,sub-0328,episurge_sub-0328_postop_t1,T1
EPISURG,sub-0328,episurge_sub-0328_preop_t1,T1
EPISURG,sub-0330,episurge_sub-0330_postop_t1,T1
EPISURG,sub-0330,episurge_sub-0330_preop_t1,T1
EPISURG,sub-0332,episurge_sub-0332_postop_t1,T1
EPISURG,sub-0332,episurge_sub-0332_preop_t1,T1
EPISURG,sub-0336,episurge_sub-0336_postop_t1,T1
EPISURG,sub-0336,episurge_sub-0336_preop_t1,T1
EPISURG,sub-0337,episurge_sub-0337_postop_t1,T1
EPISURG,sub-0337,episurge_sub-0337_preop_t1,T1
EPISURG,sub-0339,episurge_sub-0339_postop_t1,T1
EPISURG,sub-0339,episurge_sub-0339_preop_t1,T1
EPISURG,sub-0343,episurge_sub-0343_postop_t1,T1
EPISURG,sub-0343,episurge_sub-0343_preop_t1,T1
EPISURG,sub-0344,episurge_sub-0344_postop_t1,T1
EPISURG,sub-0344,episurge_sub-0344_preop_t1,T1
EPISURG,sub-0346,episurge_sub-0346_postop_t1,T1
EPISURG,sub-0346,episurge_sub-0346_preop_t1,T1
EPISURG,sub-0347,episurge_sub-0347_postop_t1,T1
EPISURG,sub-0355,episurge_sub-0355_postop_t1,T1
EPISURG,sub-0355,episurge_sub-0355_preop_t1,T1
EPISURG,sub-0357,episurge_sub-0357_postop_t1,T1
EPISURG,sub-0357,episurge_sub-0357_preop_t1,T1
EPISURG,sub-0358,episurge_sub-0358_postop_t1,T1
EPISURG,sub-0358,episurge_sub-0358_preop_t1,T1
EPISURG,sub-0359,episurge_sub-0359_postop_t1,T1
EPISURG,sub-0359,episurge_sub-0359_preop_t1,T1
EPISURG,sub-0360,episurge_sub-0360_postop_t1,T1
EPISURG,sub-0360,episurge_sub-0360_preop_t1,T1
EPISURG,sub-0362,episurge_sub-0362_postop_t1,T1
EPISURG,sub-0362,episurge_sub-0362_preop_t1,T1
EPISURG,sub-0363,episurge_sub-0363_postop_t1,T1
EPISURG,sub-0363,episurge_sub-0363_preop_t1,T1
EPISURG,sub-0368,episurge_sub-0368_postop_t1,T1
EPISURG,sub-0368,episurge_sub-0368_preop_t1,T1
EPISURG,sub-0373,episurge_sub-0373_postop_t1,T1
EPISURG,sub-0375,episurge_sub-0375_postop_t1,T1
EPISURG,sub-0377,episurge_sub-0377_postop_t1,T1
EPISURG,sub-0377,episurge_sub-0377_preop_t1,T1
EPISURG,sub-0378,episurge_sub-0378_postop_t1,T1
EPISURG,sub-0378,episurge_sub-0378_preop_t1,T1
EPISURG,sub-0379,episurge_sub-0379_postop_t1,T1
EPISURG,sub-0382,episurge_sub-0382_postop_t1,T1
EPISURG,sub-0384,episurge_sub-0384_postop_t1,T1
EPISURG,sub-0388,episurge_sub-0388_postop_t1,T1
EPISURG,sub-0388,episurge_sub-0388_preop_t1,T1
EPISURG,sub-0392,episurge_sub-0392_postop_t1,T1
EPISURG,sub-0392,episurge_sub-0392_preop_t1,T1
EPISURG,sub-0394,episurge_sub-0394_postop_t1,T1
EPISURG,sub-0395,episurge_sub-0395_postop_t1,T1
EPISURG,sub-0395,episurge_sub-0395_preop_t1,T1
EPISURG,sub-0397,episurge_sub-0397_postop_t1,T1
EPISURG,sub-0397,episurge_sub-0397_preop_t1,T1
EPISURG,sub-0400,episurge_sub-0400_postop_t1,T1
EPISURG,sub-0400,episurge_sub-0400_preop_t1,T1
EPISURG,sub-0403,episurge_sub-0403_postop_t1,T1
EPISURG,sub-0409,episurge_sub-0409_postop_t1,T1
EPISURG,sub-0410,episurge_sub-0410_postop_t1,T1
EPISURG,sub-0410,episurge_sub-0410_preop_t1,T1
EPISURG,sub-0413,episurge_sub-0413_postop_t1,T1
EPISURG,sub-0415,episurge_sub-0415_postop_t1,T1
EPISURG,sub-0415,episurge_sub-0415_preop_t1,T1
EPISURG,sub-0418,episurge_sub-0418_postop_t1,T1
EPISURG,sub-0418,episurge_sub-0418_preop_t1,T1
EPISURG,sub-0420,episurge_sub-0420_postop_t1,T1
EPISURG,sub-0420,episurge_sub-0420_preop_t1,T1
EPISURG,sub-0422,episurge_sub-0422_postop_t1,T1
EPISURG,sub-0422,episurge_sub-0422_preop_t1,T1
EPISURG,sub-0423,episurge_sub-0423_postop_t1,T1
EPISURG,sub-0425,episurge_sub-0425_postop_t1,T1
EPISURG,sub-0425,episurge_sub-0425_preop_t1,T1
EPISURG,sub-0426,episurge_sub-0426_postop_t1,T1
EPISURG,sub-0426,episurge_sub-0426_preop_t1,T1
EPISURG,sub-0428,episurge_sub-0428_postop_t1,T1
EPISURG,sub-0429,episurge_sub-0429_postop_t1,T1
EPISURG,sub-0429,episurge_sub-0429_preop_t1,T1
ISLES22,sub-strokecase0001,ISLES22_sub-strokecase0001_T1_FLAIR,FLAIR
ISLES22,sub-strokecase0002,ISLES22_sub-strokecase0002_T1_FLAIR,FLAIR
ISLES22,sub-strokecase0003,ISLES22_sub-strokecase0003_T1_FLAIR,FLAIR
ISLES22,sub-strokecase0004,ISLES22_sub-strokecase0004_T1_FLAIR,FLAIR
ISLES22,sub-strokecase0005,ISLES22_sub-strokecase0005_T1_FLAIR,FLAIR
ISLES22,sub-strokecase0006,ISLES22_sub-strokecase0006_T1_FLAIR,FLAIR
ISLES22,sub-strokecase0007,ISLES22_sub-strokecase0007_T1_FLAIR,FLAIR
ISLES22,sub-strokecase0008,ISLES22_sub-strokecase0008_T1_FLAIR,FLAIR
ISLES22,sub-strokecase0009,ISLES22_sub-strokecase0009_T1_FLAIR,FLAIR
ISLES22,sub-strokecase0010,ISLES22_sub-strokecase0010_T1_FLAIR,FLAIR
ISLES22,sub-strokecase0011,ISLES22_sub-strokecase0011_T1_FLAIR,FLAIR
ISLES22,sub-strokecase0012,ISLES22_sub-strokecase0012_T1_FLAIR,FLAIR
ISLES22,sub-strokecase0013,ISLES22_sub-strokecase0013_T1_FLAIR,FLAIR
ISLES22,sub-strokecase0014,ISLES22_sub-strokecase0014_T1_FLAIR,FLAIR
ISLES22,sub-strokecase0015,ISLES22_sub-strokecase0015_T1_FLAIR,FLAIR
ISLES22,sub-strokecase0016,ISLES22_sub-strokecase0016_T1_FLAIR,FLAIR
ISLES22,sub-strokecase0017,ISLES22_sub-strokecase0017_T1_FLAIR,FLAIR
ISLES22,sub-strokecase0018,ISLES22_sub-strokecase0018_T1_FLAIR,FLAIR
ISLES22,sub-strokecase0019,ISLES22_sub-strokecase0019_T1_FLAIR,FLAIR
ISLES22,sub-strokecase0020,ISLES22_sub-strokecase0020_T1_FLAIR,FLAIR
ISLES22,sub-strokecase0021,ISLES22_sub-strokecase0021_T1_FLAIR,FLAIR
ISLES22,sub-strokecase0022,ISLES22_sub-strokecase0022_T1_FLAIR,FLAIR
ISLES22,sub-strokecase0023,ISLES22_sub-strokecase0023_T1_FLAIR,FLAIR
ISLES22,sub-strokecase0024,ISLES22_sub-strokecase0024_T1_FLAIR,FLAIR
ISLES22,sub-strokecase0025,ISLES22_sub-strokecase0025_T1_FLAIR,FLAIR
ISLES22,sub-strokecase0026,ISLES22_sub-strokecase0026_T1_FLAIR,FLAIR
ISLES22,sub-strokecase0027,ISLES22_sub-strokecase0027_T1_FLAIR,FLAIR
ISLES22,sub-strokecase0028,ISLES22_sub-strokecase0028_T1_FLAIR,FLAIR
ISLES22,sub-strokecase0029,ISLES22_sub-strokecase0029_T1_FLAIR,FLAIR
ISLES22,sub-strokecase0030,ISLES22_sub-strokecase0030_T1_FLAIR,FLAIR
ISLES22,sub-strokecase0031,ISLES22_sub-strokecase0031_T1_FLAIR,FLAIR
ISLES22,sub-strokecase0032,ISLES22_sub-strokecase0032_T1_FLAIR,FLAIR
ISLES22,sub-strokecase0033,ISLES22_sub-strokecase0033_T1_FLAIR,FLAIR
ISLES22,sub-strokecase0034,ISLES22_sub-strokecase0034_T1_FLAIR,FLAIR
ISLES22,sub-strokecase0035,ISLES22_sub-strokecase0035_T1_FLAIR,FLAIR
ISLES22,sub-strokecase0036,ISLES22_sub-strokecase0036_T1_FLAIR,FLAIR
ISLES22,sub-strokecase0037,ISLES22_sub-strokecase0037_T1_FLAIR,FLAIR
ISLES22,sub-strokecase0038,ISLES22_sub-strokecase0038_T1_FLAIR,FLAIR
ISLES22,sub-strokecase0039,ISLES22_sub-strokecase0039_T1_FLAIR,FLAIR
ISLES22,sub-strokecase0040,ISLES22_sub-strokecase0040_T1_FLAIR,FLAIR
ISLES22,sub-strokecase0041,ISLES22_sub-strokecase0041_T1_FLAIR,FLAIR
ISLES22,sub-strokecase0042,ISLES22_sub-strokecase0042_T1_FLAIR,FLAIR
ISLES22,sub-strokecase0043,ISLES22_sub-strokecase0043_T1_FLAIR,FLAIR
ISLES22,sub-strokecase0044,ISLES22_sub-strokecase0044_T1_FLAIR,FLAIR
ISLES22,sub-strokecase0045,ISLES22_sub-strokecase0045_T1_FLAIR,FLAIR
ISLES22,sub-strokecase0046,ISLES22_sub-strokecase0046_T1_FLAIR,FLAIR
ISLES22,sub-strokecase0047,ISLES22_sub-strokecase0047_T1_FLAIR,FLAIR
ISLES22,sub-strokecase0048,ISLES22_sub-strokecase0048_T1_FLAIR,FLAIR
ISLES22,sub-strokecase0049,ISLES22_sub-strokecase0049_T1_FLAIR,FLAIR
ISLES22,sub-strokecase0050,ISLES22_sub-strokecase0050_T1_FLAIR,FLAIR
ISLES22,sub-strokecase0051,ISLES22_sub-strokecase0051_T1_FLAIR,FLAIR
ISLES22,sub-strokecase0052,ISLES22_sub-strokecase0052_T1_FLAIR,FLAIR
ISLES22,sub-strokecase0053,ISLES22_sub-strokecase0053_T1_FLAIR,FLAIR
ISLES22,sub-strokecase0054,ISLES22_sub-strokecase0054_T1_FLAIR,FLAIR
ISLES22,sub-strokecase0055,ISLES22_sub-strokecase0055_T1_FLAIR,FLAIR
ISLES22,sub-strokecase0056,ISLES22_sub-strokecase0056_T1_FLAIR,FLAIR
ISLES22,sub-strokecase0057,ISLES22_sub-strokecase0057_T1_FLAIR,FLAIR
ISLES22,sub-strokecase0058,ISLES22_sub-strokecase0058_T1_FLAIR,FLAIR
ISLES22,sub-strokecase0059,ISLES22_sub-strokecase0059_T1_FLAIR,FLAIR
ISLES22,sub-strokecase0060,ISLES22_sub-strokecase0060_T1_FLAIR,FLAIR
ISLES22,sub-strokecase0061,ISLES22_sub-strokecase0061_T1_FLAIR,FLAIR
ISLES22,sub-strokecase0062,ISLES22_sub-strokecase0062_T1_FLAIR,FLAIR
ISLES22,sub-strokecase0063,ISLES22_sub-strokecase0063_T1_FLAIR,FLAIR
ISLES22,sub-strokecase0064,ISLES22_sub-strokecase0064_T1_FLAIR,FLAIR
ISLES22,sub-strokecase0065,ISLES22_sub-strokecase0065_T1_FLAIR,FLAIR
ISLES22,sub-strokecase0066,ISLES22_sub-strokecase0066_T1_FLAIR,FLAIR
ISLES22,sub-strokecase0067,ISLES22_sub-strokecase0067_T1_FLAIR,FLAIR
ISLES22,sub-strokecase0068,ISLES22_sub-strokecase0068_T1_FLAIR,FLAIR
ISLES22,sub-strokecase0069,ISLES22_sub-strokecase0069_T1_FLAIR,FLAIR
ISLES22,sub-strokecase0070,ISLES22_sub-strokecase0070_T1_FLAIR,FLAIR
ISLES22,sub-strokecase0071,ISLES22_sub-strokecase0071_T1_FLAIR,FLAIR
ISLES22,sub-strokecase0072,ISLES22_sub-strokecase0072_T1_FLAIR,FLAIR
ISLES22,sub-strokecase0073,ISLES22_sub-strokecase0073_T1_FLAIR,FLAIR
ISLES22,sub-strokecase0074,ISLES22_sub-strokecase0074_T1_FLAIR,FLAIR
ISLES22,sub-strokecase0075,ISLES22_sub-strokecase0075_T1_FLAIR,FLAIR
ISLES22,sub-strokecase0076,ISLES22_sub-strokecase0076_T1_FLAIR,FLAIR
ISLES22,sub-strokecase0077,ISLES22_sub-strokecase0077_T1_FLAIR,FLAIR
ISLES22,sub-strokecase0078,ISLES22_sub-strokecase0078_T1_FLAIR,FLAIR
ISLES22,sub-strokecase0079,ISLES22_sub-strokecase0079_T1_FLAIR,FLAIR
ISLES22,sub-strokecase0080,ISLES22_sub-strokecase0080_T1_FLAIR,FLAIR
ISLES22,sub-strokecase0081,ISLES22_sub-strokecase0081_T1_FLAIR,FLAIR
ISLES22,sub-strokecase0082,ISLES22_sub-strokecase0082_T1_FLAIR,FLAIR
ISLES22,sub-strokecase0083,ISLES22_sub-strokecase0083_T1_FLAIR,FLAIR
ISLES22,sub-strokecase0084,ISLES22_sub-strokecase0084_T1_FLAIR,FLAIR
ISLES22,sub-strokecase0085,ISLES22_sub-strokecase0085_T1_FLAIR,FLAIR
ISLES22,sub-strokecase0086,ISLES22_sub-strokecase0086_T1_FLAIR,FLAIR
ISLES22,sub-strokecase0087,ISLES22_sub-strokecase0087_T1_FLAIR,FLAIR
ISLES22,sub-strokecase0088,ISLES22_sub-strokecase0088_T1_FLAIR,FLAIR
ISLES22,sub-strokecase0089,ISLES22_sub-strokecase0089_T1_FLAIR,FLAIR
ISLES22,sub-strokecase0090,ISLES22_sub-strokecase0090_T1_FLAIR,FLAIR
ISLES22,sub-strokecase0091,ISLES22_sub-strokecase0091_T1_FLAIR,FLAIR
ISLES22,sub-strokecase0092,ISLES22_sub-strokecase0092_T1_FLAIR,FLAIR
ISLES22,sub-strokecase0093,ISLES22_sub-strokecase0093_T1_FLAIR,FLAIR
ISLES22,sub-strokecase0094,ISLES22_sub-strokecase0094_T1_FLAIR,FLAIR
ISLES22,sub-strokecase0095,ISLES22_sub-strokecase0095_T1_FLAIR,FLAIR
ISLES22,sub-strokecase0096,ISLES22_sub-strokecase0096_T1_FLAIR,FLAIR
ISLES22,sub-strokecase0097,ISLES22_sub-strokecase0097_T1_FLAIR,FLAIR
ISLES22,sub-strokecase0098,ISLES22_sub-strokecase0098_T1_FLAIR,FLAIR
ISLES22,sub-strokecase0099,ISLES22_sub-strokecase0099_T1_FLAIR,FLAIR
ISLES22,sub-strokecase0100,ISLES22_sub-strokecase0100_T1_FLAIR,FLAIR
ISLES22,sub-strokecase0101,ISLES22_sub-strokecase0101_T1_FLAIR,FLAIR
ISLES22,sub-strokecase0102,ISLES22_sub-strokecase0102_T1_FLAIR,FLAIR
ISLES22,sub-strokecase0103,ISLES22_sub-strokecase0103_T1_FLAIR,FLAIR
ISLES22,sub-strokecase0104,ISLES22_sub-strokecase0104_T1_FLAIR,FLAIR
ISLES22,sub-strokecase0105,ISLES22_sub-strokecase0105_T1_FLAIR,FLAIR
ISLES22,sub-strokecase0106,ISLES22_sub-strokecase0106_T1_FLAIR,FLAIR
ISLES22,sub-strokecase0107,ISLES22_sub-strokecase0107_T1_FLAIR,FLAIR
ISLES22,sub-strokecase0108,ISLES22_sub-strokecase0108_T1_FLAIR,FLAIR
ISLES22,sub-strokecase0109,ISLES22_sub-strokecase0109_T1_FLAIR,FLAIR
ISLES22,sub-strokecase0110,ISLES22_sub-strokecase0110_T1_FLAIR,FLAIR
ISLES22,sub-strokecase0111,ISLES22_sub-strokecase0111_T1_FLAIR,FLAIR
ISLES22,sub-strokecase0112,ISLES22_sub-strokecase0112_T1_FLAIR,FLAIR
ISLES22,sub-strokecase0113,ISLES22_sub-strokecase0113_T1_FLAIR,FLAIR
ISLES22,sub-strokecase0114,ISLES22_sub-strokecase0114_T1_FLAIR,FLAIR
ISLES22,sub-strokecase0115,ISLES22_sub-strokecase0115_T1_FLAIR,FLAIR
ISLES22,sub-strokecase0116,ISLES22_sub-strokecase0116_T1_FLAIR,FLAIR
ISLES22,sub-strokecase0117,ISLES22_sub-strokecase0117_T1_FLAIR,FLAIR
ISLES22,sub-strokecase0118,ISLES22_sub-strokecase0118_T1_FLAIR,FLAIR
ISLES22,sub-strokecase0119,ISLES22_sub-strokecase0119_T1_FLAIR,FLAIR
ISLES22,sub-strokecase0120,ISLES22_sub-strokecase0120_T1_FLAIR,FLAIR
ISLES22,sub-strokecase0121,ISLES22_sub-strokecase0121_T1_FLAIR,FLAIR
ISLES22,sub-strokecase0122,ISLES22_sub-strokecase0122_T1_FLAIR,FLAIR
ISLES22,sub-strokecase0123,ISLES22_sub-strokecase0123_T1_FLAIR,FLAIR
ISLES22,sub-strokecase0124,ISLES22_sub-strokecase0124_T1_FLAIR,FLAIR
ISLES22,sub-strokecase0125,ISLES22_sub-strokecase0125_T1_FLAIR,FLAIR
ISLES22,sub-strokecase0126,ISLES22_sub-strokecase0126_T1_FLAIR,FLAIR
ISLES22,sub-strokecase0127,ISLES22_sub-strokecase0127_T1_FLAIR,FLAIR
ISLES22,sub-strokecase0128,ISLES22_sub-strokecase0128_T1_FLAIR,FLAIR
ISLES22,sub-strokecase0129,ISLES22_sub-strokecase0129_T1_FLAIR,FLAIR
ISLES22,sub-strokecase0130,ISLES22_sub-strokecase0130_T1_FLAIR,FLAIR
ISLES22,sub-strokecase0131,ISLES22_sub-strokecase0131_T1_FLAIR,FLAIR
ISLES22,sub-strokecase0132,ISLES22_sub-strokecase0132_T1_FLAIR,FLAIR
ISLES22,sub-strokecase0133,ISLES22_sub-strokecase0133_T1_FLAIR,FLAIR
ISLES22,sub-strokecase0134,ISLES22_sub-strokecase0134_T1_FLAIR,FLAIR
ISLES22,sub-strokecase0135,ISLES22_sub-strokecase0135_T1_FLAIR,FLAIR
ISLES22,sub-strokecase0136,ISLES22_sub-strokecase0136_T1_FLAIR,FLAIR
ISLES22,sub-strokecase0137,ISLES22_sub-strokecase0137_T1_FLAIR,FLAIR
ISLES22,sub-strokecase0138,ISLES22_sub-strokecase0138_T1_FLAIR,FLAIR
ISLES22,sub-strokecase0139,ISLES22_sub-strokecase0139_T1_FLAIR,FLAIR
ISLES22,sub-strokecase0140,ISLES22_sub-strokecase0140_T1_FLAIR,FLAIR
ISLES22,sub-strokecase0141,ISLES22_sub-strokecase0141_T1_FLAIR,FLAIR
ISLES22,sub-strokecase0142,ISLES22_sub-strokecase0142_T1_FLAIR,FLAIR
ISLES22,sub-strokecase0143,ISLES22_sub-strokecase0143_T1_FLAIR,FLAIR
ISLES22,sub-strokecase0144,ISLES22_sub-strokecase0144_T1_FLAIR,FLAIR
ISLES22,sub-strokecase0145,ISLES22_sub-strokecase0145_T1_FLAIR,FLAIR
ISLES22,sub-strokecase0146,ISLES22_sub-strokecase0146_T1_FLAIR,FLAIR
ISLES22,sub-strokecase0147,ISLES22_sub-strokecase0147_T1_FLAIR,FLAIR
ISLES22,sub-strokecase0148,ISLES22_sub-strokecase0148_T1_FLAIR,FLAIR
ISLES22,sub-strokecase0149,ISLES22_sub-strokecase0149_T1_FLAIR,FLAIR
ISLES22,sub-strokecase0150,ISLES22_sub-strokecase0150_T1_FLAIR,FLAIR
ISLES22,sub-strokecase0151,ISLES22_sub-strokecase0151_T1_FLAIR,FLAIR
ISLES22,sub-strokecase0152,ISLES22_sub-strokecase0152_T1_FLAIR,FLAIR
ISLES22,sub-strokecase0153,ISLES22_sub-strokecase0153_T1_FLAIR,FLAIR
ISLES22,sub-strokecase0154,ISLES22_sub-strokecase0154_T1_FLAIR,FLAIR
ISLES22,sub-strokecase0155,ISLES22_sub-strokecase0155_T1_FLAIR,FLAIR
ISLES22,sub-strokecase0156,ISLES22_sub-strokecase0156_T1_FLAIR,FLAIR
ISLES22,sub-strokecase0157,ISLES22_sub-strokecase0157_T1_FLAIR,FLAIR
ISLES22,sub-strokecase0158,ISLES22_sub-strokecase0158_T1_FLAIR,FLAIR
ISLES22,sub-strokecase0159,ISLES22_sub-strokecase0159_T1_FLAIR,FLAIR
ISLES22,sub-strokecase0160,ISLES22_sub-strokecase0160_T1_FLAIR,FLAIR
ISLES22,sub-strokecase0161,ISLES22_sub-strokecase0161_T1_FLAIR,FLAIR
ISLES22,sub-strokecase0162,ISLES22_sub-strokecase0162_T1_FLAIR,FLAIR
ISLES22,sub-strokecase0163,ISLES22_sub-strokecase0163_T1_FLAIR,FLAIR
ISLES22,sub-strokecase0164,ISLES22_sub-strokecase0164_T1_FLAIR,FLAIR
ISLES22,sub-strokecase0165,ISLES22_sub-strokecase0165_T1_FLAIR,FLAIR
ISLES22,sub-strokecase0166,ISLES22_sub-strokecase0166_T1_FLAIR,FLAIR
ISLES22,sub-strokecase0167,ISLES22_sub-strokecase0167_T1_FLAIR,FLAIR
ISLES22,sub-strokecase0168,ISLES22_sub-strokecase0168_T1_FLAIR,FLAIR
ISLES22,sub-strokecase0169,ISLES22_sub-strokecase0169_T1_FLAIR,FLAIR
ISLES22,sub-strokecase0170,ISLES22_sub-strokecase0170_T1_FLAIR,FLAIR
ISLES22,sub-strokecase0171,ISLES22_sub-strokecase0171_T1_FLAIR,FLAIR
ISLES22,sub-strokecase0172,ISLES22_sub-strokecase0172_T1_FLAIR,FLAIR
ISLES22,sub-strokecase0173,ISLES22_sub-strokecase0173_T1_FLAIR,FLAIR
ISLES22,sub-strokecase0174,ISLES22_sub-strokecase0174_T1_FLAIR,FLAIR
ISLES22,sub-strokecase0175,ISLES22_sub-strokecase0175_T1_FLAIR,FLAIR
ISLES22,sub-strokecase0176,ISLES22_sub-strokecase0176_T1_FLAIR,FLAIR
ISLES22,sub-strokecase0177,ISLES22_sub-strokecase0177_T1_FLAIR,FLAIR
ISLES22,sub-strokecase0178,ISLES22_sub-strokecase0178_T1_FLAIR,FLAIR
ISLES22,sub-strokecase0179,ISLES22_sub-strokecase0179_T1_FLAIR,FLAIR
ISLES22,sub-strokecase0180,ISLES22_sub-strokecase0180_T1_FLAIR,FLAIR
ISLES22,sub-strokecase0181,ISLES22_sub-strokecase0181_T1_FLAIR,FLAIR
ISLES22,sub-strokecase0182,ISLES22_sub-strokecase0182_T1_FLAIR,FLAIR
ISLES22,sub-strokecase0183,ISLES22_sub-strokecase0183_T1_FLAIR,FLAIR
ISLES22,sub-strokecase0184,ISLES22_sub-strokecase0184_T1_FLAIR,FLAIR
ISLES22,sub-strokecase0185,ISLES22_sub-strokecase0185_T1_FLAIR,FLAIR
ISLES22,sub-strokecase0186,ISLES22_sub-strokecase0186_T1_FLAIR,FLAIR
ISLES22,sub-strokecase0187,ISLES22_sub-strokecase0187_T1_FLAIR,FLAIR
ISLES22,sub-strokecase0188,ISLES22_sub-strokecase0188_T1_FLAIR,FLAIR
ISLES22,sub-strokecase0189,ISLES22_sub-strokecase0189_T1_FLAIR,FLAIR
ISLES22,sub-strokecase0190,ISLES22_sub-strokecase0190_T1_FLAIR,FLAIR
ISLES22,sub-strokecase0191,ISLES22_sub-strokecase0191_T1_FLAIR,FLAIR
ISLES22,sub-strokecase0192,ISLES22_sub-strokecase0192_T1_FLAIR,FLAIR
ISLES22,sub-strokecase0193,ISLES22_sub-strokecase0193_T1_FLAIR,FLAIR
ISLES22,sub-strokecase0194,ISLES22_sub-strokecase0194_T1_FLAIR,FLAIR
ISLES22,sub-strokecase0195,ISLES22_sub-strokecase0195_T1_FLAIR,FLAIR
ISLES22,sub-strokecase0196,ISLES22_sub-strokecase0196_T1_FLAIR,FLAIR
ISLES22,sub-strokecase0197,ISLES22_sub-strokecase0197_T1_FLAIR,FLAIR
ISLES22,sub-strokecase0198,ISLES22_sub-strokecase0198_T1_FLAIR,FLAIR
ISLES22,sub-strokecase0199,ISLES22_sub-strokecase0199_T1_FLAIR,FLAIR
ISLES22,sub-strokecase0200,ISLES22_sub-strokecase0200_T1_FLAIR,FLAIR
ISLES22,sub-strokecase0201,ISLES22_sub-strokecase0201_T1_FLAIR,FLAIR
ISLES22,sub-strokecase0202,ISLES22_sub-strokecase0202_T1_FLAIR,FLAIR
ISLES22,sub-strokecase0203,ISLES22_sub-strokecase0203_T1_FLAIR,FLAIR
ISLES22,sub-strokecase0204,ISLES22_sub-strokecase0204_T1_FLAIR,FLAIR
ISLES22,sub-strokecase0205,ISLES22_sub-strokecase0205_T1_FLAIR,FLAIR
ISLES22,sub-strokecase0206,ISLES22_sub-strokecase0206_T1_FLAIR,FLAIR
ISLES22,sub-strokecase0207,ISLES22_sub-strokecase0207_T1_FLAIR,FLAIR
ISLES22,sub-strokecase0208,ISLES22_sub-strokecase0208_T1_FLAIR,FLAIR
ISLES22,sub-strokecase0209,ISLES22_sub-strokecase0209_T1_FLAIR,FLAIR
ISLES22,sub-strokecase0210,ISLES22_sub-strokecase0210_T1_FLAIR,FLAIR
ISLES22,sub-strokecase0211,ISLES22_sub-strokecase0211_T1_FLAIR,FLAIR
ISLES22,sub-strokecase0212,ISLES22_sub-strokecase0212_T1_FLAIR,FLAIR
ISLES22,sub-strokecase0213,ISLES22_sub-strokecase0213_T1_FLAIR,FLAIR
ISLES22,sub-strokecase0214,ISLES22_sub-strokecase0214_T1_FLAIR,FLAIR
ISLES22,sub-strokecase0215,ISLES22_sub-strokecase0215_T1_FLAIR,FLAIR
ISLES22,sub-strokecase0216,ISLES22_sub-strokecase0216_T1_FLAIR,FLAIR
ISLES22,sub-strokecase0217,ISLES22_sub-strokecase0217_T1_FLAIR,FLAIR
ISLES22,sub-strokecase0218,ISLES22_sub-strokecase0218_T1_FLAIR,FLAIR
ISLES22,sub-strokecase0219,ISLES22_sub-strokecase0219_T1_FLAIR,FLAIR
ISLES22,sub-strokecase0220,ISLES22_sub-strokecase0220_T1_FLAIR,FLAIR
ISLES22,sub-strokecase0221,ISLES22_sub-strokecase0221_T1_FLAIR,FLAIR
ISLES22,sub-strokecase0222,ISLES22_sub-strokecase0222_T1_FLAIR,FLAIR
ISLES22,sub-strokecase0223,ISLES22_sub-strokecase0223_T1_FLAIR,FLAIR
ISLES22,sub-strokecase0224,ISLES22_sub-strokecase0224_T1_FLAIR,FLAIR
ISLES22,sub-strokecase0225,ISLES22_sub-strokecase0225_T1_FLAIR,FLAIR
ISLES22,sub-strokecase0226,ISLES22_sub-strokecase0226_T1_FLAIR,FLAIR
ISLES22,sub-strokecase0227,ISLES22_sub-strokecase0227_T1_FLAIR,FLAIR
ISLES22,sub-strokecase0228,ISLES22_sub-strokecase0228_T1_FLAIR,FLAIR
ISLES22,sub-strokecase0229,ISLES22_sub-strokecase0229_T1_FLAIR,FLAIR
ISLES22,sub-strokecase0230,ISLES22_sub-strokecase0230_T1_FLAIR,FLAIR
ISLES22,sub-strokecase0231,ISLES22_sub-strokecase0231_T1_FLAIR,FLAIR
ISLES22,sub-strokecase0232,ISLES22_sub-strokecase0232_T1_FLAIR,FLAIR
ISLES22,sub-strokecase0233,ISLES22_sub-strokecase0233_T1_FLAIR,FLAIR
ISLES22,sub-strokecase0234,ISLES22_sub-strokecase0234_T1_FLAIR,FLAIR
ISLES22,sub-strokecase0235,ISLES22_sub-strokecase0235_T1_FLAIR,FLAIR
ISLES22,sub-strokecase0236,ISLES22_sub-strokecase0236_T1_FLAIR,FLAIR
ISLES22,sub-strokecase0237,ISLES22_sub-strokecase0237_T1_FLAIR,FLAIR
ISLES22,sub-strokecase0238,ISLES22_sub-strokecase0238_T1_FLAIR,FLAIR
ISLES22,sub-strokecase0239,ISLES22_sub-strokecase0239_T1_FLAIR,FLAIR
ISLES22,sub-strokecase0240,ISLES22_sub-strokecase0240_T1_FLAIR,FLAIR
ISLES22,sub-strokecase0241,ISLES22_sub-strokecase0241_T1_FLAIR,FLAIR
ISLES22,sub-strokecase0242,ISLES22_sub-strokecase0242_T1_FLAIR,FLAIR
ISLES22,sub-strokecase0243,ISLES22_sub-strokecase0243_T1_FLAIR,FLAIR
ISLES22,sub-strokecase0244,ISLES22_sub-strokecase0244_T1_FLAIR,FLAIR
ISLES22,sub-strokecase0245,ISLES22_sub-strokecase0245_T1_FLAIR,FLAIR
ISLES22,sub-strokecase0246,ISLES22_sub-strokecase0246_T1_FLAIR,FLAIR
ISLES22,sub-strokecase0247,ISLES22_sub-strokecase0247_T1_FLAIR,FLAIR
ISLES22,sub-strokecase0248,ISLES22_sub-strokecase0248_T1_FLAIR,FLAIR
ISLES22,sub-strokecase0249,ISLES22_sub-strokecase0249_T1_FLAIR,FLAIR
ISLES22,sub-strokecase0250,ISLES22_sub-strokecase0250_T1_FLAIR,FLAIR
IXI,IXI017-Guys-0698,ixi_IXI017-Guys-0698_T1_pd,PD
IXI,IXI017-Guys-0698,ixi_IXI017-Guys-0698_T1_t1,T1
IXI,IXI017-Guys-0698,ixi_IXI017-Guys-0698_T1_t2,T2
IXI,IXI019-Guys-0702,ixi_IXI019-Guys-0702_T1_pd,PD
IXI,IXI019-Guys-0702,ixi_IXI019-Guys-0702_T1_t1,T1
IXI,IXI019-Guys-0702,ixi_IXI019-Guys-0702_T1_t2,T2
IXI,IXI024-Guys-0705,ixi_IXI024-Guys-0705_T1_pd,PD
IXI,IXI024-Guys-0705,ixi_IXI024-Guys-0705_T1_t1,T1
IXI,IXI024-Guys-0705,ixi_IXI024-Guys-0705_T1_t2,T2
IXI,IXI040-Guys-0724,ixi_IXI040-Guys-0724_T1_pd,PD
IXI,IXI040-Guys-0724,ixi_IXI040-Guys-0724_T1_t1,T1
IXI,IXI040-Guys-0724,ixi_IXI040-Guys-0724_T1_t2,T2
IXI,IXI045-Guys-0713,ixi_IXI045-Guys-0713_T1_pd,PD
IXI,IXI045-Guys-0713,ixi_IXI045-Guys-0713_T1_t1,T1
IXI,IXI045-Guys-0713,ixi_IXI045-Guys-0713_T1_t2,T2
IXI,IXI058-Guys-0726,ixi_IXI058-Guys-0726_T1_pd,PD
IXI,IXI058-Guys-0726,ixi_IXI058-Guys-0726_T1_t1,T1
IXI,IXI058-Guys-0726,ixi_IXI058-Guys-0726_T1_t2,T2
IXI,IXI062-Guys-0740,ixi_IXI062-Guys-0740_T1_pd,PD
IXI,IXI062-Guys-0740,ixi_IXI062-Guys-0740_T1_t1,T1
IXI,IXI062-Guys-0740,ixi_IXI062-Guys-0740_T1_t2,T2
IXI,IXI072-HH-2324,ixi_IXI072-HH-2324_T1_pd,PD
IXI,IXI072-HH-2324,ixi_IXI072-HH-2324_T1_t1,T1
IXI,IXI072-HH-2324,ixi_IXI072-HH-2324_T1_t2,T2
IXI,IXI083-HH-1357,ixi_IXI083-HH-1357_T1_pd,PD
IXI,IXI083-HH-1357,ixi_IXI083-HH-1357_T1_t1,T1
IXI,IXI083-HH-1357,ixi_IXI083-HH-1357_T1_t2,T2
IXI,IXI086-Guys-0728,ixi_IXI086-Guys-0728_T1_pd,PD
IXI,IXI086-Guys-0728,ixi_IXI086-Guys-0728_T1_t1,T1
IXI,IXI086-Guys-0728,ixi_IXI086-Guys-0728_T1_t2,T2
IXI,IXI109-Guys-0732,ixi_IXI109-Guys-0732_T1_pd,PD
IXI,IXI109-Guys-0732,ixi_IXI109-Guys-0732_T1_t1,T1
IXI,IXI109-Guys-0732,ixi_IXI109-Guys-0732_T1_t2,T2
IXI,IXI111-Guys-0734,ixi_IXI111-Guys-0734_T1_pd,PD
IXI,IXI111-Guys-0734,ixi_IXI111-Guys-0734_T1_t1,T1
IXI,IXI111-Guys-0734,ixi_IXI111-Guys-0734_T1_t2,T2
IXI,IXI113-Guys-0776,ixi_IXI113-Guys-0776_T1_pd,PD
IXI,IXI113-Guys-0776,ixi_IXI113-Guys-0776_T1_t1,T1
IXI,IXI113-Guys-0776,ixi_IXI113-Guys-0776_T1_t2,T2
IXI,IXI118-Guys-0764,ixi_IXI118-Guys-0764_T1_pd,PD
IXI,IXI118-Guys-0764,ixi_IXI118-Guys-0764_T1_t1,T1
IXI,IXI118-Guys-0764,ixi_IXI118-Guys-0764_T1_t2,T2
IXI,IXI140-Guys-0787,ixi_IXI140-Guys-0787_T1_pd,PD
IXI,IXI140-Guys-0787,ixi_IXI140-Guys-0787_T1_t1,T1
IXI,IXI140-Guys-0787,ixi_IXI140-Guys-0787_T1_t2,T2
IXI,IXI141-Guys-0789,ixi_IXI141-Guys-0789_T1_pd,PD
IXI,IXI141-Guys-0789,ixi_IXI141-Guys-0789_T1_t1,T1
IXI,IXI141-Guys-0789,ixi_IXI141-Guys-0789_T1_t2,T2
IXI,IXI143-Guys-0785,ixi_IXI143-Guys-0785_T1_pd,PD
IXI,IXI143-Guys-0785,ixi_IXI143-Guys-0785_T1_t1,T1
IXI,IXI143-Guys-0785,ixi_IXI143-Guys-0785_T1_t2,T2
IXI,IXI157-Guys-0816,ixi_IXI157-Guys-0816_T1_pd,PD
IXI,IXI157-Guys-0816,ixi_IXI157-Guys-0816_T1_t1,T1
IXI,IXI157-Guys-0816,ixi_IXI157-Guys-0816_T1_t2,T2
IXI,IXI159-HH-1549,ixi_IXI159-HH-1549_T1_pd,PD
IXI,IXI159-HH-1549,ixi_IXI159-HH-1549_T1_t1,T1
IXI,IXI159-HH-1549,ixi_IXI159-HH-1549_T1_t2,T2
IXI,IXI164-Guys-0844,ixi_IXI164-Guys-0844_T1_pd,PD
IXI,IXI164-Guys-0844,ixi_IXI164-Guys-0844_T1_t1,T1
IXI,IXI164-Guys-0844,ixi_IXI164-Guys-0844_T1_t2,T2
IXI,IXI165-HH-1589,ixi_IXI165-HH-1589_T1_pd,PD
IXI,IXI165-HH-1589,ixi_IXI165-HH-1589_T1_t1,T1
IXI,IXI165-HH-1589,ixi_IXI165-HH-1589_T1_t2,T2
IXI,IXI184-Guys-0794,ixi_IXI184-Guys-0794_T1_pd,PD
IXI,IXI184-Guys-0794,ixi_IXI184-Guys-0794_T1_t1,T1
IXI,IXI184-Guys-0794,ixi_IXI184-Guys-0794_T1_t2,T2
IXI,IXI193-Guys-0810,ixi_IXI193-Guys-0810_T1_pd,PD
IXI,IXI193-Guys-0810,ixi_IXI193-Guys-0810_T1_t1,T1
IXI,IXI193-Guys-0810,ixi_IXI193-Guys-0810_T1_t2,T2
IXI,IXI201-HH-1588,ixi_IXI201-HH-1588_T1_pd,PD
IXI,IXI201-HH-1588,ixi_IXI201-HH-1588_T1_t1,T1
IXI,IXI201-HH-1588,ixi_IXI201-HH-1588_T1_t2,T2
IXI,IXI204-HH-1651,ixi_IXI204-HH-1651_T1_pd,PD
IXI,IXI204-HH-1651,ixi_IXI204-HH-1651_T1_t1,T1
IXI,IXI204-HH-1651,ixi_IXI204-HH-1651_T1_t2,T2
IXI,IXI206-HH-1650,ixi_IXI206-HH-1650_T1_pd,PD
IXI,IXI206-HH-1650,ixi_IXI206-HH-1650_T1_t1,T1
IXI,IXI206-HH-1650,ixi_IXI206-HH-1650_T1_t2,T2
IXI,IXI214-HH-1636,ixi_IXI214-HH-1636_T1_pd,PD
IXI,IXI214-HH-1636,ixi_IXI214-HH-1636_T1_t1,T1
IXI,IXI214-HH-1636,ixi_IXI214-HH-1636_T1_t2,T2
IXI,IXI218-HH-1815,ixi_IXI218-HH-1815_T1_pd,PD
IXI,IXI218-HH-1815,ixi_IXI218-HH-1815_T1_t1,T1
IXI,IXI218-HH-1815,ixi_IXI218-HH-1815_T1_t2,T2
IXI,IXI234-IOP-0870,ixi_IXI234-IOP-0870_T1_pd,PD
IXI,IXI234-IOP-0870,ixi_IXI234-IOP-0870_T1_t1,T1
IXI,IXI234-IOP-0870,ixi_IXI234-IOP-0870_T1_t2,T2
IXI,IXI236-Guys-0817,ixi_IXI236-Guys-0817_T1_pd,PD
IXI,IXI236-Guys-0817,ixi_IXI236-Guys-0817_T1_t1,T1
IXI,IXI236-Guys-0817,ixi_IXI236-Guys-0817_T1_t2,T2
IXI,IXI241-Guys-0833,ixi_IXI241-Guys-0833_T1_pd,PD
IXI,IXI241-Guys-0833,ixi_IXI241-Guys-0833_T1_t1,T1
IXI,IXI241-Guys-0833,ixi_IXI241-Guys-0833_T1_t2,T2
IXI,IXI242-HH-1722,ixi_IXI242-HH-1722_T1_pd,PD
IXI,IXI242-HH-1722,ixi_IXI242-HH-1722_T1_t1,T1
IXI,IXI242-HH-1722,ixi_IXI242-HH-1722_T1_t2,T2
IXI,IXI244-Guys-0841,ixi_IXI244-Guys-0841_T1_pd,PD
IXI,IXI244-Guys-0841,ixi_IXI244-Guys-0841_T1_t1,T1
IXI,IXI244-Guys-0841,ixi_IXI244-Guys-0841_T1_t2,T2
IXI,IXI248-HH-1972,ixi_IXI248-HH-1972_T1_pd,PD
IXI,IXI248-HH-1972,ixi_IXI248-HH-1972_T1_t1,T1
IXI,IXI248-HH-1972,ixi_IXI248-HH-1972_T1_t2,T2
IXI,IXI259-HH-1804,ixi_IXI259-HH-1804_T1_pd,PD
IXI,IXI259-HH-1804,ixi_IXI259-HH-1804_T1_t1,T1
IXI,IXI259-HH-1804,ixi_IXI259-HH-1804_T1_t2,T2
IXI,IXI275-HH-1803,ixi_IXI275-HH-1803_T1_pd,PD
IXI,IXI275-HH-1803,ixi_IXI275-HH-1803_T1_t1,T1
IXI,IXI275-HH-1803,ixi_IXI275-HH-1803_T1_t2,T2
IXI,IXI302-HH-1883,ixi_IXI302-HH-1883_T1_pd,PD
IXI,IXI302-HH-1883,ixi_IXI302-HH-1883_T1_t1,T1
IXI,IXI302-HH-1883,ixi_IXI302-HH-1883_T1_t2,T2
IXI,IXI310-IOP-0890,ixi_IXI310-IOP-0890_T1_pd,PD
IXI,IXI310-IOP-0890,ixi_IXI310-IOP-0890_T1_t1,T1
IXI,IXI310-IOP-0890,ixi_IXI310-IOP-0890_T1_t2,T2
IXI,IXI314-IOP-0889,ixi_IXI314-IOP-0889_T1_pd,PD
IXI,IXI314-IOP-0889,ixi_IXI314-IOP-0889_T1_t1,T1
IXI,IXI314-IOP-0889,ixi_IXI314-IOP-0889_T1_t2,T2
IXI,IXI317-Guys-0896,ixi_IXI317-Guys-0896_T1_pd,PD
IXI,IXI317-Guys-0896,ixi_IXI317-Guys-0896_T1_t1,T1
IXI,IXI317-Guys-0896,ixi_IXI317-Guys-0896_T1_t2,T2
IXI,IXI319-Guys-0901,ixi_IXI319-Guys-0901_T1_pd,PD
IXI,IXI319-Guys-0901,ixi_IXI319-Guys-0901_T1_t1,T1
IXI,IXI319-Guys-0901,ixi_IXI319-Guys-0901_T1_t2,T2
IXI,IXI321-Guys-0903,ixi_IXI321-Guys-0903_T1_pd,PD
IXI,IXI321-Guys-0903,ixi_IXI321-Guys-0903_T1_t1,T1
IXI,IXI321-Guys-0903,ixi_IXI321-Guys-0903_T1_t2,T2
IXI,IXI324-Guys-0922,ixi_IXI324-Guys-0922_T1_pd,PD
IXI,IXI324-Guys-0922,ixi_IXI324-Guys-0922_T1_t1,T1
IXI,IXI324-Guys-0922,ixi_IXI324-Guys-0922_T1_t2,T2
IXI,IXI331-IOP-0892,ixi_IXI331-IOP-0892_T1_pd,PD
IXI,IXI331-IOP-0892,ixi_IXI331-IOP-0892_T1_t1,T1
IXI,IXI331-IOP-0892,ixi_IXI331-IOP-0892_T1_t2,T2
IXI,IXI335-HH-1906,ixi_IXI335-HH-1906_T1_pd,PD
IXI,IXI335-HH-1906,ixi_IXI335-HH-1906_T1_t1,T1
IXI,IXI335-HH-1906,ixi_IXI335-HH-1906_T1_t2,T2
IXI,IXI340-IOP-0915,ixi_IXI340-IOP-0915_T1_pd,PD
IXI,IXI340-IOP-0915,ixi_IXI340-IOP-0915_T1_t1,T1
IXI,IXI340-IOP-0915,ixi_IXI340-IOP-0915_T1_t2,T2
IXI,IXI353-HH-1996,ixi_IXI353-HH-1996_T1_pd,PD
IXI,IXI353-HH-1996,ixi_IXI353-HH-1996_T1_t1,T1
IXI,IXI353-HH-1996,ixi_IXI353-HH-1996_T1_t2,T2
IXI,IXI359-Guys-0918,ixi_IXI359-Guys-0918_T1_pd,PD
IXI,IXI359-Guys-0918,ixi_IXI359-Guys-0918_T1_t1,T1
IXI,IXI359-Guys-0918,ixi_IXI359-Guys-0918_T1_t2,T2
IXI,IXI365-Guys-0923,ixi_IXI365-Guys-0923_T1_pd,PD
IXI,IXI365-Guys-0923,ixi_IXI365-Guys-0923_T1_t1,T1
IXI,IXI365-Guys-0923,ixi_IXI365-Guys-0923_T1_t2,T2
IXI,IXI369-Guys-0924,ixi_IXI369-Guys-0924_T1_pd,PD
IXI,IXI369-Guys-0924,ixi_IXI369-Guys-0924_T1_t1,T1
IXI,IXI369-Guys-0924,ixi_IXI369-Guys-0924_T1_t2,T2
IXI,IXI379-Guys-0943,ixi_IXI379-Guys-0943_T1_pd,PD
IXI,IXI379-Guys-0943,ixi_IXI379-Guys-0943_T1_t1,T1
IXI,IXI379-Guys-0943,ixi_IXI379-Guys-0943_T1_t2,T2
IXI,IXI387-HH-2101,ixi_IXI387-HH-2101_T1_pd,PD
IXI,IXI387-HH-2101,ixi_IXI387-HH-2101_T1_t1,T1
IXI,IXI387-HH-2101,ixi_IXI387-HH-2101_T1_t2,T2
IXI,IXI392-Guys-1064,ixi_IXI392-Guys-1064_T1_pd,PD
IXI,IXI392-Guys-1064,ixi_IXI392-Guys-1064_T1_t1,T1
IXI,IXI392-Guys-1064,ixi_IXI392-Guys-1064_T1_t2,T2
IXI,IXI397-Guys-0953,ixi_IXI397-Guys-0953_T1_pd,PD
IXI,IXI397-Guys-0953,ixi_IXI397-Guys-0953_T1_t1,T1
IXI,IXI397-Guys-0953,ixi_IXI397-Guys-0953_T1_t2,T2
IXI,IXI398-Guys-0952,ixi_IXI398-Guys-0952_T1_pd,PD
IXI,IXI398-Guys-0952,ixi_IXI398-Guys-0952_T1_t1,T1
IXI,IXI398-Guys-0952,ixi_IXI398-Guys-0952_T1_t2,T2
IXI,IXI401-Guys-0978,ixi_IXI401-Guys-0978_T1_pd,PD
IXI,IXI401-Guys-0978,ixi_IXI401-Guys-0978_T1_t1,T1
IXI,IXI401-Guys-0978,ixi_IXI401-Guys-0978_T1_t2,T2
IXI,IXI408-Guys-0962,ixi_IXI408-Guys-0962_T1_pd,PD
IXI,IXI408-Guys-0962,ixi_IXI408-Guys-0962_T1_t1,T1
IXI,IXI408-Guys-0962,ixi_IXI408-Guys-0962_T1_t2,T2
IXI,IXI410-Guys-0958,ixi_IXI410-Guys-0958_T1_pd,PD
IXI,IXI410-Guys-0958,ixi_IXI410-Guys-0958_T1_t1,T1
IXI,IXI410-Guys-0958,ixi_IXI410-Guys-0958_T1_t2,T2
IXI,IXI411-Guys-0959,ixi_IXI411-Guys-0959_T1_pd,PD
IXI,IXI411-Guys-0959,ixi_IXI411-Guys-0959_T1_t1,T1
IXI,IXI411-Guys-0959,ixi_IXI411-Guys-0959_T1_t2,T2
IXI,IXI424-IOP-0991,ixi_IXI424-IOP-0991_T1_pd,PD
IXI,IXI424-IOP-0991,ixi_IXI424-IOP-0991_T1_t1,T1
IXI,IXI424-IOP-0991,ixi_IXI424-IOP-0991_T1_t2,T2
IXI,IXI425-IOP-0988,ixi_IXI425-IOP-0988_T1_pd,PD
IXI,IXI425-IOP-0988,ixi_IXI425-IOP-0988_T1_t1,T1
IXI,IXI425-IOP-0988,ixi_IXI425-IOP-0988_T1_t2,T2
IXI,IXI426-IOP-1011,ixi_IXI426-IOP-1011_T1_pd,PD
IXI,IXI426-IOP-1011,ixi_IXI426-IOP-1011_T1_t1,T1
IXI,IXI426-IOP-1011,ixi_IXI426-IOP-1011_T1_t2,T2
IXI,IXI427-IOP-1012,ixi_IXI427-IOP-1012_T1_pd,PD
IXI,IXI427-IOP-1012,ixi_IXI427-IOP-1012_T1_t1,T1
IXI,IXI427-IOP-1012,ixi_IXI427-IOP-1012_T1_t2,T2
IXI,IXI433-IOP-0989,ixi_IXI433-IOP-0989_T1_pd,PD
IXI,IXI433-IOP-0989,ixi_IXI433-IOP-0989_T1_t1,T1
IXI,IXI433-IOP-0989,ixi_IXI433-IOP-0989_T1_t2,T2
IXI,IXI434-IOP-1010,ixi_IXI434-IOP-1010_T1_pd,PD
IXI,IXI434-IOP-1010,ixi_IXI434-IOP-1010_T1_t1,T1
IXI,IXI434-IOP-1010,ixi_IXI434-IOP-1010_T1_t2,T2
IXI,IXI450-Guys-1093,ixi_IXI450-Guys-1093_T1_pd,PD
IXI,IXI450-Guys-1093,ixi_IXI450-Guys-1093_T1_t1,T1
IXI,IXI450-Guys-1093,ixi_IXI450-Guys-1093_T1_t2,T2
IXI,IXI457-Guys-0984,ixi_IXI457-Guys-0984_T1_pd,PD
IXI,IXI457-Guys-0984,ixi_IXI457-Guys-0984_T1_t1,T1
IXI,IXI457-Guys-0984,ixi_IXI457-Guys-0984_T1_t2,T2
IXI,IXI468-Guys-0985,ixi_IXI468-Guys-0985_T1_pd,PD
IXI,IXI468-Guys-0985,ixi_IXI468-Guys-0985_T1_t1,T1
IXI,IXI468-Guys-0985,ixi_IXI468-Guys-0985_T1_t2,T2
IXI,IXI474-IOP-1138,ixi_IXI474-IOP-1138_T1_pd,PD
IXI,IXI474-IOP-1138,ixi_IXI474-IOP-1138_T1_t1,T1
IXI,IXI474-IOP-1138,ixi_IXI474-IOP-1138_T1_t2,T2
IXI,IXI477-IOP-1141,ixi_IXI477-IOP-1141_T1_pd,PD
IXI,IXI477-IOP-1141,ixi_IXI477-IOP-1141_T1_t1,T1
IXI,IXI477-IOP-1141,ixi_IXI477-IOP-1141_T1_t2,T2
IXI,IXI479-Guys-1034,ixi_IXI479-Guys-1034_T1_pd,PD
IXI,IXI479-Guys-1034,ixi_IXI479-Guys-1034_T1_t1,T1
IXI,IXI479-Guys-1034,ixi_IXI479-Guys-1034_T1_t2,T2
IXI,IXI480-Guys-1033,ixi_IXI480-Guys-1033_T1_pd,PD
IXI,IXI480-Guys-1033,ixi_IXI480-Guys-1033_T1_t1,T1
IXI,IXI480-Guys-1033,ixi_IXI480-Guys-1033_T1_t2,T2
IXI,IXI481-HH-2175,ixi_IXI481-HH-2175_T1_pd,PD
IXI,IXI481-HH-2175,ixi_IXI481-HH-2175_T1_t1,T1
IXI,IXI481-HH-2175,ixi_IXI481-HH-2175_T1_t2,T2
IXI,IXI483-HH-2177,ixi_IXI483-HH-2177_T1_pd,PD
IXI,IXI483-HH-2177,ixi_IXI483-HH-2177_T1_t1,T1
IXI,IXI483-HH-2177,ixi_IXI483-HH-2177_T1_t2,T2
IXI,IXI486-Guys-1005,ixi_IXI486-Guys-1005_T1_pd,PD
IXI,IXI486-Guys-1005,ixi_IXI486-Guys-1005_T1_t1,T1
IXI,IXI486-Guys-1005,ixi_IXI486-Guys-1005_T1_t2,T2
IXI,IXI489-Guys-1014,ixi_IXI489-Guys-1014_T1_pd,PD
IXI,IXI489-Guys-1014,ixi_IXI489-Guys-1014_T1_t1,T1
IXI,IXI489-Guys-1014,ixi_IXI489-Guys-1014_T1_t2,T2
IXI,IXI492-Guys-1022,ixi_IXI492-Guys-1022_T1_pd,PD
IXI,IXI492-Guys-1022,ixi_IXI492-Guys-1022_T1_t1,T1
IXI,IXI492-Guys-1022,ixi_IXI492-Guys-1022_T1_t2,T2
IXI,IXI501-Guys-1016,ixi_IXI501-Guys-1016_T1_pd,PD
IXI,IXI501-Guys-1016,ixi_IXI501-Guys-1016_T1_t1,T1
IXI,IXI501-Guys-1016,ixi_IXI501-Guys-1016_T1_t2,T2
IXI,IXI512-Guys-1054,ixi_IXI512-Guys-1054_T1_pd,PD
IXI,IXI512-Guys-1054,ixi_IXI512-Guys-1054_T1_t1,T1
IXI,IXI512-Guys-1054,ixi_IXI512-Guys-1054_T1_t2,T2
IXI,IXI523-Guys-1056,ixi_IXI523-Guys-1056_T1_pd,PD
IXI,IXI523-Guys-1056,ixi_IXI523-Guys-1056_T1_t1,T1
IXI,IXI523-Guys-1056,ixi_IXI523-Guys-1056_T1_t2,T2
IXI,IXI528-Guys-1073,ixi_IXI528-Guys-1073_T1_pd,PD
IXI,IXI528-Guys-1073,ixi_IXI528-Guys-1073_T1_t1,T1
IXI,IXI528-Guys-1073,ixi_IXI528-Guys-1073_T1_t2,T2
IXI,IXI531-Guys-1057,ixi_IXI531-Guys-1057_T1_pd,PD
IXI,IXI531-Guys-1057,ixi_IXI531-Guys-1057_T1_t1,T1
IXI,IXI531-Guys-1057,ixi_IXI531-Guys-1057_T1_t2,T2
IXI,IXI542-IOP-1147,ixi_IXI542-IOP-1147_T1_pd,PD
IXI,IXI542-IOP-1147,ixi_IXI542-IOP-1147_T1_t1,T1
IXI,IXI542-IOP-1147,ixi_IXI542-IOP-1147_T1_t2,T2
IXI,IXI546-HH-2450,ixi_IXI546-HH-2450_T1_pd,PD
IXI,IXI546-HH-2450,ixi_IXI546-HH-2450_T1_t1,T1
IXI,IXI546-HH-2450,ixi_IXI546-HH-2450_T1_t2,T2
IXI,IXI548-IOP-1150,ixi_IXI548-IOP-1150_T1_pd,PD
IXI,IXI548-IOP-1150,ixi_IXI548-IOP-1150_T1_t1,T1
IXI,IXI548-IOP-1150,ixi_IXI548-IOP-1150_T1_t2,T2
IXI,IXI550-Guys-1069,ixi_IXI550-Guys-1069_T1_pd,PD
IXI,IXI550-Guys-1069,ixi_IXI550-Guys-1069_T1_t1,T1
IXI,IXI550-Guys-1069,ixi_IXI550-Guys-1069_T1_t2,T2
IXI,IXI551-Guys-1065,ixi_IXI551-Guys-1065_T1_pd,PD
IXI,IXI551-Guys-1065,ixi_IXI551-Guys-1065_T1_t1,T1
IXI,IXI551-Guys-1065,ixi_IXI551-Guys-1065_T1_t2,T2
IXI,IXI558-Guys-1079,ixi_IXI558-Guys-1079_T1_pd,PD
IXI,IXI558-Guys-1079,ixi_IXI558-Guys-1079_T1_t1,T1
IXI,IXI558-Guys-1079,ixi_IXI558-Guys-1079_T1_t2,T2
IXI,IXI560-Guys-1070,ixi_IXI560-Guys-1070_T1_pd,PD
IXI,IXI560-Guys-1070,ixi_IXI560-Guys-1070_T1_t1,T1
IXI,IXI560-Guys-1070,ixi_IXI560-Guys-1070_T1_t2,T2
IXI,IXI561-IOP-1152,ixi_IXI561-IOP-1152_T1_pd,PD
IXI,IXI561-IOP-1152,ixi_IXI561-IOP-1152_T1_t1,T1
IXI,IXI561-IOP-1152,ixi_IXI561-IOP-1152_T1_t2,T2
IXI,IXI562-Guys-1131,ixi_IXI562-Guys-1131_T1_pd,PD
IXI,IXI562-Guys-1131,ixi_IXI562-Guys-1131_T1_t1,T1
IXI,IXI562-Guys-1131,ixi_IXI562-Guys-1131_T1_t2,T2
IXI,IXI567-HH-2536,ixi_IXI567-HH-2536_T1_pd,PD
IXI,IXI567-HH-2536,ixi_IXI567-HH-2536_T1_t1,T1
IXI,IXI567-HH-2536,ixi_IXI567-HH-2536_T1_t2,T2
IXI,IXI586-HH-2451,ixi_IXI586-HH-2451_T1_pd,PD
IXI,IXI586-HH-2451,ixi_IXI586-HH-2451_T1_t1,T1
IXI,IXI586-HH-2451,ixi_IXI586-HH-2451_T1_t2,T2
IXI,IXI588-IOP-1158,ixi_IXI588-IOP-1158_T1_pd,PD
IXI,IXI588-IOP-1158,ixi_IXI588-IOP-1158_T1_t1,T1
IXI,IXI588-IOP-1158,ixi_IXI588-IOP-1158_T1_t2,T2
IXI,IXI593-Guys-1109,ixi_IXI593-Guys-1109_T1_pd,PD
IXI,IXI593-Guys-1109,ixi_IXI593-Guys-1109_T1_t1,T1
IXI,IXI593-Guys-1109,ixi_IXI593-Guys-1109_T1_t2,T2
IXI,IXI594-Guys-1089,ixi_IXI594-Guys-1089_T1_pd,PD
IXI,IXI594-Guys-1089,ixi_IXI594-Guys-1089_T1_t1,T1
IXI,IXI594-Guys-1089,ixi_IXI594-Guys-1089_T1_t2,T2
IXI,IXI606-HH-2601,ixi_IXI606-HH-2601_T1_pd,PD
IXI,IXI606-HH-2601,ixi_IXI606-HH-2601_T1_t1,T1
IXI,IXI606-HH-2601,ixi_IXI606-HH-2601_T1_t2,T2
IXI,IXI625-Guys-1098,ixi_IXI625-Guys-1098_T1_pd,PD
IXI,IXI625-Guys-1098,ixi_IXI625-Guys-1098_T1_t1,T1
IXI,IXI625-Guys-1098,ixi_IXI625-Guys-1098_T1_t2,T2
IXI,IXI626-Guys-1094,ixi_IXI626-Guys-1094_T1_pd,PD
IXI,IXI626-Guys-1094,ixi_IXI626-Guys-1094_T1_t1,T1
IXI,IXI626-Guys-1094,ixi_IXI626-Guys-1094_T1_t2,T2
IXI,IXI630-Guys-1108,ixi_IXI630-Guys-1108_T1_pd,PD
IXI,IXI630-Guys-1108,ixi_IXI630-Guys-1108_T1_t1,T1
IXI,IXI630-Guys-1108,ixi_IXI630-Guys-1108_T1_t2,T2
MS-60,1,MS60_1_Flair,FLAIR
MS-60,1,MS60_1_T1,T1
MS-60,1,MS60_1_T2,T2
MS-60,10,MS60_10_Flair,FLAIR
MS-60,10,MS60_10_T1,T1
MS-60,10,MS60_10_T2,T2
MS-60,11,MS60_11_Flair,FLAIR
MS-60,11,MS60_11_T1,T1
MS-60,11,MS60_11_T2,T2
MS-60,12,MS60_12_Flair,FLAIR
MS-60,12,MS60_12_T1,T1
MS-60,12,MS60_12_T2,T2
MS-60,13,MS60_13_Flair,FLAIR
MS-60,13,MS60_13_T1,T1
MS-60,13,MS60_13_T2,T2
MS-60,14,MS60_14_Flair,FLAIR
MS-60,14,MS60_14_T1,T1
MS-60,14,MS60_14_T2,T2
MS-60,15,MS60_15_Flair,FLAIR
MS-60,15,MS60_15_T1,T1
MS-60,15,MS60_15_T2,T2
MS-60,16,MS60_16_Flair,FLAIR
MS-60,16,MS60_16_T1,T1
MS-60,16,MS60_16_T2,T2
MS-60,17,MS60_17_Flair,FLAIR
MS-60,17,MS60_17_T1,T1
MS-60,17,MS60_17_T2,T2
MS-60,18,MS60_18_Flair,FLAIR
MS-60,18,MS60_18_T1,T1
MS-60,18,MS60_18_T2,T2
MS-60,19,MS60_19_Flair,FLAIR
MS-60,19,MS60_19_T1,T1
MS-60,19,MS60_19_T2,T2
MS-60,2,MS60_2_Flair,FLAIR
MS-60,2,MS60_2_T1,T1
MS-60,2,MS60_2_T2,T2
MS-60,20,MS60_20_Flair,FLAIR
MS-60,20,MS60_20_T1,T1
MS-60,20,MS60_20_T2,T2
MS-60,21,MS60_21_Flair,FLAIR
MS-60,21,MS60_21_T1,T1
MS-60,21,MS60_21_T2,T2
MS-60,22,MS60_22_Flair,FLAIR
MS-60,22,MS60_22_T1,T1
MS-60,22,MS60_22_T2,T2
MS-60,23,MS60_23_Flair,FLAIR
MS-60,23,MS60_23_T1,T1
MS-60,23,MS60_23_T2,T2
MS-60,24,MS60_24_Flair,FLAIR
MS-60,24,MS60_24_T1,T1
MS-60,24,MS60_24_T2,T2
MS-60,25,MS60_25_Flair,FLAIR
MS-60,25,MS60_25_T1,T1
MS-60,25,MS60_25_T2,T2
MS-60,26,MS60_26_Flair,FLAIR
MS-60,26,MS60_26_T1,T1
MS-60,26,MS60_26_T2,T2
MS-60,27,MS60_27_Flair,FLAIR
MS-60,27,MS60_27_T1,T1
MS-60,27,MS60_27_T2,T2
MS-60,28,MS60_28_Flair,FLAIR
MS-60,28,MS60_28_T1,T1
MS-60,28,MS60_28_T2,T2
MS-60,29,MS60_29_Flair,FLAIR
MS-60,29,MS60_29_T1,T1
MS-60,29,MS60_29_T2,T2
MS-60,3,MS60_3_Flair,FLAIR
MS-60,3,MS60_3_T1,T1
MS-60,3,MS60_3_T2,T2
MS-60,30,MS60_30_Flair,FLAIR
MS-60,30,MS60_30_T1,T1
MS-60,30,MS60_30_T2,T2
MS-60,31,MS60_31_Flair,FLAIR
MS-60,31,MS60_31_T1,T1
MS-60,31,MS60_31_T2,T2
MS-60,32,MS60_32_Flair,FLAIR
MS-60,32,MS60_32_T1,T1
MS-60,32,MS60_32_T2,T2
MS-60,33,MS60_33_Flair,FLAIR
MS-60,33,MS60_33_T1,T1
MS-60,33,MS60_33_T2,T2
MS-60,34,MS60_34_Flair,FLAIR
MS-60,34,MS60_34_T1,T1
MS-60,34,MS60_34_T2,T2
MS-60,35,MS60_35_Flair,FLAIR
MS-60,35,MS60_35_T1,T1
MS-60,35,MS60_35_T2,T2
MS-60,36,MS60_36_Flair,FLAIR
MS-60,36,MS60_36_T1,T1
MS-60,36,MS60_36_T2,T2
MS-60,37,MS60_37_Flair,FLAIR
MS-60,37,MS60_37_T1,T1
MS-60,37,MS60_37_T2,T2
MS-60,38,MS60_38_Flair,FLAIR
MS-60,38,MS60_38_T1,T1
MS-60,38,MS60_38_T2,T2
MS-60,39,MS60_39_Flair,FLAIR
MS-60,39,MS60_39_T1,T1
MS-60,39,MS60_39_T2,T2
MS-60,4,MS60_4_Flair,FLAIR
MS-60,4,MS60_4_T1,T1
MS-60,4,MS60_4_T2,T2
MS-60,40,MS60_40_Flair,FLAIR
MS-60,40,MS60_40_T1,T1
MS-60,40,MS60_40_T2,T2
MS-60,41,MS60_41_Flair,FLAIR
MS-60,41,MS60_41_T1,T1
MS-60,41,MS60_41_T2,T2
MS-60,42,MS60_42_Flair,FLAIR
MS-60,42,MS60_42_T1,T1
MS-60,42,MS60_42_T2,T2
MS-60,43,MS60_43_Flair,FLAIR
MS-60,43,MS60_43_T1,T1
MS-60,43,MS60_43_T2,T2
MS-60,44,MS60_44_Flair,FLAIR
MS-60,44,MS60_44_T1,T1
MS-60,44,MS60_44_T2,T2
MS-60,45,MS60_45_Flair,FLAIR
MS-60,45,MS60_45_T1,T1
MS-60,45,MS60_45_T2,T2
MS-60,46,MS60_46_Flair,FLAIR
MS-60,46,MS60_46_T1,T1
MS-60,46,MS60_46_T2,T2
MS-60,47,MS60_47_Flair,FLAIR
MS-60,47,MS60_47_T1,T1
MS-60,47,MS60_47_T2,T2
MS-60,48,MS60_48_Flair,FLAIR
MS-60,48,MS60_48_T1,T1
MS-60,48,MS60_48_T2,T2
MS-60,49,MS60_49_Flair,FLAIR
MS-60,49,MS60_49_T1,T1
MS-60,49,MS60_49_T2,T2
MS-60,5,MS60_5_Flair,FLAIR
MS-60,5,MS60_5_T1,T1
MS-60,5,MS60_5_T2,T2
MS-60,50,MS60_50_Flair,FLAIR
MS-60,50,MS60_50_T1,T1
MS-60,50,MS60_50_T2,T2
MS-60,51,MS60_51_Flair,FLAIR
MS-60,51,MS60_51_T1,T1
MS-60,51,MS60_51_T2,T2
MS-60,52,MS60_52_Flair,FLAIR
MS-60,52,MS60_52_T1,T1
MS-60,52,MS60_52_T2,T2
MS-60,53,MS60_53_Flair,FLAIR
MS-60,53,MS60_53_T1,T1
MS-60,53,MS60_53_T2,T2
MS-60,54,MS60_54_Flair,FLAIR
MS-60,54,MS60_54_T1,T1
MS-60,54,MS60_54_T2,T2
MS-60,55,MS60_55_Flair,FLAIR
MS-60,55,MS60_55_T1,T1
MS-60,55,MS60_55_T2,T2
MS-60,56,MS60_56_Flair,FLAIR
MS-60,56,MS60_56_T1,T1
MS-60,56,MS60_56_T2,T2
MS-60,57,MS60_57_Flair,FLAIR
MS-60,57,MS60_57_T1,T1
MS-60,57,MS60_57_T2,T2
MS-60,58,MS60_58_Flair,FLAIR
MS-60,58,MS60_58_T1,T1
MS-60,58,MS60_58_T2,T2
MS-60,59,MS60_59_Flair,FLAIR
MS-60,59,MS60_59_T1,T1
MS-60,59,MS60_59_T2,T2
MS-60,6,MS60_6_Flair,FLAIR
MS-60,6,MS60_6_T1,T1
MS-60,6,MS60_6_T2,T2
MS-60,60,MS60_60_Flair,FLAIR
MS-60,60,MS60_60_T1,T1
MS-60,60,MS60_60_T2,T2
MS-60,7,MS60_7_Flair,FLAIR
MS-60,7,MS60_7_T1,T1
MS-60,7,MS60_7_T2,T2
MS-60,8,MS60_8_Flair,FLAIR
MS-60,8,MS60_8_T1,T1
MS-60,8,MS60_8_T2,T2
MS-60,9,MS60_9_Flair,FLAIR
MS-60,9,MS60_9_T1,T1
MS-60,9,MS60_9_T2,T2
MSLesSeg,P10_T1,MSLesSeg_P10_T1_T1_flair,FLAIR
MSLesSeg,P10_T1,MSLesSeg_P10_T1_T1_t1,T1
MSLesSeg,P10_T1,MSLesSeg_P10_T1_T1_t2,T2
MSLesSeg,P10_T2,MSLesSeg_P10_T2_T1_flair,FLAIR
MSLesSeg,P10_T2,MSLesSeg_P10_T2_T1_t1,T1
MSLesSeg,P10_T2,MSLesSeg_P10_T2_T1_t2,T2
MSLesSeg,P11_T1,MSLesSeg_P11_T1_T1_flair,FLAIR
MSLesSeg,P11_T1,MSLesSeg_P11_T1_T1_t1,T1
MSLesSeg,P11_T1,MSLesSeg_P11_T1_T1_t2,T2
MSLesSeg,P11_T2,MSLesSeg_P11_T2_T1_flair,FLAIR
MSLesSeg,P11_T2,MSLesSeg_P11_T2_T1_t1,T1
MSLesSeg,P11_T2,MSLesSeg_P11_T2_T1_t2,T2
MSLesSeg,P12_T2,MSLesSeg_P12_T2_T1_flair,FLAIR
MSLesSeg,P12_T2,MSLesSeg_P12_T2_T1_t1,T1
MSLesSeg,P12_T2,MSLesSeg_P12_T2_T1_t2,T2
MSLesSeg,P12_T3,MSLesSeg_P12_T3_T1_flair,FLAIR
MSLesSeg,P12_T3,MSLesSeg_P12_T3_T1_t1,T1
MSLesSeg,P12_T3,MSLesSeg_P12_T3_T1_t2,T2
MSLesSeg,P12_T4,MSLesSeg_P12_T4_T1_flair,FLAIR
MSLesSeg,P12_T4,MSLesSeg_P12_T4_T1_t1,T1
MSLesSeg,P12_T4,MSLesSeg_P12_T4_T1_t2,T2
MSLesSeg,P13_T2,MSLesSeg_P13_T2_T1_flair,FLAIR
MSLesSeg,P13_T2,MSLesSeg_P13_T2_T1_t1,T1
MSLesSeg,P13_T2,MSLesSeg_P13_T2_T1_t2,T2
MSLesSeg,P14_T1,MSLesSeg_P14_T1_T1_flair,FLAIR
MSLesSeg,P14_T1,MSLesSeg_P14_T1_T1_t1,T1
MSLesSeg,P14_T1,MSLesSeg_P14_T1_T1_t2,T2
MSLesSeg,P14_T2,MSLesSeg_P14_T2_T1_flair,FLAIR
MSLesSeg,P14_T2,MSLesSeg_P14_T2_T1_t1,T1
MSLesSeg,P14_T2,MSLesSeg_P14_T2_T1_t2,T2
MSLesSeg,P14_T3,MSLesSeg_P14_T3_T1_flair,FLAIR
MSLesSeg,P14_T3,MSLesSeg_P14_T3_T1_t1,T1
MSLesSeg,P14_T3,MSLesSeg_P14_T3_T1_t2,T2
MSLesSeg,P14_T4,MSLesSeg_P14_T4_T1_flair,FLAIR
MSLesSeg,P14_T4,MSLesSeg_P14_T4_T1_t1,T1
MSLesSeg,P14_T4,MSLesSeg_P14_T4_T1_t2,T2
MSLesSeg,P15_T1,MSLesSeg_P15_T1_T1_flair,FLAIR
MSLesSeg,P15_T1,MSLesSeg_P15_T1_T1_t1,T1
MSLesSeg,P15_T1,MSLesSeg_P15_T1_T1_t2,T2
MSLesSeg,P16_T1,MSLesSeg_P16_T1_T1_flair,FLAIR
MSLesSeg,P16_T1,MSLesSeg_P16_T1_T1_t1,T1
MSLesSeg,P16_T1,MSLesSeg_P16_T1_T1_t2,T2
MSLesSeg,P17_T1,MSLesSeg_P17_T1_T1_flair,FLAIR
MSLesSeg,P17_T1,MSLesSeg_P17_T1_T1_t1,T1
MSLesSeg,P17_T1,MSLesSeg_P17_T1_T1_t2,T2
MSLesSeg,P19_T1,MSLesSeg_P19_T1_T1_flair,FLAIR
MSLesSeg,P19_T1,MSLesSeg_P19_T1_T1_t1,T1
MSLesSeg,P19_T1,MSLesSeg_P19_T1_T1_t2,T2
MSLesSeg,P19_T2,MSLesSeg_P19_T2_T1_flair,FLAIR
MSLesSeg,P19_T2,MSLesSeg_P19_T2_T1_t1,T1
MSLesSeg,P19_T2,MSLesSeg_P19_T2_T1_t2,T2
MSLesSeg,P19_T3,MSLesSeg_P19_T3_T1_flair,FLAIR
MSLesSeg,P19_T3,MSLesSeg_P19_T3_T1_t1,T1
MSLesSeg,P19_T3,MSLesSeg_P19_T3_T1_t2,T2
MSLesSeg,P19_T4,MSLesSeg_P19_T4_T1_flair,FLAIR
MSLesSeg,P19_T4,MSLesSeg_P19_T4_T1_t1,T1
MSLesSeg,P19_T4,MSLesSeg_P19_T4_T1_t2,T2
MSLesSeg,P1_T1,MSLesSeg_P1_T1_T1_flair,FLAIR
MSLesSeg,P1_T1,MSLesSeg_P1_T1_T1_t1,T1
MSLesSeg,P1_T1,MSLesSeg_P1_T1_T1_t2,T2
MSLesSeg,P1_T2,MSLesSeg_P1_T2_T1_flair,FLAIR
MSLesSeg,P1_T2,MSLesSeg_P1_T2_T1_t1,T1
MSLesSeg,P1_T2,MSLesSeg_P1_T2_T1_t2,T2
MSLesSeg,P1_T3,MSLesSeg_P1_T3_T1_flair,FLAIR
MSLesSeg,P1_T3,MSLesSeg_P1_T3_T1_t1,T1
MSLesSeg,P1_T3,MSLesSeg_P1_T3_T1_t2,T2
MSLesSeg,P20_T1,MSLesSeg_P20_T1_T1_flair,FLAIR
MSLesSeg,P20_T1,MSLesSeg_P20_T1_T1_t1,T1
MSLesSeg,P20_T1,MSLesSeg_P20_T1_T1_t2,T2
MSLesSeg,P20_T3,MSLesSeg_P20_T3_T1_flair,FLAIR
MSLesSeg,P20_T3,MSLesSeg_P20_T3_T1_t1,T1
MSLesSeg,P20_T3,MSLesSeg_P20_T3_T1_t2,T2
MSLesSeg,P21_T1,MSLesSeg_P21_T1_T1_flair,FLAIR
MSLesSeg,P21_T1,MSLesSeg_P21_T1_T1_t1,T1
MSLesSeg,P21_T1,MSLesSeg_P21_T1_T1_t2,T2
MSLesSeg,P22_T1,MSLesSeg_P22_T1_T1_flair,FLAIR
MSLesSeg,P22_T1,MSLesSeg_P22_T1_T1_t1,T1
MSLesSeg,P22_T1,MSLesSeg_P22_T1_T1_t2,T2
MSLesSeg,P22_T2,MSLesSeg_P22_T2_T1_flair,FLAIR
MSLesSeg,P22_T2,MSLesSeg_P22_T2_T1_t1,T1
MSLesSeg,P22_T2,MSLesSeg_P22_T2_T1_t2,T2
MSLesSeg,P23_T1,MSLesSeg_P23_T1_T1_flair,FLAIR
MSLesSeg,P23_T1,MSLesSeg_P23_T1_T1_t1,T1
MSLesSeg,P23_T1,MSLesSeg_P23_T1_T1_t2,T2
MSLesSeg,P25_T1,MSLesSeg_P25_T1_T1_flair,FLAIR
MSLesSeg,P25_T1,MSLesSeg_P25_T1_T1_t1,T1
MSLesSeg,P25_T1,MSLesSeg_P25_T1_T1_t2,T2
MSLesSeg,P26_T1,MSLesSeg_P26_T1_T1_flair,FLAIR
MSLesSeg,P26_T1,MSLesSeg_P26_T1_T1_t1,T1
MSLesSeg,P26_T1,MSLesSeg_P26_T1_T1_t2,T2
MSLesSeg,P28_T1,MSLesSeg_P28_T1_T1_flair,FLAIR
MSLesSeg,P28_T1,MSLesSeg_P28_T1_T1_t1,T1
MSLesSeg,P28_T1,MSLesSeg_P28_T1_T1_t2,T2
MSLesSeg,P28_T2,MSLesSeg_P28_T2_T1_flair,FLAIR
MSLesSeg,P28_T2,MSLesSeg_P28_T2_T1_t1,T1
MSLesSeg,P28_T2,MSLesSeg_P28_T2_T1_t2,T2
MSLesSeg,P29_T1,MSLesSeg_P29_T1_T1_flair,FLAIR
MSLesSeg,P29_T1,MSLesSeg_P29_T1_T1_t1,T1
MSLesSeg,P29_T1,MSLesSeg_P29_T1_T1_t2,T2
MSLesSeg,P2_T1,MSLesSeg_P2_T1_T1_flair,FLAIR
MSLesSeg,P2_T1,MSLesSeg_P2_T1_T1_t1,T1
MSLesSeg,P2_T1,MSLesSeg_P2_T1_T1_t2,T2
MSLesSeg,P2_T2,MSLesSeg_P2_T2_T1_flair,FLAIR
MSLesSeg,P2_T2,MSLesSeg_P2_T2_T1_t1,T1
MSLesSeg,P2_T2,MSLesSeg_P2_T2_T1_t2,T2
MSLesSeg,P2_T4,MSLesSeg_P2_T4_T1_flair,FLAIR
MSLesSeg,P2_T4,MSLesSeg_P2_T4_T1_t1,T1
MSLesSeg,P2_T4,MSLesSeg_P2_T4_T1_t2,T2
MSLesSeg,P30_T1,MSLesSeg_P30_T1_T1_flair,FLAIR
MSLesSeg,P30_T1,MSLesSeg_P30_T1_T1_t1,T1
MSLesSeg,P30_T1,MSLesSeg_P30_T1_T1_t2,T2
MSLesSeg,P31_T1,MSLesSeg_P31_T1_T1_flair,FLAIR
MSLesSeg,P31_T1,MSLesSeg_P31_T1_T1_t1,T1
MSLesSeg,P31_T1,MSLesSeg_P31_T1_T1_t2,T2
MSLesSeg,P31_T2,MSLesSeg_P31_T2_T1_flair,FLAIR
MSLesSeg,P31_T2,MSLesSeg_P31_T2_T1_t1,T1
MSLesSeg,P31_T2,MSLesSeg_P31_T2_T1_t2,T2
MSLesSeg,P32_T1,MSLesSeg_P32_T1_T1_flair,FLAIR
MSLesSeg,P32_T1,MSLesSeg_P32_T1_T1_t1,T1
MSLesSeg,P32_T1,MSLesSeg_P32_T1_T1_t2,T2
MSLesSeg,P33_T1,MSLesSeg_P33_T1_T1_flair,FLAIR
MSLesSeg,P33_T1,MSLesSeg_P33_T1_T1_t1,T1
MSLesSeg,P33_T1,MSLesSeg_P33_T1_T1_t2,T2
MSLesSeg,P33_T2,MSLesSeg_P33_T2_T1_flair,FLAIR
MSLesSeg,P33_T2,MSLesSeg_P33_T2_T1_t1,T1
MSLesSeg,P33_T2,MSLesSeg_P33_T2_T1_t2,T2
MSLesSeg,P36_T1,MSLesSeg_P36_T1_T1_flair,FLAIR
MSLesSeg,P36_T1,MSLesSeg_P36_T1_T1_t1,T1
MSLesSeg,P36_T1,MSLesSeg_P36_T1_T1_t2,T2
MSLesSeg,P37_T1,MSLesSeg_P37_T1_T1_flair,FLAIR
MSLesSeg,P37_T1,MSLesSeg_P37_T1_T1_t1,T1
MSLesSeg,P37_T1,MSLesSeg_P37_T1_T1_t2,T2
MSLesSeg,P39_T1,MSLesSeg_P39_T1_T1_flair,FLAIR
MSLesSeg,P39_T1,MSLesSeg_P39_T1_T1_t1,T1
MSLesSeg,P39_T1,MSLesSeg_P39_T1_T1_t2,T2
MSLesSeg,P3_T1,MSLesSeg_P3_T1_T1_flair,FLAIR
MSLesSeg,P3_T1,MSLesSeg_P3_T1_T1_t1,T1
MSLesSeg,P3_T1,MSLesSeg_P3_T1_T1_t2,T2
MSLesSeg,P3_T4,MSLesSeg_P3_T4_T1_flair,FLAIR
MSLesSeg,P3_T4,MSLesSeg_P3_T4_T1_t1,T1
MSLesSeg,P3_T4,MSLesSeg_P3_T4_T1_t2,T2
MSLesSeg,P40_T1,MSLesSeg_P40_T1_T1_flair,FLAIR
MSLesSeg,P40_T1,MSLesSeg_P40_T1_T1_t1,T1
MSLesSeg,P40_T1,MSLesSeg_P40_T1_T1_t2,T2
MSLesSeg,P41_T1,MSLesSeg_P41_T1_T1_flair,FLAIR
MSLesSeg,P41_T1,MSLesSeg_P41_T1_T1_t1,T1
MSLesSeg,P41_T1,MSLesSeg_P41_T1_T1_t2,T2
MSLesSeg,P42_T1,MSLesSeg_P42_T1_T1_flair,FLAIR
MSLesSeg,P42_T1,MSLesSeg_P42_T1_T1_t1,T1
MSLesSeg,P42_T1,MSLesSeg_P42_T1_T1_t2,T2
MSLesSeg,P43_T1,MSLesSeg_P43_T1_T1_flair,FLAIR
MSLesSeg,P43_T1,MSLesSeg_P43_T1_T1_t1,T1
MSLesSeg,P43_T1,MSLesSeg_P43_T1_T1_t2,T2
MSLesSeg,P44_T1,MSLesSeg_P44_T1_T1_flair,FLAIR
MSLesSeg,P44_T1,MSLesSeg_P44_T1_T1_t1,T1
MSLesSeg,P44_T1,MSLesSeg_P44_T1_T1_t2,T2
MSLesSeg,P45_T1,MSLesSeg_P45_T1_T1_flair,FLAIR
MSLesSeg,P45_T1,MSLesSeg_P45_T1_T1_t1,T1
MSLesSeg,P45_T1,MSLesSeg_P45_T1_T1_t2,T2
MSLesSeg,P46_T1,MSLesSeg_P46_T1_T1_flair,FLAIR
MSLesSeg,P46_T1,MSLesSeg_P46_T1_T1_t1,T1
MSLesSeg,P46_T1,MSLesSeg_P46_T1_T1_t2,T2
MSLesSeg,P47_T1,MSLesSeg_P47_T1_T1_flair,FLAIR
MSLesSeg,P47_T1,MSLesSeg_P47_T1_T1_t1,T1
MSLesSeg,P47_T1,MSLesSeg_P47_T1_T1_t2,T2
MSLesSeg,P49_T1,MSLesSeg_P49_T1_T1_flair,FLAIR
MSLesSeg,P49_T1,MSLesSeg_P49_T1_T1_t1,T1
MSLesSeg,P49_T1,MSLesSeg_P49_T1_T1_t2,T2
MSLesSeg,P49_T2,MSLesSeg_P49_T2_T1_flair,FLAIR
MSLesSeg,P49_T2,MSLesSeg_P49_T2_T1_t1,T1
MSLesSeg,P49_T2,MSLesSeg_P49_T2_T1_t2,T2
MSLesSeg,P4_T1,MSLesSeg_P4_T1_T1_flair,FLAIR
MSLesSeg,P4_T1,MSLesSeg_P4_T1_T1_t1,T1
MSLesSeg,P4_T1,MSLesSeg_P4_T1_T1_t2,T2
MSLesSeg,P4_T2,MSLesSeg_P4_T2_T1_flair,FLAIR
MSLesSeg,P4_T2,MSLesSeg_P4_T2_T1_t1,T1
MSLesSeg,P4_T2,MSLesSeg_P4_T2_T1_t2,T2
MSLesSeg,P4_T3,MSLesSeg_P4_T3_T1_flair,FLAIR
MSLesSeg,P4_T3,MSLesSeg_P4_T3_T1_t1,T1
MSLesSeg,P4_T3,MSLesSeg_P4_T3_T1_t2,T2
MSLesSeg,P50_T1,MSLesSeg_P50_T1_T1_flair,FLAIR
MSLesSeg,P50_T1,MSLesSeg_P50_T1_T1_t1,T1
MSLesSeg,P50_T1,MSLesSeg_P50_T1_T1_t2,T2
MSLesSeg,P50_T2,MSLesSeg_P50_T2_T1_flair,FLAIR
MSLesSeg,P50_T2,MSLesSeg_P50_T2_T1_t1,T1
MSLesSeg,P50_T2,MSLesSeg_P50_T2_T1_t2,T2
MSLesSeg,P51_T1,MSLesSeg_P51_T1_T1_flair,FLAIR
MSLesSeg,P51_T1,MSLesSeg_P51_T1_T1_t1,T1
MSLesSeg,P51_T1,MSLesSeg_P51_T1_T1_t2,T2
MSLesSeg,P51_T2,MSLesSeg_P51_T2_T1_flair,FLAIR
MSLesSeg,P51_T2,MSLesSeg_P51_T2_T1_t1,T1
MSLesSeg,P51_T2,MSLesSeg_P51_T2_T1_t2,T2
MSLesSeg,P52_T1,MSLesSeg_P52_T1_T1_flair,FLAIR
MSLesSeg,P52_T1,MSLesSeg_P52_T1_T1_t1,T1
MSLesSeg,P52_T1,MSLesSeg_P52_T1_T1_t2,T2
MSLesSeg,P52_T2,MSLesSeg_P52_T2_T1_flair,FLAIR
MSLesSeg,P52_T2,MSLesSeg_P52_T2_T1_t1,T1
MSLesSeg,P52_T2,MSLesSeg_P52_T2_T1_t2,T2
MSLesSeg,P53_T1,MSLesSeg_P53_T1_T1_flair,FLAIR
MSLesSeg,P53_T1,MSLesSeg_P53_T1_T1_t1,T1
MSLesSeg,P53_T1,MSLesSeg_P53_T1_T1_t2,T2
MSLesSeg,P53_T2,MSLesSeg_P53_T2_T1_flair,FLAIR
MSLesSeg,P53_T2,MSLesSeg_P53_T2_T1_t1,T1
MSLesSeg,P53_T2,MSLesSeg_P53_T2_T1_t2,T2
MSLesSeg,P54,MSLesSeg_P54_T1_flair,FLAIR
MSLesSeg,P54,MSLesSeg_P54_T1_t1,T1
MSLesSeg,P54,MSLesSeg_P54_T1_t2,T2
MSLesSeg,P56,MSLesSeg_P56_T1_flair,FLAIR
MSLesSeg,P56,MSLesSeg_P56_T1_t1,T1
MSLesSeg,P56,MSLesSeg_P56_T1_t2,T2
MSLesSeg,P57,MSLesSeg_P57_T1_flair,FLAIR
MSLesSeg,P57,MSLesSeg_P57_T1_t1,T1
MSLesSeg,P57,MSLesSeg_P57_T1_t2,T2
MSLesSeg,P58,MSLesSeg_P58_T1_flair,FLAIR
MSLesSeg,P58,MSLesSeg_P58_T1_t1,T1
MSLesSeg,P58,MSLesSeg_P58_T1_t2,T2
MSLesSeg,P59,MSLesSeg_P59_T1_flair,FLAIR
MSLesSeg,P59,MSLesSeg_P59_T1_t1,T1
MSLesSeg,P59,MSLesSeg_P59_T1_t2,T2
MSLesSeg,P5_T1,MSLesSeg_P5_T1_T1_flair,FLAIR
MSLesSeg,P5_T1,MSLesSeg_P5_T1_T1_t1,T1
MSLesSeg,P5_T1,MSLesSeg_P5_T1_T1_t2,T2
MSLesSeg,P5_T2,MSLesSeg_P5_T2_T1_flair,FLAIR
MSLesSeg,P5_T2,MSLesSeg_P5_T2_T1_t1,T1
MSLesSeg,P5_T2,MSLesSeg_P5_T2_T1_t2,T2
MSLesSeg,P60,MSLesSeg_P60_T1_flair,FLAIR
MSLesSeg,P60,MSLesSeg_P60_T1_t1,T1
MSLesSeg,P60,MSLesSeg_P60_T1_t2,T2
MSLesSeg,P61,MSLesSeg_P61_T1_flair,FLAIR
MSLesSeg,P61,MSLesSeg_P61_T1_t1,T1
MSLesSeg,P61,MSLesSeg_P61_T1_t2,T2
MSLesSeg,P62,MSLesSeg_P62_T1_flair,FLAIR
MSLesSeg,P62,MSLesSeg_P62_T1_t1,T1
MSLesSeg,P62,MSLesSeg_P62_T1_t2,T2
MSLesSeg,P63,MSLesSeg_P63_T1_flair,FLAIR
MSLesSeg,P63,MSLesSeg_P63_T1_t1,T1
MSLesSeg,P63,MSLesSeg_P63_T1_t2,T2
MSLesSeg,P65,MSLesSeg_P65_T1_flair,FLAIR
MSLesSeg,P65,MSLesSeg_P65_T1_t1,T1
MSLesSeg,P65,MSLesSeg_P65_T1_t2,T2
MSLesSeg,P66,MSLesSeg_P66_T1_flair,FLAIR
MSLesSeg,P66,MSLesSeg_P66_T1_t1,T1
MSLesSeg,P66,MSLesSeg_P66_T1_t2,T2
MSLesSeg,P67,MSLesSeg_P67_T1_flair,FLAIR
MSLesSeg,P67,MSLesSeg_P67_T1_t1,T1
MSLesSeg,P67,MSLesSeg_P67_T1_t2,T2
MSLesSeg,P68,MSLesSeg_P68_T1_flair,FLAIR
MSLesSeg,P68,MSLesSeg_P68_T1_t1,T1
MSLesSeg,P68,MSLesSeg_P68_T1_t2,T2
MSLesSeg,P69,MSLesSeg_P69_T1_flair,FLAIR
MSLesSeg,P69,MSLesSeg_P69_T1_t1,T1
MSLesSeg,P69,MSLesSeg_P69_T1_t2,T2
MSLesSeg,P6_T1,MSLesSeg_P6_T1_T1_flair,FLAIR
MSLesSeg,P6_T1,MSLesSeg_P6_T1_T1_t1,T1
MSLesSeg,P6_T1,MSLesSeg_P6_T1_T1_t2,T2
MSLesSeg,P6_T2,MSLesSeg_P6_T2_T1_flair,FLAIR
MSLesSeg,P6_T2,MSLesSeg_P6_T2_T1_t1,T1
MSLesSeg,P6_T2,MSLesSeg_P6_T2_T1_t2,T2
MSLesSeg,P6_T3,MSLesSeg_P6_T3_T1_flair,FLAIR
MSLesSeg,P6_T3,MSLesSeg_P6_T3_T1_t1,T1
MSLesSeg,P6_T3,MSLesSeg_P6_T3_T1_t2,T2
MSLesSeg,P70,MSLesSeg_P70_T1_flair,FLAIR
MSLesSeg,P70,MSLesSeg_P70_T1_t1,T1
MSLesSeg,P70,MSLesSeg_P70_T1_t2,T2
MSLesSeg,P71,MSLesSeg_P71_T1_flair,FLAIR
MSLesSeg,P71,MSLesSeg_P71_T1_t1,T1
MSLesSeg,P71,MSLesSeg_P71_T1_t2,T2
MSLesSeg,P72,MSLesSeg_P72_T1_flair,FLAIR
MSLesSeg,P72,MSLesSeg_P72_T1_t1,T1
MSLesSeg,P72,MSLesSeg_P72_T1_t2,T2
MSLesSeg,P73,MSLesSeg_P73_T1_flair,FLAIR
MSLesSeg,P73,MSLesSeg_P73_T1_t1,T1
MSLesSeg,P73,MSLesSeg_P73_T1_t2,T2
MSLesSeg,P74,MSLesSeg_P74_T1_flair,FLAIR
MSLesSeg,P74,MSLesSeg_P74_T1_t1,T1
MSLesSeg,P74,MSLesSeg_P74_T1_t2,T2
MSLesSeg,P75,MSLesSeg_P75_T1_flair,FLAIR
MSLesSeg,P75,MSLesSeg_P75_T1_t1,T1
MSLesSeg,P75,MSLesSeg_P75_T1_t2,T2
MSLesSeg,P7_T1,MSLesSeg_P7_T1_T1_flair,FLAIR
MSLesSeg,P7_T1,MSLesSeg_P7_T1_T1_t1,T1
MSLesSeg,P7_T1,MSLesSeg_P7_T1_T1_t2,T2
MSLesSeg,P7_T2,MSLesSeg_P7_T2_T1_flair,FLAIR
MSLesSeg,P7_T2,MSLesSeg_P7_T2_T1_t1,T1
MSLesSeg,P7_T2,MSLesSeg_P7_T2_T1_t2,T2
MSLesSeg,P8_T1,MSLesSeg_P8_T1_T1_flair,FLAIR
MSLesSeg,P8_T1,MSLesSeg_P8_T1_T1_t1,T1
MSLesSeg,P8_T1,MSLesSeg_P8_T1_T1_t2,T2
MSLesSeg,P8_T2,MSLesSeg_P8_T2_T1_flair,FLAIR
MSLesSeg,P8_T2,MSLesSeg_P8_T2_T1_t1,T1
MSLesSeg,P8_T2,MSLesSeg_P8_T2_T1_t2,T2
MSLesSeg,P9_T1,MSLesSeg_P9_T1_T1_flair,FLAIR
MSLesSeg,P9_T1,MSLesSeg_P9_T1_T1_t1,T1
MSLesSeg,P9_T1,MSLesSeg_P9_T1_T1_t2,T2
MSLesSeg,P9_T2,MSLesSeg_P9_T2_T1_flair,FLAIR
MSLesSeg,P9_T2,MSLesSeg_P9_T2_T1_t1,T1
MSLesSeg,P9_T2,MSLesSeg_P9_T2_T1_t2,T2
MSLesSeg,P9_T3,MSLesSeg_P9_T3_T1_flair,FLAIR
MSLesSeg,P9_T3,MSLesSeg_P9_T3_T1_t1,T1
MSLesSeg,P9_T3,MSLesSeg_P9_T3_T1_t2,T2
NFBS,sub-A00028185_ses-NFB3,NFBS_sub-A00028185_ses-NFB3_T1_t1w,T1
NFBS,sub-A00028352_ses-NFB3,NFBS_sub-A00028352_ses-NFB3_T1_t1w,T1
NFBS,sub-A00032875_ses-NFB3,NFBS_sub-A00032875_ses-NFB3_T1_t1w,T1
NFBS,sub-A00033747_ses-NFB3,NFBS_sub-A00033747_ses-NFB3_T1_t1w,T1
NFBS,sub-A00034854_ses-NFB3,NFBS_sub-A00034854_ses-NFB3_T1_t1w,T1
NFBS,sub-A00035072_ses-NFB3,NFBS_sub-A00035072_ses-NFB3_T1_t1w,T1
NFBS,sub-A00035827_ses-NFB3,NFBS_sub-A00035827_ses-NFB3_T1_t1w,T1
NFBS,sub-A00035840_ses-NFB3,NFBS_sub-A00035840_ses-NFB3_T1_t1w,T1
NFBS,sub-A00037112_ses-NFB3,NFBS_sub-A00037112_ses-NFB3_T1_t1w,T1
NFBS,sub-A00037511_ses-NFB3,NFBS_sub-A00037511_ses-NFB3_T1_t1w,T1
NFBS,sub-A00037848_ses-NFB3,NFBS_sub-A00037848_ses-NFB3_T1_t1w,T1
NFBS,sub-A00038642_ses-NFB3,NFBS_sub-A00038642_ses-NFB3_T1_t1w,T1
NFBS,sub-A00038998_ses-NFB3,NFBS_sub-A00038998_ses-NFB3_T1_t1w,T1
NFBS,sub-A00039391_ses-NFB3,NFBS_sub-A00039391_ses-NFB3_T1_t1w,T1
NFBS,sub-A00039431_ses-NFB3,NFBS_sub-A00039431_ses-NFB3_T1_t1w,T1
NFBS,sub-A00040151_ses-NFB3,NFBS_sub-A00040151_ses-NFB3_T1_t1w,T1
NFBS,sub-A00040193_ses-NFB3,NFBS_sub-A00040193_ses-NFB3_T1_t1w,T1
NFBS,sub-A00040524_ses-NFB3,NFBS_sub-A00040524_ses-NFB3_T1_t1w,T1
NFBS,sub-A00040573_ses-NFB3,NFBS_sub-A00040573_ses-NFB3_T1_t1w,T1
NFBS,sub-A00040623_ses-NFB3,NFBS_sub-A00040623_ses-NFB3_T1_t1w,T1
NFBS,sub-A00040628_ses-NFB3,NFBS_sub-A00040628_ses-NFB3_T1_t1w,T1
NFBS,sub-A00040640_ses-NFB3,NFBS_sub-A00040640_ses-NFB3_T1_t1w,T1
NFBS,sub-A00040944_ses-NFB3,NFBS_sub-A00040944_ses-NFB3_T1_t1w,T1
NFBS,sub-A00043299_ses-NFB3,NFBS_sub-A00043299_ses-NFB3_T1_t1w,T1
NFBS,sub-A00043520_ses-NFB3,NFBS_sub-A00043520_ses-NFB3_T1_t1w,T1
NFBS,sub-A00043677_ses-NFB3,NFBS_sub-A00043677_ses-NFB3_T1_t1w,T1
NFBS,sub-A00043704_ses-NFB3,NFBS_sub-A00043704_ses-NFB3_T1_t1w,T1
NFBS,sub-A00043721_ses-NFB3,NFBS_sub-A00043721_ses-NFB3_T1_t1w,T1
NFBS,sub-A00043722_ses-NFB3,NFBS_sub-A00043722_ses-NFB3_T1_t1w,T1
NFBS,sub-A00043998_ses-NFB3,NFBS_sub-A00043998_ses-NFB3_T1_t1w,T1
NFBS,sub-A00045590_ses-NFB3,NFBS_sub-A00045590_ses-NFB3_T1_t1w,T1
NFBS,sub-A00050940_ses-NFB3,NFBS_sub-A00050940_ses-NFB3_T1_t1w,T1
NFBS,sub-A00051539_ses-NFB3,NFBS_sub-A00051539_ses-NFB3_T1_t1w,T1
NFBS,sub-A00051548_ses-NFB3,NFBS_sub-A00051548_ses-NFB3_T1_t1w,T1
NFBS,sub-A00051676_ses-NFB3,NFBS_sub-A00051676_ses-NFB3_T1_t1w,T1
NFBS,sub-A00051927_ses-NFB3,NFBS_sub-A00051927_ses-NFB3_T1_t1w,T1
NFBS,sub-A00052125_ses-NFB3,NFBS_sub-A00052125_ses-NFB3_T1_t1w,T1
NFBS,sub-A00052181_ses-NFB3,NFBS_sub-A00052181_ses-NFB3_T1_t1w,T1
NFBS,sub-A00052340_ses-NFB3,NFBS_sub-A00052340_ses-NFB3_T1_t1w,T1
NFBS,sub-A00052500_ses-NFB3,NFBS_sub-A00052500_ses-NFB3_T1_t1w,T1
NFBS,sub-A00052560_ses-NFB3,NFBS_sub-A00052560_ses-NFB3_T1_t1w,T1
NFBS,sub-A00053455_ses-NFB3,NFBS_sub-A00053455_ses-NFB3_T1_t1w,T1
NFBS,sub-A00053473_ses-NFB3,NFBS_sub-A00053473_ses-NFB3_T1_t1w,T1
NFBS,sub-A00053475_ses-NFB3,NFBS_sub-A00053475_ses-NFB3_T1_t1w,T1
NFBS,sub-A00053850_ses-NFB3,NFBS_sub-A00053850_ses-NFB3_T1_t1w,T1
NFBS,sub-A00053851_ses-NFB3,NFBS_sub-A00053851_ses-NFB3_T1_t1w,T1
NFBS,sub-A00053902_ses-NFB3,NFBS_sub-A00053902_ses-NFB3_T1_t1w,T1
NFBS,sub-A00054019_ses-NFB3,NFBS_sub-A00054019_ses-NFB3_T1_t1w,T1
NFBS,sub-A00054441_ses-NFB3,NFBS_sub-A00054441_ses-NFB3_T1_t1w,T1
NFBS,sub-A00054504_ses-NFB3,NFBS_sub-A00054504_ses-NFB3_T1_t1w,T1
NFBS,sub-A00054857_ses-NFB3,NFBS_sub-A00054857_ses-NFB3_T1_t1w,T1
NFBS,sub-A00054914_ses-NFB3,NFBS_sub-A00054914_ses-NFB3_T1_t1w,T1
NFBS,sub-A00055121_ses-NFB3,NFBS_sub-A00055121_ses-NFB3_T1_t1w,T1
NFBS,sub-A00055373_ses-NFB3,NFBS_sub-A00055373_ses-NFB3_T1_t1w,T1
NFBS,sub-A00055446_ses-NFB3,NFBS_sub-A00055446_ses-NFB3_T1_t1w,T1
NFBS,sub-A00055447_ses-NFB3,NFBS_sub-A00055447_ses-NFB3_T1_t1w,T1
NFBS,sub-A00055542_ses-NFB3,NFBS_sub-A00055542_ses-NFB3_T1_t1w,T1
NFBS,sub-A00055738_ses-NFB3,NFBS_sub-A00055738_ses-NFB3_T1_t1w,T1
NFBS,sub-A00055763_ses-NFB3,NFBS_sub-A00055763_ses-NFB3_T1_t1w,T1
NFBS,sub-A00055806_ses-NFB3,NFBS_sub-A00055806_ses-NFB3_T1_t1w,T1
NFBS,sub-A00056097_ses-NFB3,NFBS_sub-A00056097_ses-NFB3_T1_t1w,T1
NFBS,sub-A00056306_ses-NFB3,NFBS_sub-A00056306_ses-NFB3_T1_t1w,T1
NFBS,sub-A00056452_ses-NFB3,NFBS_sub-A00056452_ses-NFB3_T1_t1w,T1
NFBS,sub-A00056556_ses-NFB3,NFBS_sub-A00056556_ses-NFB3_T1_t1w,T1
NFBS,sub-A00056627_ses-NFB3,NFBS_sub-A00056627_ses-NFB3_T1_t1w,T1
NFBS,sub-A00056898_ses-NFB3,NFBS_sub-A00056898_ses-NFB3_T1_t1w,T1
NFBS,sub-A00056949_ses-NFB3,NFBS_sub-A00056949_ses-NFB3_T1_t1w,T1
NFBS,sub-A00057005_ses-NFB3,NFBS_sub-A00057005_ses-NFB3_T1_t1w,T1
NFBS,sub-A00057035_ses-NFB3,NFBS_sub-A00057035_ses-NFB3_T1_t1w,T1
NFBS,sub-A00057182_ses-NFB3,NFBS_sub-A00057182_ses-NFB3_T1_t1w,T1
NFBS,sub-A00057203_ses-NFB3,NFBS_sub-A00057203_ses-NFB3_T1_t1w,T1
NFBS,sub-A00057235_ses-NFB3,NFBS_sub-A00057235_ses-NFB3_T1_t1w,T1
NFBS,sub-A00057372_ses-NFB3,NFBS_sub-A00057372_ses-NFB3_T1_t1w,T1
NFBS,sub-A00057444_ses-NFB3,NFBS_sub-A00057444_ses-NFB3_T1_t1w,T1
NFBS,sub-A00057786_ses-NFB3,NFBS_sub-A00057786_ses-NFB3_T1_t1w,T1
NFBS,sub-A00057808_ses-NFB3,NFBS_sub-A00057808_ses-NFB3_T1_t1w,T1
NFBS,sub-A00057965_ses-NFB3,NFBS_sub-A00057965_ses-NFB3_T1_t1w,T1
NFBS,sub-A00058214_ses-NFB3,NFBS_sub-A00058214_ses-NFB3_T1_t1w,T1
NFBS,sub-A00058218_ses-NFB3,NFBS_sub-A00058218_ses-NFB3_T1_t1w,T1
NFBS,sub-A00058503_ses-NFB3,NFBS_sub-A00058503_ses-NFB3_T1_t1w,T1
NFBS,sub-A00058552_ses-NFB3,NFBS_sub-A00058552_ses-NFB3_T1_t1w,T1
NFBS,sub-A00058667_ses-NFB3,NFBS_sub-A00058667_ses-NFB3_T1_t1w,T1
NFBS,sub-A00058952_ses-NFB3,NFBS_sub-A00058952_ses-NFB3_T1_t1w,T1
NFBS,sub-A00058999_ses-NFB3,NFBS_sub-A00058999_ses-NFB3_T1_t1w,T1
NFBS,sub-A00059344_ses-NFB3,NFBS_sub-A00059344_ses-NFB3_T1_t1w,T1
NFBS,sub-A00059346_ses-NFB3,NFBS_sub-A00059346_ses-NFB3_T1_t1w,T1
NFBS,sub-A00059428_ses-NFB3,NFBS_sub-A00059428_ses-NFB3_T1_t1w,T1
NFBS,sub-A00059756_ses-NFB3,NFBS_sub-A00059756_ses-NFB3_T1_t1w,T1
NFBS,sub-A00059845_ses-NFB3,NFBS_sub-A00059845_ses-NFB3_T1_t1w,T1
NFBS,sub-A00059911_ses-NFB3,NFBS_sub-A00059911_ses-NFB3_T1_t1w,T1
NFBS,sub-A00060006_ses-NFB3,NFBS_sub-A00060006_ses-NFB3_T1_t1w,T1
NFBS,sub-A00060093_ses-NFB3,NFBS_sub-A00060093_ses-NFB3_T1_t1w,T1
NFBS,sub-A00060169_ses-NFB3,NFBS_sub-A00060169_ses-NFB3_T1_t1w,T1
NFBS,sub-A00060259_ses-NFB3,NFBS_sub-A00060259_ses-NFB3_T1_t1w,T1
NFBS,sub-A00060279_ses-NFB3,NFBS_sub-A00060279_ses-NFB3_T1_t1w,T1
NFBS,sub-A00060372_ses-NFB3,NFBS_sub-A00060372_ses-NFB3_T1_t1w,T1
NFBS,sub-A00060407_ses-NFB3,NFBS_sub-A00060407_ses-NFB3_T1_t1w,T1
NFBS,sub-A00060430_ses-NFB3,NFBS_sub-A00060430_ses-NFB3_T1_t1w,T1
NFBS,sub-A00060471_ses-NFB3,NFBS_sub-A00060471_ses-NFB3_T1_t1w,T1
NFBS,sub-A00060480_ses-NFB3,NFBS_sub-A00060480_ses-NFB3_T1_t1w,T1
NFBS,sub-A00060516_ses-NFB3,NFBS_sub-A00060516_ses-NFB3_T1_t1w,T1
NFBS,sub-A00060632_ses-NFB3,NFBS_sub-A00060632_ses-NFB3_T1_t1w,T1
NFBS,sub-A00060848_ses-NFB3,NFBS_sub-A00060848_ses-NFB3_T1_t1w,T1
NFBS,sub-A00060925_ses-NFB3,NFBS_sub-A00060925_ses-NFB3_T1_t1w,T1
NFBS,sub-A00061204_ses-NFB3,NFBS_sub-A00061204_ses-NFB3_T1_t1w,T1
NFBS,sub-A00061276_ses-NFB3,NFBS_sub-A00061276_ses-NFB3_T1_t1w,T1
NFBS,sub-A00061387_ses-NFB3,NFBS_sub-A00061387_ses-NFB3_T1_t1w,T1
NFBS,sub-A00061709_ses-NFB3,NFBS_sub-A00061709_ses-NFB3_T1_t1w,T1
NFBS,sub-A00061711_ses-NFB3,NFBS_sub-A00061711_ses-NFB3_T1_t1w,T1
NFBS,sub-A00061806_ses-NFB3,NFBS_sub-A00061806_ses-NFB3_T1_t1w,T1
NFBS,sub-A00062210_ses-NFB3,NFBS_sub-A00062210_ses-NFB3_T1_t1w,T1
NFBS,sub-A00062248_ses-NFB3,NFBS_sub-A00062248_ses-NFB3_T1_t1w,T1
NFBS,sub-A00062266_ses-NFB3,NFBS_sub-A00062266_ses-NFB3_T1_t1w,T1
NFBS,sub-A00062282_ses-NFB3,NFBS_sub-A00062282_ses-NFB3_T1_t1w,T1
NFBS,sub-A00062288_ses-NFB3,NFBS_sub-A00062288_ses-NFB3_T1_t1w,T1
NFBS,sub-A00062351_ses-NFB3,NFBS_sub-A00062351_ses-NFB3_T1_t1w,T1
NFBS,sub-A00062917_ses-NFB3,NFBS_sub-A00062917_ses-NFB3_T1_t1w,T1
NFBS,sub-A00062934_ses-NFB3,NFBS_sub-A00062934_ses-NFB3_T1_t1w,T1
NFBS,sub-A00062942_ses-NFB3,NFBS_sub-A00062942_ses-NFB3_T1_t1w,T1
NFBS,sub-A00063008_ses-NFB3,NFBS_sub-A00063008_ses-NFB3_T1_t1w,T1
NFBS,sub-A00063103_ses-NFB3,NFBS_sub-A00063103_ses-NFB3_T1_t1w,T1
NFBS,sub-A00063326_ses-NFB3,NFBS_sub-A00063326_ses-NFB3_T1_t1w,T1
NFBS,sub-A00063368_ses-NFB3,NFBS_sub-A00063368_ses-NFB3_T1_t1w,T1
NFBS,sub-A00063589_ses-NFB3,NFBS_sub-A00063589_ses-NFB3_T1_t1w,T1
NFBS,sub-A00064081_ses-NFB3,NFBS_sub-A00064081_ses-NFB3_T1_t1w,T1
NSK-GBM,sub-001,NSK-GBM_sub-001_T1_flair,FLAIR
NSK-GBM,sub-001,NSK-GBM_sub-001_T1_t1ce,T1c
NSK-GBM,sub-001,NSK-GBM_sub-001_T1_t1w,T1
NSK-GBM,sub-001,NSK-GBM_sub-001_T1_t2w,T2
NSK-GBM,sub-002,NSK-GBM_sub-002_T1_flair,FLAIR
NSK-GBM,sub-002,NSK-GBM_sub-002_T1_t1ce,T1c
NSK-GBM,sub-002,NSK-GBM_sub-002_T1_t1w,T1
NSK-GBM,sub-002,NSK-GBM_sub-002_T1_t2w,T2
NSK-GBM,sub-003,NSK-GBM_sub-003_T1_flair,FLAIR
NSK-GBM,sub-003,NSK-GBM_sub-003_T1_t1ce,T1c
NSK-GBM,sub-003,NSK-GBM_sub-003_T1_t1w,T1
NSK-GBM,sub-003,NSK-GBM_sub-003_T1_t2w,T2
NSK-GBM,sub-004,NSK-GBM_sub-004_T1_flair,FLAIR
NSK-GBM,sub-004,NSK-GBM_sub-004_T1_t1ce,T1c
NSK-GBM,sub-004,NSK-GBM_sub-004_T1_t1w,T1
NSK-GBM,sub-004,NSK-GBM_sub-004_T1_t2w,T2
NSK-GBM,sub-005,NSK-GBM_sub-005_T1_flair,FLAIR
NSK-GBM,sub-005,NSK-GBM_sub-005_T1_t1ce,T1c
NSK-GBM,sub-005,NSK-GBM_sub-005_T1_t1w,T1
NSK-GBM,sub-005,NSK-GBM_sub-005_T1_t2w,T2
NSK-GBM,sub-006,NSK-GBM_sub-006_T1_flair,FLAIR
NSK-GBM,sub-006,NSK-GBM_sub-006_T1_t1ce,T1c
NSK-GBM,sub-006,NSK-GBM_sub-006_T1_t1w,T1
NSK-GBM,sub-006,NSK-GBM_sub-006_T1_t2w,T2
NSK-GBM,sub-007,NSK-GBM_sub-007_T1_flair,FLAIR
NSK-GBM,sub-007,NSK-GBM_sub-007_T1_t1ce,T1c
NSK-GBM,sub-007,NSK-GBM_sub-007_T1_t1w,T1
NSK-GBM,sub-007,NSK-GBM_sub-007_T1_t2w,T2
NSK-GBM,sub-008,NSK-GBM_sub-008_T1_flair,FLAIR
NSK-GBM,sub-008,NSK-GBM_sub-008_T1_t1ce,T1c
NSK-GBM,sub-008,NSK-GBM_sub-008_T1_t1w,T1
NSK-GBM,sub-008,NSK-GBM_sub-008_T1_t2w,T2
NSK-GBM,sub-009,NSK-GBM_sub-009_T1_flair,FLAIR
NSK-GBM,sub-009,NSK-GBM_sub-009_T1_t1ce,T1c
NSK-GBM,sub-009,NSK-GBM_sub-009_T1_t1w,T1
NSK-GBM,sub-009,NSK-GBM_sub-009_T1_t2w,T2
NSK-GBM,sub-010,NSK-GBM_sub-010_T1_flair,FLAIR
NSK-GBM,sub-010,NSK-GBM_sub-010_T1_t1ce,T1c
NSK-GBM,sub-010,NSK-GBM_sub-010_T1_t1w,T1
NSK-GBM,sub-010,NSK-GBM_sub-010_T1_t2w,T2
NSK-GBM,sub-011,NSK-GBM_sub-011_T1_flair,FLAIR
NSK-GBM,sub-011,NSK-GBM_sub-011_T1_t1ce,T1c
NSK-GBM,sub-011,NSK-GBM_sub-011_T1_t1w,T1
NSK-GBM,sub-011,NSK-GBM_sub-011_T1_t2w,T2
NSK-GBM,sub-012,NSK-GBM_sub-012_T1_flair,FLAIR
NSK-GBM,sub-012,NSK-GBM_sub-012_T1_t1ce,T1c
NSK-GBM,sub-012,NSK-GBM_sub-012_T1_t1w,T1
NSK-GBM,sub-012,NSK-GBM_sub-012_T1_t2w,T2
NSK-GBM,sub-013,NSK-GBM_sub-013_T1_flair,FLAIR
NSK-GBM,sub-013,NSK-GBM_sub-013_T1_t1ce,T1c
NSK-GBM,sub-013,NSK-GBM_sub-013_T1_t1w,T1
NSK-GBM,sub-013,NSK-GBM_sub-013_T1_t2w,T2
NSK-GBM,sub-014,NSK-GBM_sub-014_T1_flair,FLAIR
NSK-GBM,sub-014,NSK-GBM_sub-014_T1_t1ce,T1c
NSK-GBM,sub-014,NSK-GBM_sub-014_T1_t1w,T1
NSK-GBM,sub-014,NSK-GBM_sub-014_T1_t2w,T2
NSK-GBM,sub-015,NSK-GBM_sub-015_T1_flair,FLAIR
NSK-GBM,sub-015,NSK-GBM_sub-015_T1_t1ce,T1c
NSK-GBM,sub-015,NSK-GBM_sub-015_T1_t1w,T1
NSK-GBM,sub-015,NSK-GBM_sub-015_T1_t2w,T2
NSK-GBM,sub-016,NSK-GBM_sub-016_T1_flair,FLAIR
NSK-GBM,sub-016,NSK-GBM_sub-016_T1_t1ce,T1c
NSK-GBM,sub-016,NSK-GBM_sub-016_T1_t1w,T1
NSK-GBM,sub-016,NSK-GBM_sub-016_T1_t2w,T2
NSK-GBM,sub-017,NSK-GBM_sub-017_T1_flair,FLAIR
NSK-GBM,sub-017,NSK-GBM_sub-017_T1_t1ce,T1c
NSK-GBM,sub-017,NSK-GBM_sub-017_T1_t1w,T1
NSK-GBM,sub-017,NSK-GBM_sub-017_T1_t2w,T2
NSK-GBM,sub-018,NSK-GBM_sub-018_T1_flair,FLAIR
NSK-GBM,sub-018,NSK-GBM_sub-018_T1_t1ce,T1c
NSK-GBM,sub-018,NSK-GBM_sub-018_T1_t1w,T1
NSK-GBM,sub-018,NSK-GBM_sub-018_T1_t2w,T2
NSK-GBM,sub-019,NSK-GBM_sub-019_T1_flair,FLAIR
NSK-GBM,sub-019,NSK-GBM_sub-019_T1_t1ce,T1c
NSK-GBM,sub-019,NSK-GBM_sub-019_T1_t1w,T1
NSK-GBM,sub-019,NSK-GBM_sub-019_T1_t2w,T2
NSK-GBM,sub-020,NSK-GBM_sub-020_T1_flair,FLAIR
NSK-GBM,sub-020,NSK-GBM_sub-020_T1_t1ce,T1c
NSK-GBM,sub-020,NSK-GBM_sub-020_T1_t1w,T1
NSK-GBM,sub-020,NSK-GBM_sub-020_T1_t2w,T2
NSK-GBM,sub-021,NSK-GBM_sub-021_T1_flair,FLAIR
NSK-GBM,sub-021,NSK-GBM_sub-021_T1_t1ce,T1c
NSK-GBM,sub-021,NSK-GBM_sub-021_T1_t1w,T1
NSK-GBM,sub-021,NSK-GBM_sub-021_T1_t2w,T2
NSK-GBM,sub-022,NSK-GBM_sub-022_T1_flair,FLAIR
NSK-GBM,sub-022,NSK-GBM_sub-022_T1_t1ce,T1c
NSK-GBM,sub-022,NSK-GBM_sub-022_T1_t1w,T1
NSK-GBM,sub-022,NSK-GBM_sub-022_T1_t2w,T2
NSK-GBM,sub-023,NSK-GBM_sub-023_T1_flair,FLAIR
NSK-GBM,sub-023,NSK-GBM_sub-023_T1_t1ce,T1c
NSK-GBM,sub-023,NSK-GBM_sub-023_T1_t1w,T1
NSK-GBM,sub-023,NSK-GBM_sub-023_T1_t2w,T2
NSK-GBM,sub-024,NSK-GBM_sub-024_T1_flair,FLAIR
NSK-GBM,sub-024,NSK-GBM_sub-024_T1_t1ce,T1c
NSK-GBM,sub-024,NSK-GBM_sub-024_T1_t1w,T1
NSK-GBM,sub-024,NSK-GBM_sub-024_T1_t2w,T2
NSK-GBM,sub-025,NSK-GBM_sub-025_T1_flair,FLAIR
NSK-GBM,sub-025,NSK-GBM_sub-025_T1_t1ce,T1c
NSK-GBM,sub-025,NSK-GBM_sub-025_T1_t1w,T1
NSK-GBM,sub-025,NSK-GBM_sub-025_T1_t2w,T2
NSK-GBM,sub-026,NSK-GBM_sub-026_T1_flair,FLAIR
NSK-GBM,sub-026,NSK-GBM_sub-026_T1_t1ce,T1c
NSK-GBM,sub-026,NSK-GBM_sub-026_T1_t1w,T1
NSK-GBM,sub-026,NSK-GBM_sub-026_T1_t2w,T2
NSK-GBM,sub-027,NSK-GBM_sub-027_T1_flair,FLAIR
NSK-GBM,sub-027,NSK-GBM_sub-027_T1_t1ce,T1c
NSK-GBM,sub-027,NSK-GBM_sub-027_T1_t1w,T1
NSK-GBM,sub-027,NSK-GBM_sub-027_T1_t2w,T2
NSK-GBM,sub-028,NSK-GBM_sub-028_T1_flair,FLAIR
NSK-GBM,sub-028,NSK-GBM_sub-028_T1_t1ce,T1c
NSK-GBM,sub-028,NSK-GBM_sub-028_T1_t1w,T1
NSK-GBM,sub-028,NSK-GBM_sub-028_T1_t2w,T2
NSK-GBM,sub-029,NSK-GBM_sub-029_T1_flair,FLAIR
NSK-GBM,sub-029,NSK-GBM_sub-029_T1_t1ce,T1c
NSK-GBM,sub-029,NSK-GBM_sub-029_T1_t1w,T1
NSK-GBM,sub-029,NSK-GBM_sub-029_T1_t2w,T2
NSK-GBM,sub-030,NSK-GBM_sub-030_T1_flair,FLAIR
NSK-GBM,sub-030,NSK-GBM_sub-030_T1_t1ce,T1c
NSK-GBM,sub-030,NSK-GBM_sub-030_T1_t1w,T1
NSK-GBM,sub-030,NSK-GBM_sub-030_T1_t2w,T2
NSK-GBM,sub-031,NSK-GBM_sub-031_T1_flair,FLAIR
NSK-GBM,sub-031,NSK-GBM_sub-031_T1_t1ce,T1c
NSK-GBM,sub-031,NSK-GBM_sub-031_T1_t1w,T1
NSK-GBM,sub-031,NSK-GBM_sub-031_T1_t2w,T2
NSK-GBM,sub-032,NSK-GBM_sub-032_T1_flair,FLAIR
NSK-GBM,sub-032,NSK-GBM_sub-032_T1_t1ce,T1c
NSK-GBM,sub-032,NSK-GBM_sub-032_T1_t1w,T1
NSK-GBM,sub-032,NSK-GBM_sub-032_T1_t2w,T2
NSK-GBM,sub-033,NSK-GBM_sub-033_T1_flair,FLAIR
NSK-GBM,sub-033,NSK-GBM_sub-033_T1_t1ce,T1c
NSK-GBM,sub-033,NSK-GBM_sub-033_T1_t1w,T1
NSK-GBM,sub-033,NSK-GBM_sub-033_T1_t2w,T2
NSK-GBM,sub-034,NSK-GBM_sub-034_T1_flair,FLAIR
NSK-GBM,sub-034,NSK-GBM_sub-034_T1_t1ce,T1c
NSK-GBM,sub-034,NSK-GBM_sub-034_T1_t1w,T1
NSK-GBM,sub-034,NSK-GBM_sub-034_T1_t2w,T2
NSK-GBM,sub-035,NSK-GBM_sub-035_T1_flair,FLAIR
NSK-GBM,sub-035,NSK-GBM_sub-035_T1_t1ce,T1c
NSK-GBM,sub-035,NSK-GBM_sub-035_T1_t1w,T1
NSK-GBM,sub-035,NSK-GBM_sub-035_T1_t2w,T2
NSK-GBM,sub-036,NSK-GBM_sub-036_T1_flair,FLAIR
NSK-GBM,sub-036,NSK-GBM_sub-036_T1_t1ce,T1c
NSK-GBM,sub-036,NSK-GBM_sub-036_T1_t1w,T1
NSK-GBM,sub-036,NSK-GBM_sub-036_T1_t2w,T2
NSK-GBM,sub-037,NSK-GBM_sub-037_T1_flair,FLAIR
NSK-GBM,sub-037,NSK-GBM_sub-037_T1_t1ce,T1c
NSK-GBM,sub-037,NSK-GBM_sub-037_T1_t1w,T1
NSK-GBM,sub-037,NSK-GBM_sub-037_T1_t2w,T2
NSK-GBM,sub-038,NSK-GBM_sub-038_T1_flair,FLAIR
NSK-GBM,sub-038,NSK-GBM_sub-038_T1_t1ce,T1c
NSK-GBM,sub-038,NSK-GBM_sub-038_T1_t1w,T1
NSK-GBM,sub-038,NSK-GBM_sub-038_T1_t2w,T2
NSK-GBM,sub-039,NSK-GBM_sub-039_T1_flair,FLAIR
NSK-GBM,sub-039,NSK-GBM_sub-039_T1_t1ce,T1c
NSK-GBM,sub-039,NSK-GBM_sub-039_T1_t1w,T1
NSK-GBM,sub-039,NSK-GBM_sub-039_T1_t2w,T2
NSK-GBM,sub-040,NSK-GBM_sub-040_T1_flair,FLAIR
NSK-GBM,sub-040,NSK-GBM_sub-040_T1_t1ce,T1c
NSK-GBM,sub-040,NSK-GBM_sub-040_T1_t1w,T1
NSK-GBM,sub-040,NSK-GBM_sub-040_T1_t2w,T2
NSK-GBM,sub-041,NSK-GBM_sub-041_T1_flair,FLAIR
NSK-GBM,sub-041,NSK-GBM_sub-041_T1_t1ce,T1c
NSK-GBM,sub-041,NSK-GBM_sub-041_T1_t1w,T1
NSK-GBM,sub-041,NSK-GBM_sub-041_T1_t2w,T2
NSK-GBM,sub-042,NSK-GBM_sub-042_T1_flair,FLAIR
NSK-GBM,sub-042,NSK-GBM_sub-042_T1_t1ce,T1c
NSK-GBM,sub-042,NSK-GBM_sub-042_T1_t1w,T1
NSK-GBM,sub-042,NSK-GBM_sub-042_T1_t2w,T2
OASIS-1,OAS1_0001,OASIS1_OAS1_0001_MR1,T1
OASIS-1,OAS1_0002,OASIS1_OAS1_0002_MR1,T1
OASIS-1,OAS1_0003,OASIS1_OAS1_0003_MR1,T1
OASIS-1,OAS1_0004,OASIS1_OAS1_0004_MR1,T1
OASIS-1,OAS1_0005,OASIS1_OAS1_0005_MR1,T1
OASIS-1,OAS1_0006,OASIS1_OAS1_0006_MR1,T1
OASIS-1,OAS1_0007,OASIS1_OAS1_0007_MR1,T1
OASIS-1,OAS1_0009,OASIS1_OAS1_0009_MR1,T1
OASIS-1,OAS1_0010,OASIS1_OAS1_0010_MR1,T1
OASIS-1,OAS1_0012,OASIS1_OAS1_0012_MR1,T1
OASIS-1,OAS1_0013,OASIS1_OAS1_0013_MR1,T1
OASIS-1,OAS1_0015,OASIS1_OAS1_0015_MR1,T1
OASIS-1,OAS1_0016,OASIS1_OAS1_0016_MR1,T1
OASIS-1,OAS1_0017,OASIS1_OAS1_0017_MR1,T1
OASIS-1,OAS1_0018,OASIS1_OAS1_0018_MR1,T1
OASIS-1,OAS1_0019,OASIS1_OAS1_0019_MR1,T1
OASIS-1,OAS1_0020,OASIS1_OAS1_0020_MR1,T1
OASIS-1,OAS1_0021,OASIS1_OAS1_0021_MR1,T1
OASIS-1,OAS1_0023,OASIS1_OAS1_0023_MR1,T1
OASIS-1,OAS1_0026,OASIS1_OAS1_0026_MR1,T1
OASIS-1,OAS1_0027,OASIS1_OAS1_0027_MR1,T1
OASIS-1,OAS1_0028,OASIS1_OAS1_0028_MR1,T1
OASIS-1,OAS1_0029,OASIS1_OAS1_0029_MR1,T1
OASIS-1,OAS1_0030,OASIS1_OAS1_0030_MR1,T1
OASIS-1,OAS1_0031,OASIS1_OAS1_0031_MR1,T1
OASIS-1,OAS1_0033,OASIS1_OAS1_0033_MR1,T1
OASIS-1,OAS1_0034,OASIS1_OAS1_0034_MR1,T1
OASIS-1,OAS1_0038,OASIS1_OAS1_0038_MR1,T1
OASIS-1,OAS1_0039,OASIS1_OAS1_0039_MR1,T1
OASIS-1,OAS1_0040,OASIS1_OAS1_0040_MR1,T1
OASIS-1,OAS1_0041,OASIS1_OAS1_0041_MR1,T1
OASIS-1,OAS1_0042,OASIS1_OAS1_0042_MR1,T1
OASIS-1,OAS1_0044,OASIS1_OAS1_0044_MR1,T1
OASIS-1,OAS1_0045,OASIS1_OAS1_0045_MR1,T1
OASIS-1,OAS1_0046,OASIS1_OAS1_0046_MR1,T1
OASIS-1,OAS1_0047,OASIS1_OAS1_0047_MR1,T1
OASIS-1,OAS1_0049,OASIS1_OAS1_0049_MR1,T1
OASIS-1,OAS1_0050,OASIS1_OAS1_0050_MR1,T1
OASIS-1,OAS1_0051,OASIS1_OAS1_0051_MR1,T1
OASIS-1,OAS1_0052,OASIS1_OAS1_0052_MR1,T1
OASIS-1,OAS1_0053,OASIS1_OAS1_0053_MR1,T1
OASIS-1,OAS1_0056,OASIS1_OAS1_0056_MR1,T1
OASIS-1,OAS1_0057,OASIS1_OAS1_0057_MR1,T1
OASIS-1,OAS1_0060,OASIS1_OAS1_0060_MR1,T1
OASIS-1,OAS1_0061,OASIS1_OAS1_0061_MR1,T1
OASIS-1,OAS1_0061,OASIS1_OAS1_0061_MR2,T1
OASIS-1,OAS1_0062,OASIS1_OAS1_0062_MR1,T1
OASIS-1,OAS1_0063,OASIS1_OAS1_0063_MR1,T1
OASIS-1,OAS1_0064,OASIS1_OAS1_0064_MR1,T1
OASIS-1,OAS1_0066,OASIS1_OAS1_0066_MR1,T1
OASIS-1,OAS1_0069,OASIS1_OAS1_0069_MR1,T1
OASIS-1,OAS1_0072,OASIS1_OAS1_0072_MR1,T1
OASIS-1,OAS1_0073,OASIS1_OAS1_0073_MR1,T1
OASIS-1,OAS1_0074,OASIS1_OAS1_0074_MR1,T1
OASIS-1,OAS1_0077,OASIS1_OAS1_0077_MR1,T1
OASIS-1,OAS1_0078,OASIS1_OAS1_0078_MR1,T1
OASIS-1,OAS1_0080,OASIS1_OAS1_0080_MR1,T1
OASIS-1,OAS1_0080,OASIS1_OAS1_0080_MR2,T1
OASIS-1,OAS1_0082,OASIS1_OAS1_0082_MR1,T1
OASIS-1,OAS1_0084,OASIS1_OAS1_0084_MR1,T1
OASIS-1,OAS1_0085,OASIS1_OAS1_0085_MR1,T1
OASIS-1,OAS1_0090,OASIS1_OAS1_0090_MR1,T1
OASIS-1,OAS1_0092,OASIS1_OAS1_0092_MR1,T1
OASIS-1,OAS1_0092,OASIS1_OAS1_0092_MR2,T1
OASIS-1,OAS1_0095,OASIS1_OAS1_0095_MR1,T1
OASIS-1,OAS1_0096,OASIS1_OAS1_0096_MR1,T1
OASIS-1,OAS1_0097,OASIS1_OAS1_0097_MR1,T1
OASIS-1,OAS1_0098,OASIS1_OAS1_0098_MR1,T1
OASIS-1,OAS1_0099,OASIS1_OAS1_0099_MR1,T1
OASIS-1,OAS1_0102,OASIS1_OAS1_0102_MR1,T1
OASIS-1,OAS1_0105,OASIS1_OAS1_0105_MR1,T1
OASIS-1,OAS1_0108,OASIS1_OAS1_0108_MR1,T1
OASIS-1,OAS1_0109,OASIS1_OAS1_0109_MR1,T1
OASIS-1,OAS1_0110,OASIS1_OAS1_0110_MR1,T1
OASIS-1,OAS1_0111,OASIS1_OAS1_0111_MR1,T1
OASIS-1,OAS1_0111,OASIS1_OAS1_0111_MR2,T1
OASIS-1,OAS1_0112,OASIS1_OAS1_0112_MR1,T1
OASIS-1,OAS1_0115,OASIS1_OAS1_0115_MR1,T1
OASIS-1,OAS1_0116,OASIS1_OAS1_0116_MR1,T1
OASIS-1,OAS1_0117,OASIS1_OAS1_0117_MR1,T1
OASIS-1,OAS1_0117,OASIS1_OAS1_0117_MR2,T1
OASIS-1,OAS1_0119,OASIS1_OAS1_0119_MR1,T1
OASIS-1,OAS1_0122,OASIS1_OAS1_0122_MR1,T1
OASIS-1,OAS1_0125,OASIS1_OAS1_0125_MR1,T1
OASIS-1,OAS1_0126,OASIS1_OAS1_0126_MR1,T1
OASIS-1,OAS1_0127,OASIS1_OAS1_0127_MR1,T1
OASIS-1,OAS1_0129,OASIS1_OAS1_0129_MR1,T1
OASIS-1,OAS1_0131,OASIS1_OAS1_0131_MR1,T1
OASIS-1,OAS1_0132,OASIS1_OAS1_0132_MR1,T1
OASIS-1,OAS1_0133,OASIS1_OAS1_0133_MR1,T1
OASIS-1,OAS1_0134,OASIS1_OAS1_0134_MR1,T1
OASIS-1,OAS1_0135,OASIS1_OAS1_0135_MR1,T1
OASIS-1,OAS1_0137,OASIS1_OAS1_0137_MR1,T1
OASIS-1,OAS1_0138,OASIS1_OAS1_0138_MR1,T1
OASIS-1,OAS1_0139,OASIS1_OAS1_0139_MR1,T1
OASIS-1,OAS1_0140,OASIS1_OAS1_0140_MR1,T1
OASIS-1,OAS1_0141,OASIS1_OAS1_0141_MR1,T1
OASIS-1,OAS1_0142,OASIS1_OAS1_0142_MR1,T1
OASIS-1,OAS1_0143,OASIS1_OAS1_0143_MR1,T1
OASIS-1,OAS1_0144,OASIS1_OAS1_0144_MR1,T1
OASIS-1,OAS1_0145,OASIS1_OAS1_0145_MR1,T1
OASIS-1,OAS1_0145,OASIS1_OAS1_0145_MR2,T1
OASIS-1,OAS1_0146,OASIS1_OAS1_0146_MR1,T1
OASIS-1,OAS1_0147,OASIS1_OAS1_0147_MR1,T1
OASIS-1,OAS1_0153,OASIS1_OAS1_0153_MR1,T1
OASIS-1,OAS1_0155,OASIS1_OAS1_0155_MR1,T1
OASIS-1,OAS1_0156,OASIS1_OAS1_0156_MR1,T1
OASIS-1,OAS1_0156,OASIS1_OAS1_0156_MR2,T1
OASIS-1,OAS1_0157,OASIS1_OAS1_0157_MR1,T1
OASIS-1,OAS1_0162,OASIS1_OAS1_0162_MR1,T1
OASIS-1,OAS1_0163,OASIS1_OAS1_0163_MR1,T1
OASIS-1,OAS1_0164,OASIS1_OAS1_0164_MR1,T1
OASIS-1,OAS1_0166,OASIS1_OAS1_0166_MR1,T1
OASIS-1,OAS1_0167,OASIS1_OAS1_0167_MR1,T1
OASIS-1,OAS1_0168,OASIS1_OAS1_0168_MR1,T1
OASIS-1,OAS1_0169,OASIS1_OAS1_0169_MR1,T1
OASIS-1,OAS1_0170,OASIS1_OAS1_0170_MR1,T1
OASIS-1,OAS1_0174,OASIS1_OAS1_0174_MR1,T1
OASIS-1,OAS1_0176,OASIS1_OAS1_0176_MR1,T1
OASIS-1,OAS1_0177,OASIS1_OAS1_0177_MR1,T1
OASIS-1,OAS1_0178,OASIS1_OAS1_0178_MR1,T1
OASIS-1,OAS1_0183,OASIS1_OAS1_0183_MR1,T1
OASIS-1,OAS1_0184,OASIS1_OAS1_0184_MR1,T1
OASIS-1,OAS1_0185,OASIS1_OAS1_0185_MR1,T1
OASIS-1,OAS1_0188,OASIS1_OAS1_0188_MR1,T1
OASIS-1,OAS1_0189,OASIS1_OAS1_0189_MR1,T1
OASIS-1,OAS1_0191,OASIS1_OAS1_0191_MR1,T1
OASIS-1,OAS1_0191,OASIS1_OAS1_0191_MR2,T1
OASIS-1,OAS1_0192,OASIS1_OAS1_0192_MR1,T1
OASIS-1,OAS1_0193,OASIS1_OAS1_0193_MR1,T1
OASIS-1,OAS1_0195,OASIS1_OAS1_0195_MR1,T1
OASIS-1,OAS1_0198,OASIS1_OAS1_0198_MR1,T1
OASIS-1,OAS1_0199,OASIS1_OAS1_0199_MR1,T1
OASIS-1,OAS1_0200,OASIS1_OAS1_0200_MR1,T1
OASIS-1,OAS1_0201,OASIS1_OAS1_0201_MR1,T1
OASIS-1,OAS1_0202,OASIS1_OAS1_0202_MR1,T1
OASIS-1,OAS1_0202,OASIS1_OAS1_0202_MR2,T1
OASIS-1,OAS1_0203,OASIS1_OAS1_0203_MR1,T1
OASIS-1,OAS1_0205,OASIS1_OAS1_0205_MR1,T1
OASIS-1,OAS1_0207,OASIS1_OAS1_0207_MR1,T1
OASIS-1,OAS1_0209,OASIS1_OAS1_0209_MR1,T1
OASIS-1,OAS1_0210,OASIS1_OAS1_0210_MR1,T1
OASIS-1,OAS1_0211,OASIS1_OAS1_0211_MR1,T1
OASIS-1,OAS1_0213,OASIS1_OAS1_0213_MR1,T1
OASIS-1,OAS1_0214,OASIS1_OAS1_0214_MR1,T1
OASIS-1,OAS1_0216,OASIS1_OAS1_0216_MR1,T1
OASIS-1,OAS1_0217,OASIS1_OAS1_0217_MR1,T1
OASIS-1,OAS1_0220,OASIS1_OAS1_0220_MR1,T1
OASIS-1,OAS1_0221,OASIS1_OAS1_0221_MR1,T1
OASIS-1,OAS1_0223,OASIS1_OAS1_0223_MR1,T1
OASIS-1,OAS1_0224,OASIS1_OAS1_0224_MR1,T1
OASIS-1,OAS1_0227,OASIS1_OAS1_0227_MR1,T1
OASIS-1,OAS1_0228,OASIS1_OAS1_0228_MR1,T1
OASIS-1,OAS1_0229,OASIS1_OAS1_0229_MR1,T1
OASIS-1,OAS1_0230,OASIS1_OAS1_0230_MR1,T1
OASIS-1,OAS1_0230,OASIS1_OAS1_0230_MR2,T1
OASIS-1,OAS1_0234,OASIS1_OAS1_0234_MR1,T1
OASIS-1,OAS1_0236,OASIS1_OAS1_0236_MR1,T1
OASIS-1,OAS1_0236,OASIS1_OAS1_0236_MR2,T1
OASIS-1,OAS1_0237,OASIS1_OAS1_0237_MR1,T1
OASIS-1,OAS1_0240,OASIS1_OAS1_0240_MR1,T1
OASIS-1,OAS1_0243,OASIS1_OAS1_0243_MR1,T1
OASIS-1,OAS1_0247,OASIS1_OAS1_0247_MR1,T1
OASIS-1,OAS1_0250,OASIS1_OAS1_0250_MR1,T1
OASIS-1,OAS1_0253,OASIS1_OAS1_0253_MR1,T1
OASIS-1,OAS1_0254,OASIS1_OAS1_0254_MR1,T1
OASIS-1,OAS1_0256,OASIS1_OAS1_0256_MR1,T1
OASIS-1,OAS1_0258,OASIS1_OAS1_0258_MR1,T1
OASIS-1,OAS1_0259,OASIS1_OAS1_0259_MR1,T1
OASIS-1,OAS1_0260,OASIS1_OAS1_0260_MR1,T1
OASIS-1,OAS1_0261,OASIS1_OAS1_0261_MR1,T1
OASIS-1,OAS1_0262,OASIS1_OAS1_0262_MR1,T1
OASIS-1,OAS1_0264,OASIS1_OAS1_0264_MR1,T1
OASIS-1,OAS1_0265,OASIS1_OAS1_0265_MR1,T1
OASIS-1,OAS1_0266,OASIS1_OAS1_0266_MR1,T1
OASIS-1,OAS1_0267,OASIS1_OAS1_0267_MR1,T1
OASIS-1,OAS1_0270,OASIS1_OAS1_0270_MR1,T1
OASIS-1,OAS1_0271,OASIS1_OAS1_0271_MR1,T1
OASIS-1,OAS1_0272,OASIS1_OAS1_0272_MR1,T1
OASIS-1,OAS1_0274,OASIS1_OAS1_0274_MR1,T1
OASIS-1,OAS1_0277,OASIS1_OAS1_0277_MR1,T1
OASIS-1,OAS1_0278,OASIS1_OAS1_0278_MR1,T1
OASIS-1,OAS1_0280,OASIS1_OAS1_0280_MR1,T1
OASIS-1,OAS1_0281,OASIS1_OAS1_0281_MR1,T1
OASIS-1,OAS1_0285,OASIS1_OAS1_0285_MR1,T1
OASIS-1,OAS1_0285,OASIS1_OAS1_0285_MR2,T1
OASIS-1,OAS1_0286,OASIS1_OAS1_0286_MR1,T1
OASIS-1,OAS1_0287,OASIS1_OAS1_0287_MR1,T1
OASIS-1,OAS1_0289,OASIS1_OAS1_0289_MR1,T1
OASIS-1,OAS1_0290,OASIS1_OAS1_0290_MR1,T1
OASIS-1,OAS1_0291,OASIS1_OAS1_0291_MR1,T1
OASIS-1,OAS1_0292,OASIS1_OAS1_0292_MR1,T1
OASIS-1,OAS1_0293,OASIS1_OAS1_0293_MR1,T1
OASIS-1,OAS1_0294,OASIS1_OAS1_0294_MR1,T1
OASIS-1,OAS1_0295,OASIS1_OAS1_0295_MR1,T1
OASIS-1,OAS1_0298,OASIS1_OAS1_0298_MR1,T1
OASIS-1,OAS1_0299,OASIS1_OAS1_0299_MR1,T1
OASIS-1,OAS1_0301,OASIS1_OAS1_0301_MR1,T1
OASIS-1,OAS1_0303,OASIS1_OAS1_0303_MR1,T1
OASIS-1,OAS1_0304,OASIS1_OAS1_0304_MR1,T1
OASIS-1,OAS1_0305,OASIS1_OAS1_0305_MR1,T1
OASIS-1,OAS1_0307,OASIS1_OAS1_0307_MR1,T1
OASIS-1,OAS1_0309,OASIS1_OAS1_0309_MR1,T1
OASIS-1,OAS1_0310,OASIS1_OAS1_0310_MR1,T1
OASIS-1,OAS1_0312,OASIS1_OAS1_0312_MR1,T1
OASIS-1,OAS1_0314,OASIS1_OAS1_0314_MR1,T1
OASIS-1,OAS1_0315,OASIS1_OAS1_0315_MR1,T1
OASIS-1,OAS1_0317,OASIS1_OAS1_0317_MR1,T1
OASIS-1,OAS1_0318,OASIS1_OAS1_0318_MR1,T1
OASIS-1,OAS1_0319,OASIS1_OAS1_0319_MR1,T1
OASIS-1,OAS1_0321,OASIS1_OAS1_0321_MR1,T1
OASIS-1,OAS1_0322,OASIS1_OAS1_0322_MR1,T1
OASIS-1,OAS1_0323,OASIS1_OAS1_0323_MR1,T1
OASIS-1,OAS1_0325,OASIS1_OAS1_0325_MR1,T1
OASIS-1,OAS1_0327,OASIS1_OAS1_0327_MR1,T1
OASIS-1,OAS1_0328,OASIS1_OAS1_0328_MR1,T1
OASIS-1,OAS1_0331,OASIS1_OAS1_0331_MR1,T1
OASIS-1,OAS1_0333,OASIS1_OAS1_0333_MR1,T1
OASIS-1,OAS1_0337,OASIS1_OAS1_0337_MR1,T1
OASIS-1,OAS1_0338,OASIS1_OAS1_0338_MR1,T1
OASIS-1,OAS1_0340,OASIS1_OAS1_0340_MR1,T1
OASIS-1,OAS1_0341,OASIS1_OAS1_0341_MR1,T1
OASIS-1,OAS1_0342,OASIS1_OAS1_0342_MR1,T1
OASIS-1,OAS1_0343,OASIS1_OAS1_0343_MR1,T1
OASIS-1,OAS1_0344,OASIS1_OAS1_0344_MR1,T1
OASIS-1,OAS1_0345,OASIS1_OAS1_0345_MR1,T1
OASIS-1,OAS1_0346,OASIS1_OAS1_0346_MR1,T1
OASIS-1,OAS1_0348,OASIS1_OAS1_0348_MR1,T1
OASIS-1,OAS1_0349,OASIS1_OAS1_0349_MR1,T1
OASIS-1,OAS1_0351,OASIS1_OAS1_0351_MR1,T1
OASIS-1,OAS1_0352,OASIS1_OAS1_0352_MR1,T1
OASIS-1,OAS1_0354,OASIS1_OAS1_0354_MR1,T1
OASIS-1,OAS1_0355,OASIS1_OAS1_0355_MR1,T1
OASIS-1,OAS1_0361,OASIS1_OAS1_0361_MR1,T1
OASIS-1,OAS1_0362,OASIS1_OAS1_0362_MR1,T1
OASIS-1,OAS1_0363,OASIS1_OAS1_0363_MR1,T1
OASIS-1,OAS1_0366,OASIS1_OAS1_0366_MR1,T1
OASIS-1,OAS1_0367,OASIS1_OAS1_0367_MR1,T1
OASIS-1,OAS1_0368,OASIS1_OAS1_0368_MR1,T1
OASIS-1,OAS1_0368,OASIS1_OAS1_0368_MR2,T1
OASIS-1,OAS1_0370,OASIS1_OAS1_0370_MR1,T1
OASIS-1,OAS1_0371,OASIS1_OAS1_0371_MR1,T1
OASIS-1,OAS1_0372,OASIS1_OAS1_0372_MR1,T1
OASIS-1,OAS1_0373,OASIS1_OAS1_0373_MR1,T1
OASIS-1,OAS1_0374,OASIS1_OAS1_0374_MR1,T1
OASIS-1,OAS1_0375,OASIS1_OAS1_0375_MR1,T1
OASIS-1,OAS1_0376,OASIS1_OAS1_0376_MR1,T1
OASIS-1,OAS1_0377,OASIS1_OAS1_0377_MR1,T1
OASIS-1,OAS1_0378,OASIS1_OAS1_0378_MR1,T1
OASIS-1,OAS1_0379,OASIS1_OAS1_0379_MR1,T1
OASIS-1,OAS1_0379,OASIS1_OAS1_0379_MR2,T1
OASIS-1,OAS1_0381,OASIS1_OAS1_0381_MR1,T1
OASIS-1,OAS1_0382,OASIS1_OAS1_0382_MR1,T1
OASIS-1,OAS1_0383,OASIS1_OAS1_0383_MR1,T1
OASIS-1,OAS1_0384,OASIS1_OAS1_0384_MR1,T1
OASIS-1,OAS1_0385,OASIS1_OAS1_0385_MR1,T1
OASIS-1,OAS1_0386,OASIS1_OAS1_0386_MR1,T1
OASIS-1,OAS1_0387,OASIS1_OAS1_0387_MR1,T1
OASIS-1,OAS1_0388,OASIS1_OAS1_0388_MR1,T1
OASIS-1,OAS1_0392,OASIS1_OAS1_0392_MR1,T1
OASIS-1,OAS1_0394,OASIS1_OAS1_0394_MR1,T1
OASIS-1,OAS1_0397,OASIS1_OAS1_0397_MR1,T1
OASIS-1,OAS1_0398,OASIS1_OAS1_0398_MR1,T1
OASIS-1,OAS1_0399,OASIS1_OAS1_0399_MR1,T1
OASIS-1,OAS1_0400,OASIS1_OAS1_0400_MR1,T1
OASIS-1,OAS1_0401,OASIS1_OAS1_0401_MR1,T1
OASIS-1,OAS1_0402,OASIS1_OAS1_0402_MR1,T1
OASIS-1,OAS1_0404,OASIS1_OAS1_0404_MR1,T1
OASIS-1,OAS1_0405,OASIS1_OAS1_0405_MR1,T1
OASIS-1,OAS1_0406,OASIS1_OAS1_0406_MR1,T1
OASIS-1,OAS1_0408,OASIS1_OAS1_0408_MR1,T1
OASIS-1,OAS1_0409,OASIS1_OAS1_0409_MR1,T1
OASIS-1,OAS1_0411,OASIS1_OAS1_0411_MR1,T1
OASIS-1,OAS1_0413,OASIS1_OAS1_0413_MR1,T1
OASIS-1,OAS1_0416,OASIS1_OAS1_0416_MR1,T1
OASIS-1,OAS1_0418,OASIS1_OAS1_0418_MR1,T1
OASIS-1,OAS1_0419,OASIS1_OAS1_0419_MR1,T1
OASIS-1,OAS1_0420,OASIS1_OAS1_0420_MR1,T1
OASIS-1,OAS1_0421,OASIS1_OAS1_0421_MR1,T1
OASIS-1,OAS1_0422,OASIS1_OAS1_0422_MR1,T1
OASIS-1,OAS1_0425,OASIS1_OAS1_0425_MR1,T1
OASIS-1,OAS1_0426,OASIS1_OAS1_0426_MR1,T1
OASIS-1,OAS1_0429,OASIS1_OAS1_0429_MR1,T1
OASIS-1,OAS1_0430,OASIS1_OAS1_0430_MR1,T1
OASIS-1,OAS1_0431,OASIS1_OAS1_0431_MR1,T1
OASIS-1,OAS1_0432,OASIS1_OAS1_0432_MR1,T1
OASIS-1,OAS1_0434,OASIS1_OAS1_0434_MR1,T1
OASIS-1,OAS1_0435,OASIS1_OAS1_0435_MR1,T1
OASIS-1,OAS1_0439,OASIS1_OAS1_0439_MR1,T1
OASIS-1,OAS1_0440,OASIS1_OAS1_0440_MR1,T1
OASIS-1,OAS1_0441,OASIS1_OAS1_0441_MR1,T1
OASIS-1,OAS1_0442,OASIS1_OAS1_0442_MR1,T1
OASIS-1,OAS1_0445,OASIS1_OAS1_0445_MR1,T1
OASIS-1,OAS1_0447,OASIS1_OAS1_0447_MR1,T1
OASIS-1,OAS1_0448,OASIS1_OAS1_0448_MR1,T1
OASIS-1,OAS1_0449,OASIS1_OAS1_0449_MR1,T1
OASIS-1,OAS1_0451,OASIS1_OAS1_0451_MR1,T1
OASIS-1,OAS1_0452,OASIS1_OAS1_0452_MR1,T1
OASIS-1,OAS1_0454,OASIS1_OAS1_0454_MR1,T1
OASIS-1,OAS1_0456,OASIS1_OAS1_0456_MR1,T1
OASIS-2,OAS2_0001,OASIS2_OAS2_0001_MR1,T1
OASIS-2,OAS2_0001,OASIS2_OAS2_0001_MR2,T1
OASIS-2,OAS2_0002,OASIS2_OAS2_0002_MR1,T1
OASIS-2,OAS2_0002,OASIS2_OAS2_0002_MR2,T1
OASIS-2,OAS2_0002,OASIS2_OAS2_0002_MR3,T1
OASIS-2,OAS2_0004,OASIS2_OAS2_0004_MR1,T1
OASIS-2,OAS2_0004,OASIS2_OAS2_0004_MR2,T1
OASIS-2,OAS2_0005,OASIS2_OAS2_0005_MR1,T1
OASIS-2,OAS2_0005,OASIS2_OAS2_0005_MR2,T1
OASIS-2,OAS2_0005,OASIS2_OAS2_0005_MR3,T1
OASIS-2,OAS2_0007,OASIS2_OAS2_0007_MR1,T1
OASIS-2,OAS2_0007,OASIS2_OAS2_0007_MR3,T1
OASIS-2,OAS2_0007,OASIS2_OAS2_0007_MR4,T1
OASIS-2,OAS2_0008,OASIS2_OAS2_0008_MR1,T1
OASIS-2,OAS2_0008,OASIS2_OAS2_0008_MR2,T1
OASIS-2,OAS2_0012,OASIS2_OAS2_0012_MR1,T1
OASIS-2,OAS2_0012,OASIS2_OAS2_0012_MR2,T1
OASIS-2,OAS2_0012,OASIS2_OAS2_0012_MR3,T1
OASIS-2,OAS2_0013,OASIS2_OAS2_0013_MR1,T1
OASIS-2,OAS2_0013,OASIS2_OAS2_0013_MR2,T1
OASIS-2,OAS2_0013,OASIS2_OAS2_0013_MR3,T1
OASIS-2,OAS2_0014,OASIS2_OAS2_0014_MR1,T1
OASIS-2,OAS2_0014,OASIS2_OAS2_0014_MR2,T1
OASIS-2,OAS2_0017,OASIS2_OAS2_0017_MR1,T1
OASIS-2,OAS2_0017,OASIS2_OAS2_0017_MR3,T1
OASIS-2,OAS2_0017,OASIS2_OAS2_0017_MR4,T1
OASIS-2,OAS2_0017,OASIS2_OAS2_0017_MR5,T1
OASIS-2,OAS2_0018,OASIS2_OAS2_0018_MR1,T1
OASIS-2,OAS2_0018,OASIS2_OAS2_0018_MR3,T1
OASIS-2,OAS2_0018,OASIS2_OAS2_0018_MR4,T1
OASIS-2,OAS2_0020,OASIS2_OAS2_0020_MR1,T1
OASIS-2,OAS2_0020,OASIS2_OAS2_0020_MR2,T1
OASIS-2,OAS2_0020,OASIS2_OAS2_0020_MR3,T1
OASIS-2,OAS2_0021,OASIS2_OAS2_0021_MR1,T1
OASIS-2,OAS2_0021,OASIS2_OAS2_0021_MR2,T1
OASIS-2,OAS2_0022,OASIS2_OAS2_0022_MR1,T1
OASIS-2,OAS2_0022,OASIS2_OAS2_0022_MR2,T1
OASIS-2,OAS2_0026,OASIS2_OAS2_0026_MR1,T1
OASIS-2,OAS2_0026,OASIS2_OAS2_0026_MR2,T1
OASIS-2,OAS2_0027,OASIS2_OAS2_0027_MR1,T1
OASIS-2,OAS2_0027,OASIS2_OAS2_0027_MR2,T1
OASIS-2,OAS2_0027,OASIS2_OAS2_0027_MR3,T1
OASIS-2,OAS2_0027,OASIS2_OAS2_0027_MR4,T1
OASIS-2,OAS2_0028,OASIS2_OAS2_0028_MR1,T1
OASIS-2,OAS2_0028,OASIS2_OAS2_0028_MR2,T1
OASIS-2,OAS2_0029,OASIS2_OAS2_0029_MR1,T1
OASIS-2,OAS2_0029,OASIS2_OAS2_0029_MR2,T1
OASIS-2,OAS2_0030,OASIS2_OAS2_0030_MR1,T1
OASIS-2,OAS2_0030,OASIS2_OAS2_0030_MR2,T1
OASIS-2,OAS2_0031,OASIS2_OAS2_0031_MR1,T1
OASIS-2,OAS2_0031,OASIS2_OAS2_0031_MR2,T1
OASIS-2,OAS2_0031,OASIS2_OAS2_0031_MR3,T1
OASIS-2,OAS2_0032,OASIS2_OAS2_0032_MR1,T1
OASIS-2,OAS2_0032,OASIS2_OAS2_0032_MR2,T1
OASIS-2,OAS2_0034,OASIS2_OAS2_0034_MR1,T1
OASIS-2,OAS2_0034,OASIS2_OAS2_0034_MR2,T1
OASIS-2,OAS2_0034,OASIS2_OAS2_0034_MR3,T1
OASIS-2,OAS2_0034,OASIS2_OAS2_0034_MR4,T1
OASIS-2,OAS2_0035,OASIS2_OAS2_0035_MR1,T1
OASIS-2,OAS2_0035,OASIS2_OAS2_0035_MR2,T1
OASIS-2,OAS2_0037,OASIS2_OAS2_0037_MR1,T1
OASIS-2,OAS2_0037,OASIS2_OAS2_0037_MR2,T1
OASIS-2,OAS2_0037,OASIS2_OAS2_0037_MR3,T1
OASIS-2,OAS2_0037,OASIS2_OAS2_0037_MR4,T1
OASIS-2,OAS2_0039,OASIS2_OAS2_0039_MR1,T1
OASIS-2,OAS2_0039,OASIS2_OAS2_0039_MR2,T1
OASIS-2,OAS2_0040,OASIS2_OAS2_0040_MR1,T1
OASIS-2,OAS2_0040,OASIS2_OAS2_0040_MR2,T1
OASIS-2,OAS2_0040,OASIS2_OAS2_0040_MR3,T1
OASIS-2,OAS2_0042,OASIS2_OAS2_0042_MR1,T1
OASIS-2,OAS2_0042,OASIS2_OAS2_0042_MR2,T1
OASIS-2,OAS2_0044,OASIS2_OAS2_0044_MR1,T1
OASIS-2,OAS2_0044,OASIS2_OAS2_0044_MR2,T1
OASIS-2,OAS2_0044,OASIS2_OAS2_0044_MR3,T1
OASIS-2,OAS2_0045,OASIS2_OAS2_0045_MR1,T1
OASIS-2,OAS2_0045,OASIS2_OAS2_0045_MR2,T1
OASIS-2,OAS2_0046,OASIS2_OAS2_0046_MR1,T1
OASIS-2,OAS2_0046,OASIS2_OAS2_0046_MR2,T1
OASIS-2,OAS2_0047,OASIS2_OAS2_0047_MR1,T1
OASIS-2,OAS2_0047,OASIS2_OAS2_0047_MR2,T1
OASIS-2,OAS2_0049,OASIS2_OAS2_0049_MR1,T1
OASIS-2,OAS2_0049,OASIS2_OAS2_0049_MR2,T1
OASIS-2,OAS2_0049,OASIS2_OAS2_0049_MR3,T1
OASIS-2,OAS2_0050,OASIS2_OAS2_0050_MR1,T1
OASIS-2,OAS2_0050,OASIS2_OAS2_0050_MR2,T1
OASIS-2,OAS2_0051,OASIS2_OAS2_0051_MR1,T1
OASIS-2,OAS2_0051,OASIS2_OAS2_0051_MR2,T1
OASIS-2,OAS2_0051,OASIS2_OAS2_0051_MR3,T1
OASIS-2,OAS2_0052,OASIS2_OAS2_0052_MR1,T1
OASIS-2,OAS2_0052,OASIS2_OAS2_0052_MR2,T1
OASIS-2,OAS2_0054,OASIS2_OAS2_0054_MR1,T1
OASIS-2,OAS2_0054,OASIS2_OAS2_0054_MR2,T1
OASIS-2,OAS2_0055,OASIS2_OAS2_0055_MR1,T1
OASIS-2,OAS2_0055,OASIS2_OAS2_0055_MR2,T1
OASIS-2,OAS2_0056,OASIS2_OAS2_0056_MR1,T1
OASIS-2,OAS2_0056,OASIS2_OAS2_0056_MR2,T1
OASIS-2,OAS2_0057,OASIS2_OAS2_0057_MR1,T1
OASIS-2,OAS2_0057,OASIS2_OAS2_0057_MR2,T1
OASIS-2,OAS2_0057,OASIS2_OAS2_0057_MR3,T1
OASIS-2,OAS2_0060,OASIS2_OAS2_0060_MR1,T1
OASIS-2,OAS2_0060,OASIS2_OAS2_0060_MR2,T1
OASIS-2,OAS2_0061,OASIS2_OAS2_0061_MR1,T1
OASIS-2,OAS2_0061,OASIS2_OAS2_0061_MR2,T1
OASIS-2,OAS2_0061,OASIS2_OAS2_0061_MR3,T1
OASIS-2,OAS2_0062,OASIS2_OAS2_0062_MR1,T1
OASIS-2,OAS2_0062,OASIS2_OAS2_0062_MR2,T1
OASIS-2,OAS2_0062,OASIS2_OAS2_0062_MR3,T1
OASIS-2,OAS2_0063,OASIS2_OAS2_0063_MR1,T1
OASIS-2,OAS2_0063,OASIS2_OAS2_0063_MR2,T1
OASIS-2,OAS2_0064,OASIS2_OAS2_0064_MR1,T1
OASIS-2,OAS2_0064,OASIS2_OAS2_0064_MR2,T1
OASIS-2,OAS2_0064,OASIS2_OAS2_0064_MR3,T1
OASIS-2,OAS2_0066,OASIS2_OAS2_0066_MR1,T1
OASIS-2,OAS2_0066,OASIS2_OAS2_0066_MR2,T1
OASIS-2,OAS2_0067,OASIS2_OAS2_0067_MR1,T1
OASIS-2,OAS2_0067,OASIS2_OAS2_0067_MR2,T1
OASIS-2,OAS2_0067,OASIS2_OAS2_0067_MR3,T1
OASIS-2,OAS2_0067,OASIS2_OAS2_0067_MR4,T1
OASIS-2,OAS2_0069,OASIS2_OAS2_0069_MR1,T1
OASIS-2,OAS2_0069,OASIS2_OAS2_0069_MR2,T1
OASIS-2,OAS2_0070,OASIS2_OAS2_0070_MR1,T1
OASIS-2,OAS2_0070,OASIS2_OAS2_0070_MR2,T1
OASIS-2,OAS2_0070,OASIS2_OAS2_0070_MR3,T1
OASIS-2,OAS2_0070,OASIS2_OAS2_0070_MR4,T1
OASIS-2,OAS2_0070,OASIS2_OAS2_0070_MR5,T1
OASIS-2,OAS2_0071,OASIS2_OAS2_0071_MR1,T1
OASIS-2,OAS2_0071,OASIS2_OAS2_0071_MR2,T1
OASIS-2,OAS2_0073,OASIS2_OAS2_0073_MR1,T1
OASIS-2,OAS2_0073,OASIS2_OAS2_0073_MR2,T1
OASIS-2,OAS2_0073,OASIS2_OAS2_0073_MR3,T1
OASIS-2,OAS2_0073,OASIS2_OAS2_0073_MR4,T1
OASIS-2,OAS2_0073,OASIS2_OAS2_0073_MR5,T1
OASIS-2,OAS2_0075,OASIS2_OAS2_0075_MR1,T1
OASIS-2,OAS2_0075,OASIS2_OAS2_0075_MR2,T1
OASIS-2,OAS2_0077,OASIS2_OAS2_0077_MR1,T1
OASIS-2,OAS2_0077,OASIS2_OAS2_0077_MR2,T1
OASIS-2,OAS2_0078,OASIS2_OAS2_0078_MR1,T1
OASIS-2,OAS2_0078,OASIS2_OAS2_0078_MR2,T1
OASIS-2,OAS2_0078,OASIS2_OAS2_0078_MR3,T1
OASIS-2,OAS2_0079,OASIS2_OAS2_0079_MR1,T1
OASIS-2,OAS2_0079,OASIS2_OAS2_0079_MR2,T1
OASIS-2,OAS2_0079,OASIS2_OAS2_0079_MR3,T1
OASIS-2,OAS2_0081,OASIS2_OAS2_0081_MR1,T1
OASIS-2,OAS2_0081,OASIS2_OAS2_0081_MR2,T1
OASIS-2,OAS2_0085,OASIS2_OAS2_0085_MR1,T1
OASIS-2,OAS2_0085,OASIS2_OAS2_0085_MR2,T1
OASIS-2,OAS2_0086,OASIS2_OAS2_0086_MR1,T1
OASIS-2,OAS2_0086,OASIS2_OAS2_0086_MR2,T1
OASIS-2,OAS2_0087,OASIS2_OAS2_0087_MR1,T1
OASIS-2,OAS2_0087,OASIS2_OAS2_0087_MR2,T1
OASIS-2,OAS2_0088,OASIS2_OAS2_0088_MR1,T1
OASIS-2,OAS2_0088,OASIS2_OAS2_0088_MR2,T1
OASIS-2,OAS2_0089,OASIS2_OAS2_0089_MR1,T1
OASIS-2,OAS2_0089,OASIS2_OAS2_0089_MR3,T1
OASIS-2,OAS2_0090,OASIS2_OAS2_0090_MR1,T1
OASIS-2,OAS2_0090,OASIS2_OAS2_0090_MR2,T1
OASIS-2,OAS2_0090,OASIS2_OAS2_0090_MR3,T1
OASIS-2,OAS2_0092,OASIS2_OAS2_0092_MR1,T1
OASIS-2,OAS2_0092,OASIS2_OAS2_0092_MR2,T1
OASIS-2,OAS2_0095,OASIS2_OAS2_0095_MR1,T1
OASIS-2,OAS2_0095,OASIS2_OAS2_0095_MR2,T1
OASIS-2,OAS2_0095,OASIS2_OAS2_0095_MR3,T1
OASIS-2,OAS2_0096,OASIS2_OAS2_0096_MR1,T1
OASIS-2,OAS2_0096,OASIS2_OAS2_0096_MR2,T1
OASIS-2,OAS2_0097,OASIS2_OAS2_0097_MR1,T1
OASIS-2,OAS2_0097,OASIS2_OAS2_0097_MR2,T1
OASIS-2,OAS2_0098,OASIS2_OAS2_0098_MR1,T1
OASIS-2,OAS2_0098,OASIS2_OAS2_0098_MR2,T1
OASIS-2,OAS2_0099,OASIS2_OAS2_0099_MR1,T1
OASIS-2,OAS2_0099,OASIS2_OAS2_0099_MR2,T1
OASIS-2,OAS2_0101,OASIS2_OAS2_0101_MR1,T1
OASIS-2,OAS2_0101,OASIS2_OAS2_0101_MR2,T1
OASIS-2,OAS2_0101,OASIS2_OAS2_0101_MR3,T1
OASIS-2,OAS2_0102,OASIS2_OAS2_0102_MR1,T1
OASIS-2,OAS2_0102,OASIS2_OAS2_0102_MR2,T1
OASIS-2,OAS2_0102,OASIS2_OAS2_0102_MR3,T1
OASIS-2,OAS2_0103,OASIS2_OAS2_0103_MR1,T1
OASIS-2,OAS2_0103,OASIS2_OAS2_0103_MR2,T1
OASIS-2,OAS2_0103,OASIS2_OAS2_0103_MR3,T1
OASIS-2,OAS2_0104,OASIS2_OAS2_0104_MR1,T1
OASIS-2,OAS2_0104,OASIS2_OAS2_0104_MR2,T1
OASIS-2,OAS2_0105,OASIS2_OAS2_0105_MR1,T1
OASIS-2,OAS2_0105,OASIS2_OAS2_0105_MR2,T1
OASIS-2,OAS2_0106,OASIS2_OAS2_0106_MR1,T1
OASIS-2,OAS2_0106,OASIS2_OAS2_0106_MR2,T1
OASIS-2,OAS2_0108,OASIS2_OAS2_0108_MR1,T1
OASIS-2,OAS2_0108,OASIS2_OAS2_0108_MR2,T1
OASIS-2,OAS2_0109,OASIS2_OAS2_0109_MR1,T1
OASIS-2,OAS2_0109,OASIS2_OAS2_0109_MR2,T1
OASIS-2,OAS2_0111,OASIS2_OAS2_0111_MR1,T1
OASIS-2,OAS2_0111,OASIS2_OAS2_0111_MR2,T1
OASIS-2,OAS2_0113,OASIS2_OAS2_0113_MR1,T1
OASIS-2,OAS2_0113,OASIS2_OAS2_0113_MR2,T1
OASIS-2,OAS2_0116,OASIS2_OAS2_0116_MR1,T1
OASIS-2,OAS2_0116,OASIS2_OAS2_0116_MR2,T1
OASIS-2,OAS2_0119,OASIS2_OAS2_0119_MR1,T1
OASIS-2,OAS2_0119,OASIS2_OAS2_0119_MR2,T1
OASIS-2,OAS2_0119,OASIS2_OAS2_0119_MR3,T1
OASIS-2,OAS2_0121,OASIS2_OAS2_0121_MR1,T1
OASIS-2,OAS2_0121,OASIS2_OAS2_0121_MR2,T1
OASIS-2,OAS2_0122,OASIS2_OAS2_0122_MR1,T1
OASIS-2,OAS2_0122,OASIS2_OAS2_0122_MR2,T1
OASIS-2,OAS2_0124,OASIS2_OAS2_0124_MR1,T1
OASIS-2,OAS2_0124,OASIS2_OAS2_0124_MR2,T1
OASIS-2,OAS2_0126,OASIS2_OAS2_0126_MR1,T1
OASIS-2,OAS2_0126,OASIS2_OAS2_0126_MR2,T1
OASIS-2,OAS2_0126,OASIS2_OAS2_0126_MR3,T1
OASIS-2,OAS2_0127,OASIS2_OAS2_0127_MR1,T1
OASIS-2,OAS2_0127,OASIS2_OAS2_0127_MR2,T1
OASIS-2,OAS2_0127,OASIS2_OAS2_0127_MR3,T1
OASIS-2,OAS2_0127,OASIS2_OAS2_0127_MR4,T1
OASIS-2,OAS2_0127,OASIS2_OAS2_0127_MR5,T1
OASIS-2,OAS2_0128,OASIS2_OAS2_0128_MR1,T1
OASIS-2,OAS2_0128,OASIS2_OAS2_0128_MR2,T1
OASIS-2,OAS2_0129,OASIS2_OAS2_0129_MR1,T1
OASIS-2,OAS2_0129,OASIS2_OAS2_0129_MR2,T1
OASIS-2,OAS2_0129,OASIS2_OAS2_0129_MR3,T1
OASIS-2,OAS2_0131,OASIS2_OAS2_0131_MR1,T1
OASIS-2,OAS2_0131,OASIS2_OAS2_0131_MR2,T1
OASIS-2,OAS2_0133,OASIS2_OAS2_0133_MR1,T1
OASIS-2,OAS2_0133,OASIS2_OAS2_0133_MR3,T1
OASIS-2,OAS2_0134,OASIS2_OAS2_0134_MR1,T1
OASIS-2,OAS2_0134,OASIS2_OAS2_0134_MR2,T1
OASIS-2,OAS2_0135,OASIS2_OAS2_0135_MR1,T1
OASIS-2,OAS2_0135,OASIS2_OAS2_0135_MR2,T1
OASIS-2,OAS2_0137,OASIS2_OAS2_0137_MR1,T1
OASIS-2,OAS2_0137,OASIS2_OAS2_0137_MR2,T1
OASIS-2,OAS2_0138,OASIS2_OAS2_0138_MR1,T1
OASIS-2,OAS2_0138,OASIS2_OAS2_0138_MR2,T1
OASIS-2,OAS2_0139,OASIS2_OAS2_0139_MR1,T1
OASIS-2,OAS2_0139,OASIS2_OAS2_0139_MR2,T1
OASIS-2,OAS2_0140,OASIS2_OAS2_0140_MR1,T1
OASIS-2,OAS2_0140,OASIS2_OAS2_0140_MR2,T1
OASIS-2,OAS2_0140,OASIS2_OAS2_0140_MR3,T1
OASIS-2,OAS2_0141,OASIS2_OAS2_0141_MR1,T1
OASIS-2,OAS2_0141,OASIS2_OAS2_0141_MR2,T1
OASIS-2,OAS2_0142,OASIS2_OAS2_0142_MR1,T1
OASIS-2,OAS2_0142,OASIS2_OAS2_0142_MR2,T1
OASIS-2,OAS2_0143,OASIS2_OAS2_0143_MR1,T1
OASIS-2,OAS2_0143,OASIS2_OAS2_0143_MR2,T1
OASIS-2,OAS2_0143,OASIS2_OAS2_0143_MR3,T1
OASIS-2,OAS2_0144,OASIS2_OAS2_0144_MR1,T1
OASIS-2,OAS2_0144,OASIS2_OAS2_0144_MR2,T1
OASIS-2,OAS2_0146,OASIS2_OAS2_0146_MR1,T1
OASIS-2,OAS2_0146,OASIS2_OAS2_0146_MR2,T1
OASIS-2,OAS2_0147,OASIS2_OAS2_0147_MR1,T1
OASIS-2,OAS2_0147,OASIS2_OAS2_0147_MR2,T1
OASIS-2,OAS2_0147,OASIS2_OAS2_0147_MR3,T1
OASIS-2,OAS2_0147,OASIS2_OAS2_0147_MR4,T1
OASIS-2,OAS2_0149,OASIS2_OAS2_0149_MR1,T1
OASIS-2,OAS2_0149,OASIS2_OAS2_0149_MR2,T1
OASIS-2,OAS2_0154,OASIS2_OAS2_0154_MR1,T1
OASIS-2,OAS2_0154,OASIS2_OAS2_0154_MR2,T1
OASIS-2,OAS2_0156,OASIS2_OAS2_0156_MR1,T1
OASIS-2,OAS2_0156,OASIS2_OAS2_0156_MR2,T1
OASIS-2,OAS2_0157,OASIS2_OAS2_0157_MR1,T1
OASIS-2,OAS2_0157,OASIS2_OAS2_0157_MR2,T1
OASIS-2,OAS2_0158,OASIS2_OAS2_0158_MR1,T1
OASIS-2,OAS2_0158,OASIS2_OAS2_0158_MR2,T1
OASIS-2,OAS2_0159,OASIS2_OAS2_0159_MR1,T1
OASIS-2,OAS2_0159,OASIS2_OAS2_0159_MR2,T1
OASIS-2,OAS2_0160,OASIS2_OAS2_0160_MR1,T1
OASIS-2,OAS2_0160,OASIS2_OAS2_0160_MR2,T1
OASIS-2,OAS2_0161,OASIS2_OAS2_0161_MR1,T1
OASIS-2,OAS2_0161,OASIS2_OAS2_0161_MR2,T1
OASIS-2,OAS2_0161,OASIS2_OAS2_0161_MR3,T1
OASIS-2,OAS2_0164,OASIS2_OAS2_0164_MR1,T1
OASIS-2,OAS2_0164,OASIS2_OAS2_0164_MR2,T1
OASIS-2,OAS2_0165,OASIS2_OAS2_0165_MR1,T1
OASIS-2,OAS2_0165,OASIS2_OAS2_0165_MR2,T1
OASIS-2,OAS2_0169,OASIS2_OAS2_0169_MR1,T1
OASIS-2,OAS2_0169,OASIS2_OAS2_0169_MR2,T1
OASIS-2,OAS2_0171,OASIS2_OAS2_0171_MR1,T1
OASIS-2,OAS2_0171,OASIS2_OAS2_0171_MR2,T1
OASIS-2,OAS2_0171,OASIS2_OAS2_0171_MR3,T1
OASIS-2,OAS2_0172,OASIS2_OAS2_0172_MR1,T1
OASIS-2,OAS2_0172,OASIS2_OAS2_0172_MR2,T1
OASIS-2,OAS2_0174,OASIS2_OAS2_0174_MR1,T1
OASIS-2,OAS2_0174,OASIS2_OAS2_0174_MR2,T1
OASIS-2,OAS2_0174,OASIS2_OAS2_0174_MR3,T1
OASIS-2,OAS2_0175,OASIS2_OAS2_0175_MR1,T1
OASIS-2,OAS2_0175,OASIS2_OAS2_0175_MR2,T1
OASIS-2,OAS2_0175,OASIS2_OAS2_0175_MR3,T1
OASIS-2,OAS2_0176,OASIS2_OAS2_0176_MR1,T1
OASIS-2,OAS2_0176,OASIS2_OAS2_0176_MR2,T1
OASIS-2,OAS2_0176,OASIS2_OAS2_0176_MR3,T1
OASIS-2,OAS2_0177,OASIS2_OAS2_0177_MR1,T1
OASIS-2,OAS2_0177,OASIS2_OAS2_0177_MR2,T1
OASIS-2,OAS2_0178,OASIS2_OAS2_0178_MR1,T1
OASIS-2,OAS2_0178,OASIS2_OAS2_0178_MR2,T1
OASIS-2,OAS2_0178,OASIS2_OAS2_0178_MR3,T1
OASIS-2,OAS2_0179,OASIS2_OAS2_0179_MR1,T1
OASIS-2,OAS2_0179,OASIS2_OAS2_0179_MR2,T1
OASIS-2,OAS2_0181,OASIS2_OAS2_0181_MR1,T1
OASIS-2,OAS2_0181,OASIS2_OAS2_0181_MR2,T1
OASIS-2,OAS2_0181,OASIS2_OAS2_0181_MR3,T1
OASIS-2,OAS2_0184,OASIS2_OAS2_0184_MR1,T1
OASIS-2,OAS2_0184,OASIS2_OAS2_0184_MR2,T1
OASIS-2,OAS2_0186,OASIS2_OAS2_0186_MR1,T1
OASIS-2,OAS2_0186,OASIS2_OAS2_0186_MR2,T1
OASIS-2,OAS2_0186,OASIS2_OAS2_0186_MR3,T1
UMF-PD,sub-control032014,UMFPD_sub-control032014_T1_t1w,T1
UMF-PD,sub-control032015,UMFPD_sub-control032015_T1_t1w,T1
UMF-PD,sub-control032016,UMFPD_sub-control032016_T1_t1w,T1
UMF-PD,sub-control032018,UMFPD_sub-control032018_T1_t1w,T1
UMF-PD,sub-control032019,UMFPD_sub-control032019_T1_t1w,T1
UMF-PD,sub-control032020,UMFPD_sub-control032020_T1_t1w,T1
UMF-PD,sub-control032021,UMFPD_sub-control032021_T1_t1w,T1
UMF-PD,sub-control032022,UMFPD_sub-control032022_T1_t1w,T1
UMF-PD,sub-control032023,UMFPD_sub-control032023_T1_t1w,T1
UMF-PD,sub-control032024,UMFPD_sub-control032024_T1_t1w,T1
UMF-PD,sub-control032025,UMFPD_sub-control032025_T1_t1w,T1
UMF-PD,sub-control032026,UMFPD_sub-control032026_T1_t1w,T1
UMF-PD,sub-control032027,UMFPD_sub-control032027_T1_t1w,T1
UMF-PD,sub-control032028,UMFPD_sub-control032028_T1_t1w,T1
UMF-PD,sub-control032029,UMFPD_sub-control032029_T1_t1w,T1
UMF-PD,sub-control032057,UMFPD_sub-control032057_T1_t1w,T1
UMF-PD,sub-control032058,UMFPD_sub-control032058_T1_t1w,T1
UMF-PD,sub-control032059,UMFPD_sub-control032059_T1_t1w,T1
UMF-PD,sub-control032060,UMFPD_sub-control032060_T1_t1w,T1
UMF-PD,sub-control032061,UMFPD_sub-control032061_T1_t1w,T1
UMF-PD,sub-control032062,UMFPD_sub-control032062_T1_t1w,T1
UMF-PD,sub-control032063,UMFPD_sub-control032063_T1_t1w,T1
UMF-PD,sub-control032064,UMFPD_sub-control032064_T1_t1w,T1
UMF-PD,sub-control032065,UMFPD_sub-control032065_T1_t1w,T1
UMF-PD,sub-control032066,UMFPD_sub-control032066_T1_t1w,T1
UMF-PD,sub-control032067,UMFPD_sub-control032067_T1_t1w,T1
UMF-PD,sub-control032068,UMFPD_sub-control032068_T1_t1w,T1
UMF-PD,sub-control032069,UMFPD_sub-control032069_T1_t1w,T1
UMF-PD,sub-control032070,UMFPD_sub-control032070_T1_t1w,T1
UMF-PD,sub-control032071,UMFPD_sub-control032071_T1_t1w,T1
UMF-PD,sub-control032072,UMFPD_sub-control032072_T1_t1w,T1
UMF-PD,sub-control032073,UMFPD_sub-control032073_T1_t1w,T1
UMF-PD,sub-control032074,UMFPD_sub-control032074_T1_t1w,T1
UMF-PD,sub-control032075,UMFPD_sub-control032075_T1_t1w,T1
UMF-PD,sub-control032076,UMFPD_sub-control032076_T1_t1w,T1
UMF-PD,sub-patient032030,UMFPD_sub-patient032030_T1_t1w,T1
UMF-PD,sub-patient032031,UMFPD_sub-patient032031_T1_t1w,T1
UMF-PD,sub-patient032032,UMFPD_sub-patient032032_T1_t1w,T1
UMF-PD,sub-patient032033,UMFPD_sub-patient032033_T1_t1w,T1
UMF-PD,sub-patient032034,UMFPD_sub-patient032034_T1_t1w,T1
UMF-PD,sub-patient032035,UMFPD_sub-patient032035_T1_t1w,T1
UMF-PD,sub-patient032036,UMFPD_sub-patient032036_T1_t1w,T1
UMF-PD,sub-patient032037,UMFPD_sub-patient032037_T1_t1w,T1
UMF-PD,sub-patient032038,UMFPD_sub-patient032038_T1_t1w,T1
UMF-PD,sub-patient032039,UMFPD_sub-patient032039_T1_t1w,T1
UMF-PD,sub-patient032040,UMFPD_sub-patient032040_T1_t1w,T1
UMF-PD,sub-patient032041,UMFPD_sub-patient032041_T1_t1w,T1
UMF-PD,sub-patient032042,UMFPD_sub-patient032042_T1_t1w,T1
UMF-PD,sub-patient032043,UMFPD_sub-patient032043_T1_t1w,T1
UMF-PD,sub-patient032044,UMFPD_sub-patient032044_T1_t1w,T1
UMF-PD,sub-patient032045,UMFPD_sub-patient032045_T1_t1w,T1
UMF-PD,sub-patient032046,UMFPD_sub-patient032046_T1_t1w,T1
UMF-PD,sub-patient032047,UMFPD_sub-patient032047_T1_t1w,T1
UMF-PD,sub-patient032048,UMFPD_sub-patient032048_T1_t1w,T1
UMF-PD,sub-patient032049,UMFPD_sub-patient032049_T1_t1w,T1
UMF-PD,sub-patient032050,UMFPD_sub-patient032050_T1_t1w,T1
UMF-PD,sub-patient032051,UMFPD_sub-patient032051_T1_t1w,T1
UMF-PD,sub-patient032052,UMFPD_sub-patient032052_T1_t1w,T1
UMF-PD,sub-patient032053,UMFPD_sub-patient032053_T1_t1w,T1
UMF-PD,sub-patient032054,UMFPD_sub-patient032054_T1_t1w,T1
UMF-PD,sub-patient032055,UMFPD_sub-patient032055_T1_t1w,T1
UMF-PD,sub-patient032056,UMFPD_sub-patient032056_T1_t1w,T1
UMF-PD,sub-patient032077,UMFPD_sub-patient032077_T1_t1w,T1
UMF-PD,sub-patient032078,UMFPD_sub-patient032078_T1_t1w,T1
UMF-PD,sub-patient032079,UMFPD_sub-patient032079_T1_t1w,T1
UMF-PD,sub-patient032080,UMFPD_sub-patient032080_T1_t1w,T1
UMF-PD,sub-patient032081,UMFPD_sub-patient032081_T1_t1w,T1
UMF-PD,sub-patient032082,UMFPD_sub-patient032082_T1_t1w,T1
UMF-PD,sub-patient032083,UMFPD_sub-patient032083_T1_t1w,T1
UMF-PD,sub-patient032084,UMFPD_sub-patient032084_T1_t1w,T1
UMF-PD,sub-patient032085,UMFPD_sub-patient032085_T1_t1w,T1
UMF-PD,sub-patient032086,UMFPD_sub-patient032086_T1_t1w,T1
UMF-PD,sub-patient032087,UMFPD_sub-patient032087_T1_t1w,T1
UMF-PD,sub-patient032088,UMFPD_sub-patient032088_T1_t1w,T1
UMF-PD,sub-patient032089,UMFPD_sub-patient032089_T1_t1w,T1
UMF-PD,sub-patient032090,UMFPD_sub-patient032090_T1_t1w,T1
UMF-PD,sub-patient032091,UMFPD_sub-patient032091_T1_t1w,T1
UMF-PD,sub-patient032092,UMFPD_sub-patient032092_T1_t1w,T1
UMF-PD,sub-patient032093,UMFPD_sub-patient032093_T1_t1w,T1
UMF-PD,sub-patient032094,UMFPD_sub-patient032094_T1_t1w,T1
UMF-PD,sub-patient032095,UMFPD_sub-patient032095_T1_t1w,T1
UMF-PD,sub-patient032096,UMFPD_sub-patient032096_T1_t1w,T1
UPENN-GBM,UPENN-GBM-00023,UPENN-GBM_UPENN-GBM-00023_T1_flair,FLAIR
UPENN-GBM,UPENN-GBM-00023,UPENN-GBM_UPENN-GBM-00023_T1_t1,T1
UPENN-GBM,UPENN-GBM-00023,UPENN-GBM_UPENN-GBM-00023_T1_t1gd,T1c
UPENN-GBM,UPENN-GBM-00023,UPENN-GBM_UPENN-GBM-00023_T1_t2,T2
UPENN-GBM,UPENN-GBM-00040,UPENN-GBM_UPENN-GBM-00040_T1_flair,FLAIR
UPENN-GBM,UPENN-GBM-00040,UPENN-GBM_UPENN-GBM-00040_T1_t1,T1
UPENN-GBM,UPENN-GBM-00040,UPENN-GBM_UPENN-GBM-00040_T1_t1gd,T1c
UPENN-GBM,UPENN-GBM-00040,UPENN-GBM_UPENN-GBM-00040_T1_t2,T2
UPENN-GBM,UPENN-GBM-00054,UPENN-GBM_UPENN-GBM-00054_T1_flair,FLAIR
UPENN-GBM,UPENN-GBM-00054,UPENN-GBM_UPENN-GBM-00054_T1_t1,T1
UPENN-GBM,UPENN-GBM-00054,UPENN-GBM_UPENN-GBM-00054_T1_t1gd,T1c
UPENN-GBM,UPENN-GBM-00054,UPENN-GBM_UPENN-GBM-00054_T1_t2,T2
UPENN-GBM,UPENN-GBM-00055,UPENN-GBM_UPENN-GBM-00055_T1_flair,FLAIR
UPENN-GBM,UPENN-GBM-00055,UPENN-GBM_UPENN-GBM-00055_T1_t1,T1
UPENN-GBM,UPENN-GBM-00055,UPENN-GBM_UPENN-GBM-00055_T1_t1gd,T1c
UPENN-GBM,UPENN-GBM-00055,UPENN-GBM_UPENN-GBM-00055_T1_t2,T2
UPENN-GBM,UPENN-GBM-00055,UPENN-GBM_UPENN-GBM-00055_T2_flair,FLAIR
UPENN-GBM,UPENN-GBM-00055,UPENN-GBM_UPENN-GBM-00055_T2_t1,T1
UPENN-GBM,UPENN-GBM-00055,UPENN-GBM_UPENN-GBM-00055_T2_t1gd,T1c
UPENN-GBM,UPENN-GBM-00055,UPENN-GBM_UPENN-GBM-00055_T2_t2,T2
UPENN-GBM,UPENN-GBM-00062,UPENN-GBM_UPENN-GBM-00062_T1_flair,FLAIR
UPENN-GBM,UPENN-GBM-00062,UPENN-GBM_UPENN-GBM-00062_T1_t1,T1
UPENN-GBM,UPENN-GBM-00062,UPENN-GBM_UPENN-GBM-00062_T1_t1gd,T1c
UPENN-GBM,UPENN-GBM-00062,UPENN-GBM_UPENN-GBM-00062_T1_t2,T2
UPENN-GBM,UPENN-GBM-00081,UPENN-GBM_UPENN-GBM-00081_T1_flair,FLAIR
UPENN-GBM,UPENN-GBM-00081,UPENN-GBM_UPENN-GBM-00081_T1_t1,T1
UPENN-GBM,UPENN-GBM-00081,UPENN-GBM_UPENN-GBM-00081_T1_t1gd,T1c
UPENN-GBM,UPENN-GBM-00081,UPENN-GBM_UPENN-GBM-00081_T1_t2,T2
UPENN-GBM,UPENN-GBM-00091,UPENN-GBM_UPENN-GBM-00091_T1_flair,FLAIR
UPENN-GBM,UPENN-GBM-00091,UPENN-GBM_UPENN-GBM-00091_T1_t1,T1
UPENN-GBM,UPENN-GBM-00091,UPENN-GBM_UPENN-GBM-00091_T1_t1gd,T1c
UPENN-GBM,UPENN-GBM-00091,UPENN-GBM_UPENN-GBM-00091_T1_t2,T2
UPENN-GBM,UPENN-GBM-00099,UPENN-GBM_UPENN-GBM-00099_T1_flair,FLAIR
UPENN-GBM,UPENN-GBM-00099,UPENN-GBM_UPENN-GBM-00099_T1_t1,T1
UPENN-GBM,UPENN-GBM-00099,UPENN-GBM_UPENN-GBM-00099_T1_t1gd,T1c
UPENN-GBM,UPENN-GBM-00099,UPENN-GBM_UPENN-GBM-00099_T1_t2,T2
UPENN-GBM,UPENN-GBM-00119,UPENN-GBM_UPENN-GBM-00119_T1_flair,FLAIR
UPENN-GBM,UPENN-GBM-00119,UPENN-GBM_UPENN-GBM-00119_T1_t1,T1
UPENN-GBM,UPENN-GBM-00119,UPENN-GBM_UPENN-GBM-00119_T1_t1gd,T1c
UPENN-GBM,UPENN-GBM-00119,UPENN-GBM_UPENN-GBM-00119_T1_t2,T2
UPENN-GBM,UPENN-GBM-00120,UPENN-GBM_UPENN-GBM-00120_T1_flair,FLAIR
UPENN-GBM,UPENN-GBM-00120,UPENN-GBM_UPENN-GBM-00120_T1_t1,T1
UPENN-GBM,UPENN-GBM-00120,UPENN-GBM_UPENN-GBM-00120_T1_t1gd,T1c
UPENN-GBM,UPENN-GBM-00120,UPENN-GBM_UPENN-GBM-00120_T1_t2,T2
UPENN-GBM,UPENN-GBM-00145,UPENN-GBM_UPENN-GBM-00145_T1_flair,FLAIR
UPENN-GBM,UPENN-GBM-00145,UPENN-GBM_UPENN-GBM-00145_T1_t1,T1
UPENN-GBM,UPENN-GBM-00145,UPENN-GBM_UPENN-GBM-00145_T1_t1gd,T1c
UPENN-GBM,UPENN-GBM-00145,UPENN-GBM_UPENN-GBM-00145_T1_t2,T2
UPENN-GBM,UPENN-GBM-00145,UPENN-GBM_UPENN-GBM-00145_T2_flair,FLAIR
UPENN-GBM,UPENN-GBM-00145,UPENN-GBM_UPENN-GBM-00145_T2_t1,T1
UPENN-GBM,UPENN-GBM-00145,UPENN-GBM_UPENN-GBM-00145_T2_t1gd,T1c
UPENN-GBM,UPENN-GBM-00145,UPENN-GBM_UPENN-GBM-00145_T2_t2,T2
UPENN-GBM,UPENN-GBM-00149,UPENN-GBM_UPENN-GBM-00149_T1_flair,FLAIR
UPENN-GBM,UPENN-GBM-00149,UPENN-GBM_UPENN-GBM-00149_T1_t1,T1
UPENN-GBM,UPENN-GBM-00149,UPENN-GBM_UPENN-GBM-00149_T1_t1gd,T1c
UPENN-GBM,UPENN-GBM-00149,UPENN-GBM_UPENN-GBM-00149_T1_t2,T2
UPENN-GBM,UPENN-GBM-00150,UPENN-GBM_UPENN-GBM-00150_T1_flair,FLAIR
UPENN-GBM,UPENN-GBM-00150,UPENN-GBM_UPENN-GBM-00150_T1_t1,T1
UPENN-GBM,UPENN-GBM-00150,UPENN-GBM_UPENN-GBM-00150_T1_t1gd,T1c
UPENN-GBM,UPENN-GBM-00150,UPENN-GBM_UPENN-GBM-00150_T1_t2,T2
UPENN-GBM,UPENN-GBM-00150,UPENN-GBM_UPENN-GBM-00150_T2_flair,FLAIR
UPENN-GBM,UPENN-GBM-00150,UPENN-GBM_UPENN-GBM-00150_T2_t1,T1
UPENN-GBM,UPENN-GBM-00150,UPENN-GBM_UPENN-GBM-00150_T2_t1gd,T1c
UPENN-GBM,UPENN-GBM-00150,UPENN-GBM_UPENN-GBM-00150_T2_t2,T2
UPENN-GBM,UPENN-GBM-00152,UPENN-GBM_UPENN-GBM-00152_T1_flair,FLAIR
UPENN-GBM,UPENN-GBM-00152,UPENN-GBM_UPENN-GBM-00152_T1_t1,T1
UPENN-GBM,UPENN-GBM-00152,UPENN-GBM_UPENN-GBM-00152_T1_t1gd,T1c
UPENN-GBM,UPENN-GBM-00152,UPENN-GBM_UPENN-GBM-00152_T1_t2,T2
UPENN-GBM,UPENN-GBM-00154,UPENN-GBM_UPENN-GBM-00154_T1_flair,FLAIR
UPENN-GBM,UPENN-GBM-00154,UPENN-GBM_UPENN-GBM-00154_T1_t1,T1
UPENN-GBM,UPENN-GBM-00154,UPENN-GBM_UPENN-GBM-00154_T1_t1gd,T1c
UPENN-GBM,UPENN-GBM-00154,UPENN-GBM_UPENN-GBM-00154_T1_t2,T2
UPENN-GBM,UPENN-GBM-00155,UPENN-GBM_UPENN-GBM-00155_T1_flair,FLAIR
UPENN-GBM,UPENN-GBM-00155,UPENN-GBM_UPENN-GBM-00155_T1_t1,T1
UPENN-GBM,UPENN-GBM-00155,UPENN-GBM_UPENN-GBM-00155_T1_t1gd,T1c
UPENN-GBM,UPENN-GBM-00155,UPENN-GBM_UPENN-GBM-00155_T1_t2,T2
UPENN-GBM,UPENN-GBM-00167,UPENN-GBM_UPENN-GBM-00167_T1_flair,FLAIR
UPENN-GBM,UPENN-GBM-00167,UPENN-GBM_UPENN-GBM-00167_T1_t1,T1
UPENN-GBM,UPENN-GBM-00167,UPENN-GBM_UPENN-GBM-00167_T1_t1gd,T1c
UPENN-GBM,UPENN-GBM-00167,UPENN-GBM_UPENN-GBM-00167_T1_t2,T2
UPENN-GBM,UPENN-GBM-00171,UPENN-GBM_UPENN-GBM-00171_T1_flair,FLAIR
UPENN-GBM,UPENN-GBM-00171,UPENN-GBM_UPENN-GBM-00171_T1_t1,T1
UPENN-GBM,UPENN-GBM-00171,UPENN-GBM_UPENN-GBM-00171_T1_t1gd,T1c
UPENN-GBM,UPENN-GBM-00171,UPENN-GBM_UPENN-GBM-00171_T1_t2,T2
UPENN-GBM,UPENN-GBM-00177,UPENN-GBM_UPENN-GBM-00177_T1_flair,FLAIR
UPENN-GBM,UPENN-GBM-00177,UPENN-GBM_UPENN-GBM-00177_T1_t1,T1
UPENN-GBM,UPENN-GBM-00177,UPENN-GBM_UPENN-GBM-00177_T1_t1gd,T1c
UPENN-GBM,UPENN-GBM-00177,UPENN-GBM_UPENN-GBM-00177_T1_t2,T2
UPENN-GBM,UPENN-GBM-00183,UPENN-GBM_UPENN-GBM-00183_T1_flair,FLAIR
UPENN-GBM,UPENN-GBM-00183,UPENN-GBM_UPENN-GBM-00183_T1_t1,T1
UPENN-GBM,UPENN-GBM-00183,UPENN-GBM_UPENN-GBM-00183_T1_t1gd,T1c
UPENN-GBM,UPENN-GBM-00183,UPENN-GBM_UPENN-GBM-00183_T1_t2,T2
UPENN-GBM,UPENN-GBM-00183,UPENN-GBM_UPENN-GBM-00183_T2_flair,FLAIR
UPENN-GBM,UPENN-GBM-00183,UPENN-GBM_UPENN-GBM-00183_T2_t1,T1
UPENN-GBM,UPENN-GBM-00183,UPENN-GBM_UPENN-GBM-00183_T2_t1gd,T1c
UPENN-GBM,UPENN-GBM-00183,UPENN-GBM_UPENN-GBM-00183_T2_t2,T2
UPENN-GBM,UPENN-GBM-00187,UPENN-GBM_UPENN-GBM-00187_T1_flair,FLAIR
UPENN-GBM,UPENN-GBM-00187,UPENN-GBM_UPENN-GBM-00187_T1_t1,T1
UPENN-GBM,UPENN-GBM-00187,UPENN-GBM_UPENN-GBM-00187_T1_t1gd,T1c
UPENN-GBM,UPENN-GBM-00187,UPENN-GBM_UPENN-GBM-00187_T1_t2,T2
UPENN-GBM,UPENN-GBM-00190,UPENN-GBM_UPENN-GBM-00190_T1_flair,FLAIR
UPENN-GBM,UPENN-GBM-00190,UPENN-GBM_UPENN-GBM-00190_T1_t1,T1
UPENN-GBM,UPENN-GBM-00190,UPENN-GBM_UPENN-GBM-00190_T1_t1gd,T1c
UPENN-GBM,UPENN-GBM-00190,UPENN-GBM_UPENN-GBM-00190_T1_t2,T2
UPENN-GBM,UPENN-GBM-00196,UPENN-GBM_UPENN-GBM-00196_T1_flair,FLAIR
UPENN-GBM,UPENN-GBM-00196,UPENN-GBM_UPENN-GBM-00196_T1_t1,T1
UPENN-GBM,UPENN-GBM-00196,UPENN-GBM_UPENN-GBM-00196_T1_t1gd,T1c
UPENN-GBM,UPENN-GBM-00196,UPENN-GBM_UPENN-GBM-00196_T1_t2,T2
UPENN-GBM,UPENN-GBM-00204,UPENN-GBM_UPENN-GBM-00204_T1_flair,FLAIR
UPENN-GBM,UPENN-GBM-00204,UPENN-GBM_UPENN-GBM-00204_T1_t1,T1
UPENN-GBM,UPENN-GBM-00204,UPENN-GBM_UPENN-GBM-00204_T1_t1gd,T1c
UPENN-GBM,UPENN-GBM-00204,UPENN-GBM_UPENN-GBM-00204_T1_t2,T2
UPENN-GBM,UPENN-GBM-00210,UPENN-GBM_UPENN-GBM-00210_T1_flair,FLAIR
UPENN-GBM,UPENN-GBM-00210,UPENN-GBM_UPENN-GBM-00210_T1_t1,T1
UPENN-GBM,UPENN-GBM-00210,UPENN-GBM_UPENN-GBM-00210_T1_t1gd,T1c
UPENN-GBM,UPENN-GBM-00210,UPENN-GBM_UPENN-GBM-00210_T1_t2,T2
UPENN-GBM,UPENN-GBM-00218,UPENN-GBM_UPENN-GBM-00218_T1_flair,FLAIR
UPENN-GBM,UPENN-GBM-00218,UPENN-GBM_UPENN-GBM-00218_T1_t1,T1
UPENN-GBM,UPENN-GBM-00218,UPENN-GBM_UPENN-GBM-00218_T1_t1gd,T1c
UPENN-GBM,UPENN-GBM-00218,UPENN-GBM_UPENN-GBM-00218_T1_t2,T2
UPENN-GBM,UPENN-GBM-00219,UPENN-GBM_UPENN-GBM-00219_T1_flair,FLAIR
UPENN-GBM,UPENN-GBM-00219,UPENN-GBM_UPENN-GBM-00219_T1_t1,T1
UPENN-GBM,UPENN-GBM-00219,UPENN-GBM_UPENN-GBM-00219_T1_t1gd,T1c
UPENN-GBM,UPENN-GBM-00219,UPENN-GBM_UPENN-GBM-00219_T1_t2,T2
UPENN-GBM,UPENN-GBM-00219,UPENN-GBM_UPENN-GBM-00219_T2_flair,FLAIR
UPENN-GBM,UPENN-GBM-00219,UPENN-GBM_UPENN-GBM-00219_T2_t1,T1
UPENN-GBM,UPENN-GBM-00219,UPENN-GBM_UPENN-GBM-00219_T2_t1gd,T1c
UPENN-GBM,UPENN-GBM-00219,UPENN-GBM_UPENN-GBM-00219_T2_t2,T2
UPENN-GBM,UPENN-GBM-00227,UPENN-GBM_UPENN-GBM-00227_T1_flair,FLAIR
UPENN-GBM,UPENN-GBM-00227,UPENN-GBM_UPENN-GBM-00227_T1_t1,T1
UPENN-GBM,UPENN-GBM-00227,UPENN-GBM_UPENN-GBM-00227_T1_t1gd,T1c
UPENN-GBM,UPENN-GBM-00227,UPENN-GBM_UPENN-GBM-00227_T1_t2,T2
UPENN-GBM,UPENN-GBM-00228,UPENN-GBM_UPENN-GBM-00228_T1_flair,FLAIR
UPENN-GBM,UPENN-GBM-00228,UPENN-GBM_UPENN-GBM-00228_T1_t1,T1
UPENN-GBM,UPENN-GBM-00228,UPENN-GBM_UPENN-GBM-00228_T1_t1gd,T1c
UPENN-GBM,UPENN-GBM-00228,UPENN-GBM_UPENN-GBM-00228_T1_t2,T2
UPENN-GBM,UPENN-GBM-00235,UPENN-GBM_UPENN-GBM-00235_T1_flair,FLAIR
UPENN-GBM,UPENN-GBM-00235,UPENN-GBM_UPENN-GBM-00235_T1_t1,T1
UPENN-GBM,UPENN-GBM-00235,UPENN-GBM_UPENN-GBM-00235_T1_t1gd,T1c
UPENN-GBM,UPENN-GBM-00235,UPENN-GBM_UPENN-GBM-00235_T1_t2,T2
UPENN-GBM,UPENN-GBM-00248,UPENN-GBM_UPENN-GBM-00248_T1_flair,FLAIR
UPENN-GBM,UPENN-GBM-00248,UPENN-GBM_UPENN-GBM-00248_T1_t1,T1
UPENN-GBM,UPENN-GBM-00248,UPENN-GBM_UPENN-GBM-00248_T1_t1gd,T1c
UPENN-GBM,UPENN-GBM-00248,UPENN-GBM_UPENN-GBM-00248_T1_t2,T2
UPENN-GBM,UPENN-GBM-00252,UPENN-GBM_UPENN-GBM-00252_T1_flair,FLAIR
UPENN-GBM,UPENN-GBM-00252,UPENN-GBM_UPENN-GBM-00252_T1_t1,T1
UPENN-GBM,UPENN-GBM-00252,UPENN-GBM_UPENN-GBM-00252_T1_t1gd,T1c
UPENN-GBM,UPENN-GBM-00252,UPENN-GBM_UPENN-GBM-00252_T1_t2,T2
UPENN-GBM,UPENN-GBM-00258,UPENN-GBM_UPENN-GBM-00258_T1_flair,FLAIR
UPENN-GBM,UPENN-GBM-00258,UPENN-GBM_UPENN-GBM-00258_T1_t1,T1
UPENN-GBM,UPENN-GBM-00258,UPENN-GBM_UPENN-GBM-00258_T1_t1gd,T1c
UPENN-GBM,UPENN-GBM-00258,UPENN-GBM_UPENN-GBM-00258_T1_t2,T2
UPENN-GBM,UPENN-GBM-00265,UPENN-GBM_UPENN-GBM-00265_T1_flair,FLAIR
UPENN-GBM,UPENN-GBM-00265,UPENN-GBM_UPENN-GBM-00265_T1_t1,T1
UPENN-GBM,UPENN-GBM-00265,UPENN-GBM_UPENN-GBM-00265_T1_t1gd,T1c
UPENN-GBM,UPENN-GBM-00265,UPENN-GBM_UPENN-GBM-00265_T1_t2,T2
UPENN-GBM,UPENN-GBM-00275,UPENN-GBM_UPENN-GBM-00275_T1_flair,FLAIR
UPENN-GBM,UPENN-GBM-00275,UPENN-GBM_UPENN-GBM-00275_T1_t1,T1
UPENN-GBM,UPENN-GBM-00275,UPENN-GBM_UPENN-GBM-00275_T1_t1gd,T1c
UPENN-GBM,UPENN-GBM-00275,UPENN-GBM_UPENN-GBM-00275_T1_t2,T2
UPENN-GBM,UPENN-GBM-00291,UPENN-GBM_UPENN-GBM-00291_T1_flair,FLAIR
UPENN-GBM,UPENN-GBM-00291,UPENN-GBM_UPENN-GBM-00291_T1_t1,T1
UPENN-GBM,UPENN-GBM-00291,UPENN-GBM_UPENN-GBM-00291_T1_t1gd,T1c
UPENN-GBM,UPENN-GBM-00291,UPENN-GBM_UPENN-GBM-00291_T1_t2,T2
UPENN-GBM,UPENN-GBM-00311,UPENN-GBM_UPENN-GBM-00311_T1_flair,FLAIR
UPENN-GBM,UPENN-GBM-00311,UPENN-GBM_UPENN-GBM-00311_T1_t1,T1
UPENN-GBM,UPENN-GBM-00311,UPENN-GBM_UPENN-GBM-00311_T1_t1gd,T1c
UPENN-GBM,UPENN-GBM-00311,UPENN-GBM_UPENN-GBM-00311_T1_t2,T2
UPENN-GBM,UPENN-GBM-00313,UPENN-GBM_UPENN-GBM-00313_T1_flair,FLAIR
UPENN-GBM,UPENN-GBM-00313,UPENN-GBM_UPENN-GBM-00313_T1_t1,T1
UPENN-GBM,UPENN-GBM-00313,UPENN-GBM_UPENN-GBM-00313_T1_t1gd,T1c
UPENN-GBM,UPENN-GBM-00313,UPENN-GBM_UPENN-GBM-00313_T1_t2,T2
UPENN-GBM,UPENN-GBM-00334,UPENN-GBM_UPENN-GBM-00334_T1_flair,FLAIR
UPENN-GBM,UPENN-GBM-00334,UPENN-GBM_UPENN-GBM-00334_T1_t1,T1
UPENN-GBM,UPENN-GBM-00334,UPENN-GBM_UPENN-GBM-00334_T1_t1gd,T1c
UPENN-GBM,UPENN-GBM-00334,UPENN-GBM_UPENN-GBM-00334_T1_t2,T2
UPENN-GBM,UPENN-GBM-00336,UPENN-GBM_UPENN-GBM-00336_T1_flair,FLAIR
UPENN-GBM,UPENN-GBM-00336,UPENN-GBM_UPENN-GBM-00336_T1_t1,T1
UPENN-GBM,UPENN-GBM-00336,UPENN-GBM_UPENN-GBM-00336_T1_t1gd,T1c
UPENN-GBM,UPENN-GBM-00336,UPENN-GBM_UPENN-GBM-00336_T1_t2,T2
UPENN-GBM,UPENN-GBM-00351,UPENN-GBM_UPENN-GBM-00351_T1_flair,FLAIR
UPENN-GBM,UPENN-GBM-00351,UPENN-GBM_UPENN-GBM-00351_T1_t1,T1
UPENN-GBM,UPENN-GBM-00351,UPENN-GBM_UPENN-GBM-00351_T1_t1gd,T1c
UPENN-GBM,UPENN-GBM-00351,UPENN-GBM_UPENN-GBM-00351_T1_t2,T2
UPENN-GBM,UPENN-GBM-00352,UPENN-GBM_UPENN-GBM-00352_T1_flair,FLAIR
UPENN-GBM,UPENN-GBM-00352,UPENN-GBM_UPENN-GBM-00352_T1_t1,T1
UPENN-GBM,UPENN-GBM-00352,UPENN-GBM_UPENN-GBM-00352_T1_t1gd,T1c
UPENN-GBM,UPENN-GBM-00352,UPENN-GBM_UPENN-GBM-00352_T1_t2,T2
UPENN-GBM,UPENN-GBM-00352,UPENN-GBM_UPENN-GBM-00352_T2_flair,FLAIR
UPENN-GBM,UPENN-GBM-00352,UPENN-GBM_UPENN-GBM-00352_T2_t1,T1
UPENN-GBM,UPENN-GBM-00352,UPENN-GBM_UPENN-GBM-00352_T2_t1gd,T1c
UPENN-GBM,UPENN-GBM-00352,UPENN-GBM_UPENN-GBM-00352_T2_t2,T2
UPENN-GBM,UPENN-GBM-00359,UPENN-GBM_UPENN-GBM-00359_T1_flair,FLAIR
UPENN-GBM,UPENN-GBM-00359,UPENN-GBM_UPENN-GBM-00359_T1_t1,T1
UPENN-GBM,UPENN-GBM-00359,UPENN-GBM_UPENN-GBM-00359_T1_t1gd,T1c
UPENN-GBM,UPENN-GBM-00359,UPENN-GBM_UPENN-GBM-00359_T1_t2,T2
UPENN-GBM,UPENN-GBM-00360,UPENN-GBM_UPENN-GBM-00360_T1_flair,FLAIR
UPENN-GBM,UPENN-GBM-00360,UPENN-GBM_UPENN-GBM-00360_T1_t1,T1
UPENN-GBM,UPENN-GBM-00360,UPENN-GBM_UPENN-GBM-00360_T1_t1gd,T1c
UPENN-GBM,UPENN-GBM-00360,UPENN-GBM_UPENN-GBM-00360_T1_t2,T2
UPENN-GBM,UPENN-GBM-00365,UPENN-GBM_UPENN-GBM-00365_T1_flair,FLAIR
UPENN-GBM,UPENN-GBM-00365,UPENN-GBM_UPENN-GBM-00365_T1_t1,T1
UPENN-GBM,UPENN-GBM-00365,UPENN-GBM_UPENN-GBM-00365_T1_t1gd,T1c
UPENN-GBM,UPENN-GBM-00365,UPENN-GBM_UPENN-GBM-00365_T1_t2,T2
UPENN-GBM,UPENN-GBM-00388,UPENN-GBM_UPENN-GBM-00388_T1_flair,FLAIR
UPENN-GBM,UPENN-GBM-00388,UPENN-GBM_UPENN-GBM-00388_T1_t1,T1
UPENN-GBM,UPENN-GBM-00388,UPENN-GBM_UPENN-GBM-00388_T1_t1gd,T1c
UPENN-GBM,UPENN-GBM-00388,UPENN-GBM_UPENN-GBM-00388_T1_t2,T2
UPENN-GBM,UPENN-GBM-00401,UPENN-GBM_UPENN-GBM-00401_T1_flair,FLAIR
UPENN-GBM,UPENN-GBM-00401,UPENN-GBM_UPENN-GBM-00401_T1_t1,T1
UPENN-GBM,UPENN-GBM-00401,UPENN-GBM_UPENN-GBM-00401_T1_t1gd,T1c
UPENN-GBM,UPENN-GBM-00401,UPENN-GBM_UPENN-GBM-00401_T1_t2,T2
UPENN-GBM,UPENN-GBM-00408,UPENN-GBM_UPENN-GBM-00408_T1_flair,FLAIR
UPENN-GBM,UPENN-GBM-00408,UPENN-GBM_UPENN-GBM-00408_T1_t1,T1
UPENN-GBM,UPENN-GBM-00408,UPENN-GBM_UPENN-GBM-00408_T1_t1gd,T1c
UPENN-GBM,UPENN-GBM-00408,UPENN-GBM_UPENN-GBM-00408_T1_t2,T2
UPENN-GBM,UPENN-GBM-00420,UPENN-GBM_UPENN-GBM-00420_T1_flair,FLAIR
UPENN-GBM,UPENN-GBM-00420,UPENN-GBM_UPENN-GBM-00420_T1_t1,T1
UPENN-GBM,UPENN-GBM-00420,UPENN-GBM_UPENN-GBM-00420_T1_t1gd,T1c
UPENN-GBM,UPENN-GBM-00420,UPENN-GBM_UPENN-GBM-00420_T1_t2,T2
UPENN-GBM,UPENN-GBM-00421,UPENN-GBM_UPENN-GBM-00421_T1_flair,FLAIR
UPENN-GBM,UPENN-GBM-00421,UPENN-GBM_UPENN-GBM-00421_T1_t1,T1
UPENN-GBM,UPENN-GBM-00421,UPENN-GBM_UPENN-GBM-00421_T1_t1gd,T1c
UPENN-GBM,UPENN-GBM-00421,UPENN-GBM_UPENN-GBM-00421_T1_t2,T2
UPENN-GBM,UPENN-GBM-00467,UPENN-GBM_UPENN-GBM-00467_T1_flair,FLAIR
UPENN-GBM,UPENN-GBM-00467,UPENN-GBM_UPENN-GBM-00467_T1_t1,T1
UPENN-GBM,UPENN-GBM-00467,UPENN-GBM_UPENN-GBM-00467_T1_t1gd,T1c
UPENN-GBM,UPENN-GBM-00467,UPENN-GBM_UPENN-GBM-00467_T1_t2,T2
UPENN-GBM,UPENN-GBM-00485,UPENN-GBM_UPENN-GBM-00485_T1_flair,FLAIR
UPENN-GBM,UPENN-GBM-00485,UPENN-GBM_UPENN-GBM-00485_T1_t1,T1
UPENN-GBM,UPENN-GBM-00485,UPENN-GBM_UPENN-GBM-00485_T1_t1gd,T1c
UPENN-GBM,UPENN-GBM-00485,UPENN-GBM_UPENN-GBM-00485_T1_t2,T2
UPENN-GBM,UPENN-GBM-00494,UPENN-GBM_UPENN-GBM-00494_T1_flair,FLAIR
UPENN-GBM,UPENN-GBM-00494,UPENN-GBM_UPENN-GBM-00494_T1_t1,T1
UPENN-GBM,UPENN-GBM-00494,UPENN-GBM_UPENN-GBM-00494_T1_t1gd,T1c
UPENN-GBM,UPENN-GBM-00494,UPENN-GBM_UPENN-GBM-00494_T1_t2,T2
UPENN-GBM,UPENN-GBM-00495,UPENN-GBM_UPENN-GBM-00495_T1_flair,FLAIR
UPENN-GBM,UPENN-GBM-00495,UPENN-GBM_UPENN-GBM-00495_T1_t1,T1
UPENN-GBM,UPENN-GBM-00495,UPENN-GBM_UPENN-GBM-00495_T1_t1gd,T1c
UPENN-GBM,UPENN-GBM-00495,UPENN-GBM_UPENN-GBM-00495_T1_t2,T2
UPENN-GBM,UPENN-GBM-00507,UPENN-GBM_UPENN-GBM-00507_T1_flair,FLAIR
UPENN-GBM,UPENN-GBM-00507,UPENN-GBM_UPENN-GBM-00507_T1_t1,T1
UPENN-GBM,UPENN-GBM-00507,UPENN-GBM_UPENN-GBM-00507_T1_t1gd,T1c
UPENN-GBM,UPENN-GBM-00507,UPENN-GBM_UPENN-GBM-00507_T1_t2,T2
UPENN-GBM,UPENN-GBM-00513,UPENN-GBM_UPENN-GBM-00513_T1_flair,FLAIR
UPENN-GBM,UPENN-GBM-00513,UPENN-GBM_UPENN-GBM-00513_T1_t1,T1
UPENN-GBM,UPENN-GBM-00513,UPENN-GBM_UPENN-GBM-00513_T1_t1gd,T1c
UPENN-GBM,UPENN-GBM-00513,UPENN-GBM_UPENN-GBM-00513_T1_t2,T2
UPENN-GBM,UPENN-GBM-00521,UPENN-GBM_UPENN-GBM-00521_T1_flair,FLAIR
UPENN-GBM,UPENN-GBM-00521,UPENN-GBM_UPENN-GBM-00521_T1_t1,T1
UPENN-GBM,UPENN-GBM-00521,UPENN-GBM_UPENN-GBM-00521_T1_t1gd,T1c
UPENN-GBM,UPENN-GBM-00521,UPENN-GBM_UPENN-GBM-00521_T1_t2,T2
UPENN-GBM,UPENN-GBM-00528,UPENN-GBM_UPENN-GBM-00528_T1_flair,FLAIR
UPENN-GBM,UPENN-GBM-00528,UPENN-GBM_UPENN-GBM-00528_T1_t1,T1
UPENN-GBM,UPENN-GBM-00528,UPENN-GBM_UPENN-GBM-00528_T1_t1gd,T1c
UPENN-GBM,UPENN-GBM-00528,UPENN-GBM_UPENN-GBM-00528_T1_t2,T2
UPENN-GBM,UPENN-GBM-00536,UPENN-GBM_UPENN-GBM-00536_T1_flair,FLAIR
UPENN-GBM,UPENN-GBM-00536,UPENN-GBM_UPENN-GBM-00536_T1_t1,T1
UPENN-GBM,UPENN-GBM-00536,UPENN-GBM_UPENN-GBM-00536_T1_t1gd,T1c
UPENN-GBM,UPENN-GBM-00536,UPENN-GBM_UPENN-GBM-00536_T1_t2,T2
UPENN-GBM,UPENN-GBM-00538,UPENN-GBM_UPENN-GBM-00538_T1_flair,FLAIR
UPENN-GBM,UPENN-GBM-00538,UPENN-GBM_UPENN-GBM-00538_T1_t1,T1
UPENN-GBM,UPENN-GBM-00538,UPENN-GBM_UPENN-GBM-00538_T1_t1gd,T1c
UPENN-GBM,UPENN-GBM-00538,UPENN-GBM_UPENN-GBM-00538_T1_t2,T2
UPENN-GBM,UPENN-GBM-00539,UPENN-GBM_UPENN-GBM-00539_T1_flair,FLAIR
UPENN-GBM,UPENN-GBM-00539,UPENN-GBM_UPENN-GBM-00539_T1_t1,T1
UPENN-GBM,UPENN-GBM-00539,UPENN-GBM_UPENN-GBM-00539_T1_t1gd,T1c
UPENN-GBM,UPENN-GBM-00539,UPENN-GBM_UPENN-GBM-00539_T1_t2,T2
UPENN-GBM,UPENN-GBM-00549,UPENN-GBM_UPENN-GBM-00549_T1_flair,FLAIR
UPENN-GBM,UPENN-GBM-00549,UPENN-GBM_UPENN-GBM-00549_T1_t1,T1
UPENN-GBM,UPENN-GBM-00549,UPENN-GBM_UPENN-GBM-00549_T1_t1gd,T1c
UPENN-GBM,UPENN-GBM-00549,UPENN-GBM_UPENN-GBM-00549_T1_t2,T2
UPENN-GBM,UPENN-GBM-00554,UPENN-GBM_UPENN-GBM-00554_T1_flair,FLAIR
UPENN-GBM,UPENN-GBM-00554,UPENN-GBM_UPENN-GBM-00554_T1_t1,T1
UPENN-GBM,UPENN-GBM-00554,UPENN-GBM_UPENN-GBM-00554_T1_t1gd,T1c
UPENN-GBM,UPENN-GBM-00554,UPENN-GBM_UPENN-GBM-00554_T1_t2,T2
UPENN-GBM,UPENN-GBM-00556,UPENN-GBM_UPENN-GBM-00556_T1_flair,FLAIR
UPENN-GBM,UPENN-GBM-00556,UPENN-GBM_UPENN-GBM-00556_T1_t1,T1
UPENN-GBM,UPENN-GBM-00556,UPENN-GBM_UPENN-GBM-00556_T1_t1gd,T1c
UPENN-GBM,UPENN-GBM-00556,UPENN-GBM_UPENN-GBM-00556_T1_t2,T2
UPENN-GBM,UPENN-GBM-00557,UPENN-GBM_UPENN-GBM-00557_T1_flair,FLAIR
UPENN-GBM,UPENN-GBM-00557,UPENN-GBM_UPENN-GBM-00557_T1_t1,T1
UPENN-GBM,UPENN-GBM-00557,UPENN-GBM_UPENN-GBM-00557_T1_t1gd,T1c
UPENN-GBM,UPENN-GBM-00557,UPENN-GBM_UPENN-GBM-00557_T1_t2,T2
UPENN-GBM,UPENN-GBM-00562,UPENN-GBM_UPENN-GBM-00562_T1_flair,FLAIR
UPENN-GBM,UPENN-GBM-00562,UPENN-GBM_UPENN-GBM-00562_T1_t1,T1
UPENN-GBM,UPENN-GBM-00562,UPENN-GBM_UPENN-GBM-00562_T1_t1gd,T1c
UPENN-GBM,UPENN-GBM-00562,UPENN-GBM_UPENN-GBM-00562_T1_t2,T2
UPENN-GBM,UPENN-GBM-00593,UPENN-GBM_UPENN-GBM-00593_T1_flair,FLAIR
UPENN-GBM,UPENN-GBM-00593,UPENN-GBM_UPENN-GBM-00593_T1_t1,T1
UPENN-GBM,UPENN-GBM-00593,UPENN-GBM_UPENN-GBM-00593_T1_t1gd,T1c
UPENN-GBM,UPENN-GBM-00593,UPENN-GBM_UPENN-GBM-00593_T1_t2,T2
UPENN-GBM,UPENN-GBM-00597,UPENN-GBM_UPENN-GBM-00597_T1_flair,FLAIR
UPENN-GBM,UPENN-GBM-00597,UPENN-GBM_UPENN-GBM-00597_T1_t1,T1
UPENN-GBM,UPENN-GBM-00597,UPENN-GBM_UPENN-GBM-00597_T1_t1gd,T1c
UPENN-GBM,UPENN-GBM-00597,UPENN-GBM_UPENN-GBM-00597_T1_t2,T2
UPENN-GBM,UPENN-GBM-00630,UPENN-GBM_UPENN-GBM-00630_T2_flair,FLAIR
UPENN-GBM,UPENN-GBM-00630,UPENN-GBM_UPENN-GBM-00630_T2_t1,T1
UPENN-GBM,UPENN-GBM-00630,UPENN-GBM_UPENN-GBM-00630_T2_t1gd,T1c
UPENN-GBM,UPENN-GBM-00630,UPENN-GBM_UPENN-GBM-00630_T2_t2,T2
